seed,r,low_steps,low_distance_reference,transfer_distance_reference,minimizer_mismatch_reference,initial_certificate_rate_transfer_bound,current_certificate_transfer_bound
11,0.05,1,1.005350427827275,0.9979201869113343,0.11454137912377643,286.46693747426093,9.45075485490531
11,0.05,2,0.9399283633955687,0.9328150159204097,0.11454137912377643,143.29073942669237,7.958590315410113
11,0.05,3,0.8690524972157369,0.8624783289598478,0.11454137912377643,95.56534007750284,6.585374800365945
11,0.05,4,0.7971660616945102,0.7913966483883144,0.11454137912377643,71.70264040290807,5.374408419360149
11,0.05,5,0.7273926536353875,0.7227058925201922,0.11454137912377643,57.385020598151215,4.325383635111652
11,0.05,6,0.6617477509010139,0.6584297491738892,0.11454137912377643,47.83994072831331,3.434557564002375
11,0.05,7,0.6012603804068035,0.5996058575072167,0.11454137912377643,41.022026535571946,2.7021021366658613
11,0.05,8,0.5461244570687812,0.5464362410012108,0.11454137912377643,35.908590891015926,2.1275867954771392
11,0.05,9,0.49591385440936675,0.4985017199296037,0.11454137912377643,31.93147427858346,1.7047137452424153
11,0.05,10,0.4498358199955695,0.45501677805376917,0.11454137912377643,28.749780988637493,1.4168459665267399
11,0.05,11,0.4069756789222492,0.41507783671249937,0.11454137912377643,26.14657738777261,1.2342805682166045
11,0.05,12,0.3664921621183211,0.3778633845973418,0.11454137912377643,23.97724105371854,1.1184945818269003
11,0.05,13,0.3277422443668101,0.3427639184409111,0.11454137912377643,22.141648771057405,1.0335956892816793
11,0.05,14,0.29033488471271923,0.30944058205138086,0.11454137912377643,20.56828395734786,0.9552184971110449
11,0.05,15,0.25412741982698056,0.2778260363442884,0.11454137912377643,19.204701118799587,0.8714759757376034
11,0.05,16,0.2191846271902161,0.2480869983832308,0.11454137912377643,18.01156613506985,0.7795179902465645
11,0.05,17,0.18572039141934174,0.22056637598901774,0.11454137912377643,16.958799972955372,0.681790310701403
11,0.05,18,0.15403873387610353,0.19571669017915858,0.11454137912377643,16.02300782885362,0.5833814174159485
11,0.05,19,0.12448799971744191,0.17402802281975957,0.11454137912377643,15.185720120973102,0.4904385156312569
11,0.05,20,0.09744277819227119,0.1559459621096257,0.11454137912377643,14.432161183880636,0.4093170075916591
11,0.05,21,0.07333964991758975,0.1417739672951219,0.11454137912377643,13.7503697646065,0.34597827251695024
11,0.05,22,0.052835105310686054,0.13156956823981567,0.11454137912377643,13.130559383448194,0.3046217038023802
11,0.05,23,0.03725428577760398,0.12507411310538594,0.11454137912377643,12.56464555717322,0.28466439770787055
11,0.05,24,0.029196164145448768,0.1217292733310081,0.11454137912377643,12.04589121642116,0.27934548621344446
11,0.05,25,0.030207471469120388,0.12079130370979596,0.11454137912377643,11.568637222929263,0.2801725337843949
11,0.05,26,0.03664458038709135,0.12148532715934748,0.11454137912377643,11.128095075090592,0.28173941694942994
11,0.05,27,0.044323303913201446,0.12312487049593182,0.11454137912377643,10.720185678943672,0.28220675766421444
11,0.05,28,0.05138971343463011,0.1251658815719324,0.11454137912377643,10.341412668235819,0.28177252515189194
11,0.05,29,0.057197521180712155,0.12720967316961934,0.11454137912377643,9.988761934128506,0.281241549641853
11,0.05,30,0.06154011749703625,0.12898212491894165,0.11454137912377643,9.659621248961683,0.2811387988093923
11,0.05,31,0.06437942428938792,0.13030837832616116,0.11454137912377643,9.351715446708846,0.28136961689108897
11,0.05,32,0.06575209745219174,0.1310912822857464,0.11454137912377643,9.063053757096814,0.2813186383571976
11,0.05,33,0.0657348727597064,0.13129508096607428,0.11454137912377643,8.791886715340056,0.2801642678638723
11,0.05,34,0.06443068600450746,0.13093312183025133,0.11454137912377643,8.536670676039575,0.27717983068494506
11,0.05,35,0.06196213584882955,0.1300578792382089,0.11454137912377643,8.296038410413411,0.27190692565529884
11,0.05,36,0.05846727090185256,0.12875197448480882,0.11454137912377643,8.068774603988699,0.26420020758680085
11,0.05,37,0.054095884774339596,0.12711943195702585,0.11454137912377643,7.853795327640998,0.2541902869628646
11,0.05,38,0.0490058440274444,0.1252768805301294,0.11454137912377643,7.650130750048439,0.24221106335341838
11,0.05,39,0.04335957042280183,0.12334474106061391,0.11454137912377643,7.45691050976832,0.2287228409784478
11,0.05,40,0.03732112085692477,0.12143866856289036,0.11454137912377643,7.273351281502206,0.21424927877323952
11,0.05,41,0.03105470326058016,0.11966168325338039,0.11454137912377643,7.0987461619320005,0.19933845721753723
11,0.05,42,0.024726592152100678,0.11809754000312754,0.11454137912377643,6.932455571865138,0.18455676131172885
11,0.05,43,0.01851667350877332,0.1168059230776519,0.11454137912377643,6.773899427847898,0.170531444399658
11,0.05,44,0.01266568811651056,0.11581996430615886,0.11454137912377643,6.622550381285985,0.1580787484513256
11,0.05,45,0.007701658410331325,0.11514634139137894,0.11454137912377643,6.477927959015714,0.1484613441042541
11,0.05,46,0.005451082008971027,0.11476785319922032,0.11454137912377643,6.3395934681484984,0.1434939521444044
11,0.05,47,0.0076258123665091,0.11464799013256062,0.11454137912377643,6.207145551360738,0.1441879867087556
11,0.05,48,0.011360718382874635,0.11473674222226984,0.11454137912377643,6.080216297772468,0.14894883548289303
11,0.05,49,0.015041161613408568,0.1149767966101355,0.11454137912377643,5.958467830044944,0.15531359449258164
11,0.05,50,0.018278177804199113,0.11530937192832148,0.11454137912377643,5.84158930102652,0.16173497935952746
11,0.05,51,0.020946868368770584,0.1156791542348889,0.11454137912377643,5.7292942437343095,0.16744949071560145
11,0.05,52,0.022998453480350723,0.11603804888215143,0.11454137912377643,5.621318227107184,0.1720811423359232
11,0.05,53,0.024418122042306225,0.1163476755713505,0.11454137912377643,5.517416777145233,0.17543938237672524
11,0.05,54,0.025212055708900658,0.11658067835263797,0.11454137912377643,5.417363529033724,0.17743362525208872
11,0.05,55,0.025402089006632177,0.11672099985071835,0.11454137912377643,5.3209485808535435,0.17803711170792705
11,0.05,56,0.02502276980790178,0.11676329842850972,0.11454137912377643,5.227977023679798,0.1772710647579876
11,0.05,57,0.024119243715663433,0.11671169051101403,0.11454137912377643,5.138267626406885,0.1751971929357128
11,0.05,58,0.022745413713790654,0.11657799504688804,0.11454137912377643,5.051651656626142,0.1719132946884058
11,0.05,59,0.020962173248269975,0.11637965252323108,0.11454137912377643,4.967971821414237,0.16754950441968147
11,0.05,60,0.018835650488211824,0.11613748937082254,0.11454137912377643,4.88708131404273,0.1622640767166731
11,0.05,61,0.016435471992565284,0.11587349720846181,0.11454137912377643,4.808842954453895,0.15623846566322014
11,0.05,62,0.013833108750454385,0.11560878977772472,0.11454137912377643,4.733128412916312,0.1496722786637685
11,0.05,63,0.01110045867617609,0.11536188313392157,0.11454137912377643,4.659817507618018,0.14278009026926597
11,0.05,64,0.008309121257910647,0.11514741339151952,0.11454137912377643,4.588797568110295,0.1357963621472411
11,0.05,65,0.005532382508581427,0.11497536155382722,0.11454137912377643,4.519962857510503,0.12901433852193955
11,0.05,66,0.0028659536254133713,0.11485080136215528,0.11454137912377643,4.453214047231916,0.12301600271679365
11,0.05,67,0.0009100175929945406,0.11477413152605744,0.11454137912377643,4.38845773875269,0.12007791015513163
11,0.05,68,0.0025188361232225225,0.11474170695234825,0.11454137912377643,4.325606027581676,0.12293962703560198
11,0.05,69,0.004679363527376356,0.11474675185059026,0.11454137912377643,4.264576105140257,0.1276325359073935
11,0.05,70,0.006647752710566198,0.11478042443477071,0.11454137912377643,4.205289894768594,0.13217940362170233
11,0.05,71,0.008357256202529903,0.11483290774022148,0.11454137912377643,4.147673718491906,0.13617181007394796
11,0.05,72,0.009780289469479512,0.11489441982045089,0.11454137912377643,4.091657991556238,0.13948089479961676
11,0.05,73,0.010902242683940027,0.11495606357882113,0.11454137912377643,4.037176942070861,0.14205602779210152
11,0.05,74,0.011717324742916311,0.11501046611286828,0.11454137912377643,3.984168353382387,0.14388220365526627
11,0.05,75,0.012227185870470447,0.11505218541688378,0.11454137912377643,3.9325733270589387,0.14496673139450694
11,0.05,76,0.012440089099227383,0.11507788608694318,0.11454137912377643,3.8823360645861076,0.14533376734730624
11,0.05,77,0.012370192791224031,0.11508630434869277,0.11454137912377643,3.8334036660736097,0.1450216169494347
11,0.05,78,0.012036836090560502,0.11507803633000058,0.11454137912377643,3.785725944446048,0.1440811520552981
11,0.05,79,0.011463803816200142,0.11505519248839806,0.11454137912377643,3.739255253745766,0.1425746177440813
11,0.05,80,0.010678577505902329,0.11502096594020632,0.11454137912377643,3.693946330312991,0.14057446661162054
11,0.05,81,0.00971159803138087,0.1149791634322888,0.11454137912377643,3.649756145730408,0.13816211440788342
11,0.05,82,0.008595589396111792,0.11493374505695296,0.11454137912377643,3.606643770527888,0.13542680605846044
11,0.05,83,0.007365045648476121,0.11488841281501383,0.11454137912377643,3.564570247739887,0.13246525443426838
11,0.05,84,0.006056131338326454,0.11484627930421171,0.11454137912377643,3.523498475494457,0.12938373649243778
11,0.05,85,0.004707760910195639,0.11480963700191915,0.11454137912377643,3.483393097890096,0.1263071496990509
11,0.05,86,0.003366859291134143,0.11477983696007145,0.11454137912377643,3.444220403485837,0.1234084715114424
11,0.05,87,0.00211391629968649,0.11475727449960883,0.11454137912377643,3.4059482307920197,0.12099789732734242
11,0.05,88,0.001222503508313342,0.11474146984768929,0.11454137912377643,3.3685458802048807,0.11969418710526877
11,0.05,89,0.0014312582562337442,0.11473122446427335,0.11454137912377643,3.3319840318781266,0.12007725419517301
11,0.05,90,0.0023515534547484717,0.11472482948131489,0.11454137912377643,3.296234669069745,0.12163486438900524
11,0.05,91,0.0033428829114985842,0.11472030120211697,0.11454137912377643,3.261271006542866,0.12355611112512417
11,0.05,92,0.0042585278444592515,0.11471561959135412,0.11454137912377643,3.227067423636137,0.12544707769404953
11,0.05,93,0.005054952817163987,0.11470894852739813,0.11454137912377643,3.193599401652133,0.12714508516687942
11,0.05,94,0.0057121685203204335,0.11469882063831709,0.11454137912377643,3.160843465242257,0.12857404853958695
11,0.05,95,0.006219478508029827,0.11468427422819265,0.11454137912377643,3.1287771274936413,0.12969397249734893
11,0.05,96,0.006571776340514915,0.11466493468890263,0.11454137912377643,3.097378838448122,0.13048335341397857
11,0.05,97,0.0067682365221303125,0.11464103759497578,0.11454137912377643,3.066627936805603,0.1309324655998815
11,0.05,98,0.006811688302620382,0.11461339520833833,0.11454137912377643,3.03650460458436,0.1310406264258711
11,0.05,99,0.00670820502698926,0.1145833122333489,0.11454137912377643,3.0069898245292026,0.13081503158874397
11,0.05,100,0.0064667564085741916,0.11455246021465573,0.11454137912377643,2.978065340075148,0.13027018961982115
11,0.05,101,0.006098868945114636,0.11452272278920828,0.11454137912377643,2.949713617689491,0.1294275155087907
11,0.05,102,0.005618276476988559,0.11449602589915121,0.11454137912377643,2.9219178114290427,0.12831488278588898
11,0.05,103,0.005040560939484896,0.11447416786927855,0.11454137912377643,2.8946617295620016,0.1269660750008437
11,0.05,104,0.004382798387290025,0.11445866383708359,0.11454137912377643,2.86792980311548,0.12542019945998645
11,0.05,105,0.003663251738862711,0.114450617385202,0.11454137912377643,2.841707056220321,0.1237213058712533
11,0.05,106,0.0029012306041743168,0.11445062948612762,0.11454137912377643,2.8159790781345047,0.1219189099228304
11,0.05,107,0.0021175682798872096,0.11445875128076499,0.11454137912377643,2.790731996835339,0.1200718160634216
11,0.05,108,0.001338156014380128,0.11447448313549538,0.11454137912377643,2.76595245407875,0.11826615995380152
11,0.05,109,0.0006253296670019705,0.11449681827551945,0.11454137912377643,2.741627581831457,0.11671785830214725
11,0.05,110,0.000478334628274679,0.11452432549339393,0.11454137912377643,2.7177449799886597,0.11625913914759871
11,0.05,111,0.00107297716211721,0.11455526234094224,0.11454137912377643,2.694292695296183,0.11731567874741383
11,0.05,112,0.0017119319887597012,0.11458770808771834,0.11454137912377643,2.671259201401787,0.11874654431811311
11,0.05,113,0.002299985468272446,0.11461970470134951,0.11454137912377643,2.6486333799656983,0.12013569334754265
11,0.05,114,0.0028160187193974214,0.11464939417802048,0.11454137912377643,2.6264045027653307,0.12137981129672781
11,0.05,115,0.003249157089325313,0.11467514161812009,0.11454137912377643,2.604562214733665,0.12243587506955961
11,0.05,116,0.0035926026098698086,0.11469563531404726,0.11454137912377643,2.5830965178749588,0.12328019140893179
11,0.05,117,0.003842402910241745,0.11470995755722369,0.11454137912377643,2.5619977560052907,0.12389929025755132
11,0.05,118,0.003997061925229138,0.11471762262454793,0.11454137912377643,2.5412566002690067,0.12428713584640298
11,0.05,119,0.004057336848750209,0.11471858122272,0.11454137912377643,2.5208640353854332,0.1244439755706027
11,0.05,120,0.004026068596900396,0.11471319332801141,0.11454137912377643,2.500811346583253,0.12437566796908943
11,0.05,121,0.003908002807403167,0.11470217367007904,0.11454137912377643,2.4810901071827614,0.12409313642922974
11,0.05,122,0.0037095894930564625,0.11468651592370423,0.11454137912377643,2.4616921667888354,0.12361182696942642
11,0.05,123,0.0034387602155375057,0.11466740288971503,0.11454137912377643,2.442609640059851,0.12295112932009135
11,0.05,124,0.0031046861214416026,0.11464611051175978,0.11454137912377643,2.4238348960200438,0.12213375525111553
11,0.05,125,0.0027175226161781935,0.11462391348466731,0.11454137912377643,2.405360547884874,0.12118508876985527
11,0.05,126,0.002288148838149944,0.11460199950788598,0.11454137912377643,2.387179443370897,0.1201325458237511
11,0.05,127,0.0018279155221825195,0.11458139801524907,0.11454137912377643,2.369284655463439,0.11900503572882301
11,0.05,128,0.0013484363120161878,0.11456292760061562,0.11454137912377643,2.3516694736170356,0.11783283052898189
11,0.05,129,0.0008615861108232495,0.11454716451637911,0.11454137912377643,2.33432739536515,0.11664940859068028
11,0.05,130,0.0003814273115804627,0.11453443272030014,0.11454137912377643,2.3172521183171395,0.11551120511122973
11,0.05,131,0.00013128487923125208,0.11452481415400866,0.11454137912377643,2.3004375325217703,0.1150407245153623
11,0.05,132,0.000555941470870015,0.11451817640224644,0.11454137912377643,2.283877713177846,0.1159783799572484
11,0.05,133,0.0009705140210679431,0.11451421371992385,0.11454137912377643,2.26756691367368,0.11697018271972036
11,0.05,134,0.0013473601515465183,0.11451249669539455,0.11454137912377643,2.251499558938233,0.1178788923430613
11,0.05,135,0.001678768394487347,0.11451252556685589,0.11454137912377643,2.2356702390877556,0.11867800890428237
11,0.05,136,0.0019592644052206015,0.1145137824030318,0.11454137912377643,2.220073703352726,0.11935252527407052
11,0.05,137,0.0021849042705267795,0.11451577793936628,0.11454137912377643,2.204704854270763,0.11989254620923481
11,0.05,138,0.002353165987657435,0.1145180897385413,0.11454137912377643,2.1895587421320166,0.12029213875943384
11,0.05,139,0.002462905095438461,0.11452038941425327,0.11454137912377643,2.174630559664332,0.12054895247199124
11,0.05,140,0.002514304596470936,0.11452245780976895,0.11454137912377643,2.159915636946185,0.12066397922288924
11,0.05,141,0.0025088059360988857,0.11452418815299568,0.11454137912377643,2.145409436536097,0.12064131822542083
11,0.05,142,0.002449019465334866,0.11452557822617887,0.11454137912377643,2.131107548807841,0.12048791419675488
11,0.05,143,0.002338616267339156,0.11452671341860964,0.11454137912377643,2.117005687481379,0.1202132655851448
11,0.05,144,0.0021822047617855635,0.11452774312518421,0.11454137912377643,2.103099685340007,0.11982911142405092
11,0.05,145,0.001985196771438703,0.11452885328649055,0.11454137912377643,2.0893854901247226,0.11934911438358031
11,0.05,146,0.001753669824870236,0.1145302379347835,0.11454137912377643,2.075859160597319,0.11878857247998378
11,0.05,147,0.0014942376963937838,0.1145320724334592,0.11454137912377643,2.0625168627641655,0.1181642292333576
11,0.05,148,0.0012139576655306157,0.11453449071199508,0.11454137912377643,2.049354866253082,0.1174943672416642
11,0.05,149,0.0009203673160792213,0.11453756825385507,0.11454137912377643,2.0363695408361067,0.11679979962490852
11,0.05,150,0.0006220806328306616,0.11454131195010005,0.11454137912377643,2.0235573530913578,0.11610842052902876
11,0.05,151,0.000333273629570861,0.11454565724807189,0.11454137912377643,2.0109148631975327,0.11547953305021415
11,0.05,152,0.00014286317428883496,0.11455047236211269,0.11454137912377643,1.998438721854942,0.11515276960990647
11,0.05,153,0.00031739590725167303,0.1145555687246071,0.11454137912377643,1.9861256673272873,0.11546317095596524
11,0.05,154,0.0005699911467958094,0.11456071638287556,0.11454137912377643,1.973972522598693,0.11600718359138154
11,0.05,155,0.0008099825964531441,0.1145656627196152,0.11454137912377643,1.9619761926407904,0.11655578886441585
11,0.05,156,0.0010255311934966162,0.11457015270633543,0.11454137912377643,1.950133661784912,0.11705797563370487
11,0.05,157,0.0012113903418633023,0.11457394889099157,0.11454137912377643,1.938441991194714,0.11749458361968156
11,0.05,158,0.001364197509470687,0.11457684946033843,0.11454137912377643,1.9268983164347713,0.11785515964362812
11,0.05,159,0.001481737089757724,0.1145787029813291,0.11454137912377643,1.9154998451309284,0.1181333377571175
11,0.05,160,0.0015627513581292476,0.11457941878334361,0.11454137912377643,1.9042438547183838,0.1183255423875486
11,0.05,161,0.0016068647845627882,0.11457897235868243,0.11454137912377643,1.8931276902736967,0.11843050610840102
11,0.05,162,0.0016145316871704772,0.1145774055956083,0.11454137912377643,1.8821487624270923,0.11844902501952309
11,0.05,163,0.001586983085540359,0.11457482208061719,0.11454137912377643,1.871304545351612,0.11838378442344138
11,0.05,164,0.0015261656670616443,0.11457137808272942,0.11454137912377643,1.8605925748258323,0.11823919866585855
11,0.05,165,0.0014346713033685846,0.11456727013636687,0.11454137912377643,1.850010446367032,0.11802124555118358
11,0.05,166,0.0013156577899822593,0.11456272035201145,0.11454137912377643,1.8395558134318317,0.11773729042450666
11,0.05,167,0.0011727627856298701,0.1145579606946099,0.11454137912377643,1.829226385681484,0.11739590356063072
11,0.05,168,0.0010100144273597685,0.11455321747628765,0.11454137912377643,1.8190199273091168,0.11700668468969046
11,0.05,169,0.0008317455793698881,0.1145486972181652,0.11454137912377643,1.8089342554263632,0.11658013257747021
11,0.05,170,0.0006425309220786378,0.11454457485902127,0.11454137912377643,1.7989672385069362,0.1161276807701645
11,0.05,171,0.0004472258624471247,0.11454098504526079,0.11454137912377643,1.7891167948848126,0.11566240825058008
11,0.05,172,0.0002516562804857955,0.1145380169503684,0.11454137912377643,1.7793808913048066,0.11520366921129119
11,0.05,173,7.596541261456301e-05,0.11453571276817558,0.11454137912377643,1.7697575415234132,0.11482811648245497
11,0.05,174,0.00015326090892462557,0.11453406972828138,0.11454137912377643,1.760244804957898,0.11495089959247792
11,0.05,175,0.00032658320237622166,0.11453304521720169,0.11454137912377643,1.7508407853817032,0.11534128070491445
11,0.05,176,0.0004906367343509867,0.11453256437474264,0.11454137912377643,1.7415436296643285,0.11573091776822125
11,0.05,177,0.0006387463094867271,0.1145325293858155,0.11454137912377643,1.73235152655393,0.11608742175078669
11,0.05,178,0.0007676974719779713,0.11453282961133356,0.11454137912377643,1.7232627055009515,0.11639971896036687
11,0.05,179,0.000875214873786315,0.11453335169933256,0.11454137912377643,1.7142754355211909,0.1166611397443431
11,0.05,180,0.0009596803657208482,0.11453398888418007,0.11454137912377643,1.7053880240967607,0.11686719123394983
11,0.05,181,0.0010200757112199222,0.11453464880742933,0.11454137912377643,1.6965988161134846,0.11701505812263746
11,0.05,182,0.0010559610862331903,0.11453525936409094,0.11454137912377643,1.6879061928333212,0.11710344028673032
11,0.05,183,0.0010674550742802151,0.11453577227574237,0.11454137912377643,1.6793085709004822,0.11713246458317891
11,0.05,184,0.001055207862779955,0.11453616429882198,0.11454137912377643,1.6708044013799568,0.11710360343472663
11,0.05,185,0.0010203656795654433,0.11453643617506376,0.11454137912377643,1.6623921688272205,0.11701958018866282
11,0.05,186,0.0009645265269714117,0.11453660960569537,0.11454137912377643,1.6540703903879548,0.1168842558172246
11,0.05,187,0.0008896880826812547,0.11453672266924299,0.11454137912377643,1.645837614926649,0.11670249699681196
11,0.05,188,0.0007981890408106938,0.11453682419599764,0.11454137912377643,1.6376924221830167,0.11648002810289157
11,0.05,189,0.0006926454213487294,0.1145369676561881,0.11454137912377643,1.62963342195519,0.11622327119173627
11,0.05,190,0.0005758836287123197,0.11453720511385064,0.11454137912377643,1.6216592533087089,0.11593917978487694
11,0.05,191,0.0004508725983854755,0.11453758174851578,0.11454137912377643,1.6137685838103584,0.11563507675210188
11,0.05,192,0.0003206597689747334,0.11453813135976389,0.11454137912377643,1.6059601087859492,0.11531852648660353
11,0.05,193,0.00018833299922484616,0.11453887315556906,0.11454137912377643,1.5982325506011712,0.11499741563869977
11,0.05,194,5.74015942092272e-05,0.11453980999574127,0.11454137912377643,1.5905846579646896,0.11468343187890377
11,0.05,195,7.260386254246506e-05,0.1145409281286583,0.11454137912377643,1.583015205252685,0.1147260935759982
11,0.05,196,0.00019386662522925295,0.11454219833414583,0.11454137912377643,1.575522991854068,0.11501762157597145
11,0.05,197,0.0003068535336961198,0.11454357827754744,0.11454137912377643,1.5681068415356403,0.11529100335299068
11,0.05,198,0.00040907185302887063,0.11454501579717606,0.11454137912377643,1.5607656018264895,0.11553836295790515
11,0.05,199,0.0004986511552010269,0.11454645279420407,0.11454137912377643,1.553498143420948,0.11575494496876126
11,0.05,200,0.0005740954622160449,0.11454782937248888,0.11454137912377643,1.5463033595994622,0.11593709202608747
11,0.05,201,0.0006342785234639749,0.11454908788491118,0.11454137912377643,1.5391801656667474,0.11608209870589939
11,0.05,202,0.0006784495345905148,0.11455017657911992,0.11454137912377643,1.5321274984066338,0.11618819396913012
11,0.05,203,0.0007062338851109275,0.11455105259376555,0.11454137912377643,1.5251443155530235,0.11625453063159046
11,0.05,204,0.0007176266856341677,0.11455168412964604,0.11454137912377643,1.5182295952764095,0.11628116261911502
11,0.05,205,0.0007129789214695678,0.11455205170132092,0.11454137912377643,1.5113823356854212,0.1162690064916223
11,0.05,206,0.0006929766630219135,0.1145521484562952,0.11454137912377643,1.504601554342889,0.11621978753236235
11,0.05,207,0.0006586140313573806,0.11455197962409337,0.11454137912377643,1.4978862877959367,0.11613597208766327
11,0.05,208,0.0006111608072502184,0.11455156122079406,0.11454137912377643,1.4912355911196282,0.11602068870620527
11,0.05,209,0.0005521257734580549,0.11455091818172898,0.11454137912377643,1.484648537473715,0.11587764167069411
11,0.05,210,0.00048321721247413554,0.11455008212360102,0.11454137912377643,1.4781242176720486,0.11571102263827035
11,0.05,211,0.00040630279946198797,0.11454908894653153,0.11454137912377643,1.4716617397642369,0.11552543191322005
11,0.05,212,0.00032337382620291794,0.11454797647745445,0.11454137912377643,1.4652602286291405,0.1153258404753489
11,0.05,213,0.00023653036400468508,0.11454678233121507,0.11454137912377643,1.4589188255798196,0.11511770763850876
11,0.05,214,0.00014807780474248905,0.11454554212822432,0.11454137912377643,1.4526366879795576,0.11490787655665108
11,0.05,215,6.18241104970506e-05,0.11454428816182011,0.11454137912377643,1.4464129888686004,0.11471262517077345
11,0.05,216,3.901619122198109e-05,0.11454304855919184,0.11454137912377643,1.4402469166012632,0.11466935849265496
11,0.05,217,0.0001166382758730839,0.11454184693135397,0.11454137912377643,1.434137674493072,0.11483649683896816
11,0.05,218,0.00019376341054716035,0.11454070246428781,0.11454137912377643,1.4280844804776167,0.11501753346977796
11,0.05,219,0.00026458310973295334,0.1145396303683393,0.11454137912377643,1.4220865667728046,0.11518622863838573
11,0.05,220,0.0003273715912037934,0.11453864257862331,0.11454137912377643,1.416143179556218,0.11533652413186259
11,0.05,221,0.0003809405156748869,0.11453774858681179,0.11454137912377643,1.410253578649284,0.11546504184617541
11,0.05,222,0.00042440862888089184,0.11453695628441837,0.11454137912377643,1.4044170372099798,0.11556946535063736
11,0.05,223,0.00045716513785913436,0.1145362727086341,0.11454137912377643,1.3986328414338085,0.11564823300655658
11,0.05,224,0.00047886066585240734,0.11453570460211353,0.11454137912377643,1.3929002902627816,0.11570045216415471
11,0.05,225,0.0004894011263170333,0.11453525872537425,0.11454137912377643,1.387218695102164,0.11572586145186872
11,0.05,226,0.0004889390399037782,0.11453494189173528,0.11454137912377643,1.3815873795447373,0.11572480077449987
11,0.05,227,0.0004778609266902112,0.1145347607269222,0.11454137912377643,1.3760056791023543,0.1156981774421488
11,0.05,228,0.0004567705984769655,0.11453472118564868,0.11454137912377643,1.3704729409445535,0.11564742502208852
11,0.05,229,0.00042646862709398725,0.11453482788306076,0.11454137912377643,1.364988523644026,0.11557445439162156
11,0.05,230,0.0003879284925423845,0.11453508331785635,0.11454137912377643,1.3595517969287207,0.11548159780005234
11,0.05,231,0.00034227008700213286,0.11453548707482744,0.11454137912377643,1.3541621414403875,0.115371547744928
11,0.05,232,0.0002907314891222749,0.11453603509693261,0.11454137912377643,1.3488189484993676,0.11524729402869192
11,0.05,233,0.00023464053183822883,0.11453671911098594,0.11454137912377643,1.343521619875438,0.11511206670532273
11,0.05,234,0.00017539005840640332,0.11453752627754227,0.11454137912377643,1.3382695675645335,0.11496930977548254
11,0.05,235,0.00011443438677050287,0.11453843911606407,0.11454137912377643,1.3330622135711687,0.11482280720435664
11,0.05,236,5.347623584456e-05,0.11453943573289742,0.11454137912377643,1.3278989896963915,0.11467809114240933
11,0.05,237,1.3473723422554006e-05,0.11454049035414388,0.11454137912377643,1.3227793373311063,0.11459049824456796
11,0.05,238,6.741296076915218e-05,0.11454157414041402,0.11454137912377643,1.3177027072546048,0.11470698447632187
11,0.05,239,0.00012196663741146121,0.11454265623777854,0.11454137912377643,1.312668559438158,0.11483719900538221
11,0.05,240,0.00017226162508786097,0.11454370500077404,0.11454137912377643,1.3076763628535146,0.11495840833992825
11,0.05,241,0.00021717405023028263,0.1145446893104143,0.11454137912377643,1.3027255952861714,0.11506698264365507
11,0.05,242,0.00025586812764310477,0.11454557990362159,0.11454137912377643,1.2978157431532689,0.11516067799234223
11,0.05,243,0.0002876963462907158,0.11454635063057482,0.11454137912377643,1.292946301325987,0.1152378386686179
11,0.05,244,0.00031218971873799646,0.1145469795628741,0.11454137912377643,1.2881167729563059,0.11529728182276906
11,0.05,245,0.0003290573858725285,0.11454744988734193,0.11454137912377643,1.2833266693080099,0.11533827278236954
11,0.05,246,0.0003381854088472829,0.1145477505365275,0.11454137912377643,1.2785755095918137,0.11536051440210632
11,0.05,247,0.0003396327042221925,0.11454787652607096,0.11454137912377643,1.2738628208044938,0.11536413434597698
11,0.05,248,0.00033362371012881823,0.11454782898940548,0.11454137912377643,1.26918813757191,0.11534966612657575
11,0.05,249,0.0003205378469017017,0.11454761492021073,0.11454137912377643,1.2645510019958133,0.11531802296751495
11,0.05,250,0.00030089602778442275,0.11454724665109689,0.11454137912377643,1.2599509635043251,0.1152704646919118
11,0.05,251,0.00027534457774136876,0.11454674111195404,0.11454137912377643,1.2553875787059963,0.11520855834357174
11,0.05,252,0.00024463698424991807,0.11454611892233471,0.11454137912377643,1.2508604112473367,0.11513413352600835
11,0.05,253,0.00020961395210167554,0.11454540337861677,0.11454137912377643,1.2463690316737257,0.11504923364364372
11,0.05,254,0.00017118227996020685,0.11454461939837884,0.11454137912377643,1.2419130172936077,0.11495606446677066
11,0.05,255,0.0001302931659378308,0.11454379248165507,0.11454137912377643,1.237491952045883,0.11485694206667976
11,0.05,256,8.792096236316698e-05,0.11454294774209131,0.11454137912377643,1.233105426370406,0.1147542452908301
11,0.05,257,4.5047298265311305e-05,0.11454210905133196,0.11454137912377643,1.2287530370815085,0.11465040746225486
11,0.05,258,3.1647699328009386e-06,0.11454129832822994,0.11454137912377643,1.2244343872444632,0.11455126459431642
11,0.05,259,3.859992163918691e-05,0.11454053499176979,0.11454137912377643,1.2201490860548079,0.11463550464471343
11,0.05,260,7.748688408037222e-05,0.1145398355839897,0.11454137912377643,1.215896748720458,0.1147296017656808
11,0.05,261,0.00011341681743680367,0.11453921355763687,0.11454137912377643,1.2116769963465241,0.11481658618597057
11,0.05,262,0.00014569362873705354,0.11453867921357712,0.11454137912377643,1.2074894558227733,0.11489471258417126
11,0.05,263,0.00017373302836322727,0.11453823976566126,0.11454137912377643,1.2033337597136515,0.11496255659332053
11,0.05,264,0.00019706367569992774,0.11453789950613663,0.11454137912377643,1.1992095461508112,0.11501897694404013
11,0.05,265,0.00021533259381109152,0.11453766004283335,0.11454137912377643,1.1951164587280676,0.11506312274640931
11,0.05,266,0.00022830863829661062,0.11453752058006707,0.11454137912377643,1.191054146398728,0.11509444015486259
11,0.05,267,0.00023588338577674387,0.11453747821810271,0.11454137912377643,1.1870222633752265,0.11511267364790881
11,0.05,268,0.000238069389273596,0.11453752825058351,0.11454137912377643,1.1830204690310047,0.11511786119145362
11,0.05,269,0.00023499589664456358,0.11453766444492708,0.11454137912377643,1.1790484278045836,0.1151103233849237
11,0.05,270,0.00022690220323252528,0.11453787929668074,0.11454137912377643,1.175105809105766,0.1150906469920802
11,0.05,271,0.0002141288649257459,0.11453816425459579,0.11454137912377643,1.1711922872239136,0.11505966343774852
11,0.05,272,0.00019710704565494147,0.11453850991819664,0.11454137912377643,1.1673075412382512,0.1150184230097979
11,0.05,273,0.0001763463223754336,0.11453890621347947,0.11454137912377643,1.1634512549301397,0.11496816570712257
11,0.05,274,0.00015242133968279678,0.11453934255481774,0.11454137912377643,1.1596231166972697,0.11491029006375633
11,0.05,275,0.00012595786110598052,0.11453980800208312,0.11454137912377643,1.1558228194697298,0.11484632234943878
11,0.05,276,9.761929075657378e-05,0.11454029142146575,0.11454137912377643,1.1520500606278965,0.11477789242466291
11,0.05,277,6.809730276325443e-05,0.11454078165669164,0.11454137912377643,1.1483045419221056,0.11470674148466171
11,0.05,278,3.813074319905331e-05,0.11454126771459186,0.11454137912377643,1.144585969394054,0.11463493543878651
11,0.05,279,9.202193386936703e-06,0.11454173896565027,0.11454137912377643,1.1408940532998952,0.11456911805874545
11,0.05,280,2.1800178382140417e-05,0.11454218535665207,0.11454137912377643,1.1372285080349807,0.11459680700857099
11,0.05,281,4.9263929830147054e-05,0.11454259762927407,0.11454137912377643,1.1335890520602077,0.11466177787767018
11,0.05,282,7.498317197086865e-05,0.11454296753575142,0.11454137912377643,1.1299754078299367,0.11472354447144448
11,0.05,283,9.828778066688251e-05,0.11454328804090881,0.11454137912377643,1.1263873017214343,0.11477968875332048
11,0.05,284,0.00011872178959187352,0.11454355349903518,0.11454137912377643,1.1228244639658087,0.11482897564190005
11,0.05,285,0.00013592454543804778,0.11454375979439248,0.11454137912377643,1.119286628580398,0.1148704935351244
11,0.05,286,0.00014962184086231056,0.11454390443554284,0.11454137912377643,1.1157735333025778,0.11490356374981617
11,0.05,287,0.00015962600790678398,0.11454398659602456,0.11454137912377643,1.1122849195249513,0.11492772485569829
11,0.05,288,0.00016583625221684408,0.11454400709698716,0.11454137912377643,1.1088205322318916,0.11494272848839861
11,0.05,289,0.0001682376994251676,0.11454396833093256,0.11454137912377643,1.1053801199373998,0.1149485351847514
11,0.05,290,0.00016689882747654775,0.11454387412939243,0.11454137912377643,1.1019634346242495,0.11494530744500542
11,0.05,291,0.00016196726758674245,0.11454372958088618,0.11454137912377643,1.0985702316843853,0.11493339933268097
11,0.05,292,0.00015366407052137872,0.11454354080855954,0.11454137912377643,1.0952002698605476,0.11491334260262925
11,0.05,293,0.00014227659350016358,0.1145433147192576,0.11454137912377643,1.0918533111890911,0.11488582963653501
11,0.05,294,0.00012815020264922262,0.11454305873726212,0.11454137912377643,1.088529120943971,0.11485169363577179
11,0.05,295,0.00011167902110525956,0.11454278053642565,0.11454137912377643,1.0852274675818685,0.11481188668433351
11,0.05,296,9.329600179369752e-05,0.11454248778395311,0.11454137912377643,1.081948122688429,0.11476745658644623
11,0.05,297,7.346272936359913e-05,0.11454218790768333,0.11454137912377643,1.0786908609255852,0.1147195242705508
11,0.05,298,5.265989303828722e-05,0.11454188789655377,0.11454137912377643,1.0754554599799415,0.11466926750560606
11,0.05,299,3.1383141952020696e-05,0.11454159414118924,0.11454137912377643,1.0722417005121951,0.11461794426288244
11,0.05,300,1.022257940827425e-05,0.11454131231847946,0.11454137912377643,1.069049366107567,0.1145674981959938
11,0.05,301,1.1097406784072266e-05,0.1145410473208526,0.11454137912377643,1.0658782432272222,0.11456908868151712
11,0.05,302,3.0934205801961816e-05,0.11454080322796588,0.11454137912377643,1.0627281211606545,0.11461641669914228
11,0.05,303,4.958255810397447e-05,0.1145405833159367,0.11454137912377643,1.0595987919790146,0.1146614200783532
11,0.05,304,6.658274442819986e-05,0.11454039009721413,0.11454137912377643,1.0564900504893593,0.11470252555219453
11,0.05,305,8.160535525045094e-05,0.1145402253828601,0.11454137912377643,1.0534016941898,0.11473887786898454
11,0.05,306,9.438204182202366e-05,0.11454009035843686,0.11454137912377643,1.050333523225532,0.11476980999130218
11,0.05,307,0.00010470350564028895,0.11453998566487182,0.11454137912377643,1.0472853403457216,0.11479480733822087
11,0.05,308,0.0001124209973083306,0.11453991147653346,0.11454137912377643,1.0442569508612347,0.1148135051921055
11,0.05,309,0.00011744730483428061,0.11453986757017971,0.11454137912377643,1.0412481626031849,0.11482568931296983
11,0.05,310,0.000119756601419513,0.11453985338027592,0.11454137912377643,1.0382587858822834,0.11483129495862168
11,0.05,311,0.00011938304087607346,0.11453986803824255,0.11454137912377643,1.0352886334489764,0.11483040324818121
11,0.05,312,0.00011641812368555893,0.11453991039529092,0.11454137912377643,1.0323375204543443,0.11482323468120752
11,0.05,313,0.00011100691220015028,0.1145399790304583,0.11454137912377643,1.0294052644117546,0.11481013991486134
11,0.05,314,0.00010334320605541415,0.11454007224710291,0.11454137912377643,1.0264916851592452,0.11479158803395817
11,0.05,315,9.36638119858618e-05,0.1145401880623396,0.11454137912377643,1.0235966048226246,0.11476815262633203
11,0.05,316,8.224205975322479e-05,0.11454032419461126,0.11454137912377643,1.0207198477792738,0.11474049602979204
11,0.05,317,6.938072938118589e-05,0.11454047805476432,0.11454137912377643,1.017861240622632,0.11470935215927756
11,0.05,318,5.5404566493636594e-05,0.11454064674564426,0.11454137912377643,1.0150206121273524,0.11467550837183713
11,0.05,319,4.0652581585503806e-05,0.1145408270744081,0.11454137912377643,1.0121977932151156,0.11463978695388273
11,0.05,320,2.5470424892969412e-05,0.1145410155805591,0.11454137912377643,1.00939261692108,0.11460302755629484
11,0.05,321,1.0204496774746957e-05,0.1145412085812655,0.11454137912377643,1.006604918360964,0.11456608248959885
11,0.05,322,4.837276148040974e-06,0.11454140223396306,0.11454137912377643,1.0038345346987365,0.11455320417589131
11,0.05,323,1.928024031484538e-05,0.11454159261470122,0.11454137912377643,1.0010813051149132,0.1145881183531797
11,0.05,324,3.2866912637200086e-05,0.1145417758092985,0.11454137912377643,0.9983450707754344,0.1146210030341417
11,0.05,325,4.5319959617140204e-05,0.11454194801323783,0.11454137912377643,0.9956256748011216,0.1146511446051223
11,0.05,326,5.6402501810407836e-05,0.11454210563543406,0.11454137912377643,0.9929229622376943,0.11467796654020504
11,0.05,327,6.591521523742155e-05,0.11454224540059738,0.11454137912377643,0.9902367800263365,0.1147009858655431
11,0.05,328,7.36991541875913e-05,0.11454236444491007,0.11454137912377643,0.9875669769748043,0.1147198180660016
11,0.05,329,7.963789644698198e-05,0.1145424604001124,0.11454137912377643,0.9849134037290566,0.11473418189496655
11,0.05,330,8.365874503626026e-05,0.11454253146180964,0.11454137912377643,0.9822759127454042,0.11474390214044436
11,0.05,331,8.573295561764644e-05,0.11454257643879227,0.11454137912377643,0.9796543582631636,0.11474891009060392
11,0.05,332,8.587500734309801e-05,0.1145425947813177,0.11454137912377643,0.9770485962778042,0.11474924170426333
11,0.05,333,8.414096063651133e-05,0.11454258658753703,0.11454137912377643,0.9744584845145787,0.11474503358390972
11,0.05,334,8.06259655223074e-05,0.11454255258846929,0.11454137912377643,0.9718838824026304,0.11473651690663432
11,0.05,335,7.546100151242972e-05,0.11454249411303771,0.11454137912377643,0.969324651049559,0.11472400951488473
11,0.05,336,6.880894554906057e-05,0.11454241303561682,0.11454137912377643,0.9667806532164467,0.11470790641277512
11,0.05,337,6.086007914481272e-05,0.11454231170923973,0.11454137912377643,0.964251753293323,0.1146886689634899
11,0.05,338,5.1827163144595886e-05,0.11454219288805287,0.11454137912377643,0.9617378172750699,0.11466681316662537
11,0.05,339,4.1940242117783e-05,0.11454205964277145,0.11454137912377643,0.9592387127377504,0.11464289761372576
11,0.05,340,3.144145642392237e-05,0.11454191527279967,0.11454137912377643,0.9567543088153563,0.11461751257156622
11,0.05,341,2.0580791070632902e-05,0.11454176321836791,0.11454137912377643,0.9542844761769647,0.1145912764988168
11,0.05,342,9.62094456657001e-06,0.11454160697555611,0.11454137912377643,0.9518290870042945,0.11456489972609858
11,0.05,343,1.635675036710317e-06,0.11454145001647541,0.11454137912377643,0.9493880149696574,0.11454668383943097
11,0.05,344,1.1843332324293547e-05,0.11454129571623146,0.11454137912377643,0.9469611352142915,0.11457026552165102
11,0.05,345,2.1755690079432858e-05,0.1145411472876561,0.11454137912377643,0.9445483243270727,0.11459414760864356
11,0.05,346,3.090686040534489e-05,0.11454100772421821,0.11454137912377643,0.9421494603235949,0.11461625056174585
11,0.05,347,3.9111784575684055e-05,0.11454087975105545,0.11454137912377643,0.9397644226256128,0.11463608157279165
11,0.05,348,4.621844139312344e-05,0.11454076578373393,0.11454137912377643,0.9373930920408373,0.11465326306839871
11,0.05,349,5.210454377862325e-05,0.11454066789415183,0.11454137912377643,0.9350353507430806,0.11466749591299329
11,0.05,350,5.667840895864472e-05,0.11454058778295828,0.11454137912377643,0.9326910822527399,0.11467855689456564
11,0.05,351,5.9879794181114915e-05,0.11454052675793709,0.11454137912377643,0.9303601714176146,0.1146862995326349
11,0.05,352,6.168017887261429e-05,0.11454048571798216,0.11454137912377643,0.9280425043940526,0.11469065434927994
11,0.05,353,6.208239818697126e-05,0.11454046514252875,0.11454137912377643,0.9257379686284144,0.11469162782344557
11,0.05,354,6.111962562244283e-05,0.11454046508656184,0.11454137912377643,0.9234464528388533,0.11468929986793124
11,0.05,355,5.885373616784704e-05,0.11454048518155917,0.11454137912377643,0.9211678469974023,0.11468381985180728
11,0.05,356,5.537310020238277e-05,0.11454052464290569,0.11454137912377643,0.9189020423123639,0.11467540126922654
11,0.05,357,5.078987175336765e-05,0.11454058228440851,0.11454137912377643,0.9166489312109953,0.11466431520104159
11,0.05,358,4.523684546744363e-05,0.11454065654052853,0.11454137912377643,0.9144084073224836,0.11465088275008359
11,0.05,359,3.88639663544002e-05,0.1145407454968174,0.11454137912377643,0.912180365461206,0.11463546666738511
11,0.05,360,3.183458846931694e-05,0.11454084692881232,0.11454137912377643,0.9099647016102685,0.11461846245070485
11,0.05,361,2.4321608121879408e-05,0.11454095834930879,0.11454137912377643,0.9077613129053199,0.11460028940109408
11,0.05,362,1.650373712489739e-05,0.11454107706353055,0.11454137912377643,0.9055700976186305,0.11458138316287618
11,0.05,363,8.563468280274492e-06,0.11454120023127543,0.11454137912377643,0.903390955143438,0.11456220083706714
11,0.05,364,8.098633544793155e-07,0.11454132493467346,0.11454137912377643,0.9012237859785488,0.1145439791595622
11,0.05,365,7.038435365346889e-06,0.11454144824978513,0.11454137912377643,0.8990684917131935,0.11455846715343034
11,0.05,366,1.4324669035725797e-05,0.11454156731992898,0.11454137912377643,0.8969249750121293,0.114576060382282
11,0.05,367,2.1087802211765227e-05,0.11454167942838674,0.11454137912377643,0.8947931396009894,0.11459241758248268
11,0.05,368,2.719181399700221e-05,0.11454178206801367,0.11454137912377643,0.8926728902518666,0.11460718713987822
11,0.05,369,3.2522518013040914e-05,0.11454187300529628,0.11454137912377643,0.8905641327691347,0.11462008830780286
11,0.05,370,3.6986479935101976e-05,0.11454195033654671,0.11454137912377643,0.8884667739754986,0.11463089336447303
11,0.05,371,4.051204572560404e-05,0.11454201253420303,0.11454137912377643,0.8863807216982702,0.11463942808226568
11,0.05,372,4.3050160262752e-05,0.11454205848159359,0.11454137912377643,0.8843058847558656,0.11464557323004745
11,0.05,373,4.4574734179116194e-05,0.11454208749500275,0.11454137912377643,0.8822421729445196,0.11464926531220934
11,0.05,374,4.508251958462521e-05,0.11454209933241126,0.11454137912377643,0.8801894970252127,0.11465049621432147
11,0.05,375,4.459249987888215e-05,0.11454209418884613,0.11454137912377643,0.878147768710809,0.114649311705035
11,0.05,376,4.314481728358122e-05,0.1145420726788273,0.11454137912377643,0.8761169006533966,0.11464580883045708
11,0.05,377,4.0799273517276496e-05,0.11454203580691051,0.11454137912377643,0.8740968064318326,0.11464013227901214
11,0.05,378,3.763344813624262e-05,0.11454198492776811,0.11454137912377643,0.8720874005394832,0.11463246982134812
11,0.05,379,3.374048642745626e-05,0.11454192169760286,0.11454137912377643,0.8700885983721596,0.11462304694992041
11,0.05,380,2.922661459656937e-05,0.1145418480189353,0.11454137912377643,0.8681003162162426,0.1146121208580642
11,0.05,381,2.4208444464843866e-05,0.11454176598094092,0.11454137912377643,0.8661224712369975,0.11459997391075054
11,0.05,382,1.8810133313774263e-05,0.11454167779753345,0.11454137912377643,0.8641549814670675,0.11458690677079658
11,0.05,383,1.3160468937320316e-05,0.11454158574531076,0.11454137912377643,0.862197765795153,0.1145732313717712
11,0.05,384,7.389974844605342e-06,0.11454149210330579,0.11454137912377643,0.8602507439548628,0.11455926411913789
11,0.05,385,1.6289432544943388e-06,0.114541399096243,0.11454137912377643,0.858313836513743,0.11454532589921897
11,0.05,386,4.002148536638453e-06,0.11454130884270597,0.11454137912377643,0.8563869648624738,0.1145510747469288
11,0.05,387,9.378223417464188e-06,0.114541223309301,0.11454137912377643,0.8544700512042342,0.11456408530813897
11,0.05,388,1.4392599665628947e-05,0.11454114427157477,0.11454137912377643,0.852563018544233,0.11457622150800892
11,0.05,389,1.8946430848687336e-05,0.11454107328213053,0.11454137912377643,0.8506657906793991,0.11458724288156591
11,0.05,390,2.2953983858932907e-05,0.11454101164610406,0.11454137912377643,0.8487782921882308,0.11459694175902108
11,0.05,391,2.6343950772652193e-05,0.11454096040391863,0.11454137912377643,0.8469004484208025,0.11460514554224685
11,0.05,392,2.906055879645473e-05,0.11454092032104479,0.11454137912377643,0.8450321854889222,0.11461171929197032
11,0.05,393,3.106432402503566e-05,0.11454089188434706,0.11454137912377643,0.8431734302564411,0.114616567525883
11,0.05,394,3.233243195082783e-05,0.11454087530450598,0.11454137912377643,0.8413241103297084,0.11461963512705782
11,0.05,395,3.285874546451766e-05,0.11454087052395086,0.11454137912377643,0.8394841540481743,0.11462090735445558
11,0.05,396,3.265345062736435e-05,0.11454087722972084,0.11454137912377643,0.8376534904751329,0.11462040897831412
11,0.05,397,3.174235841383635e-05,0.1145408948706775,0.11454137912377643,0.8358320493886056,0.1146182025842297
11,0.05,398,3.016588769168074e-05,0.11454092267851293,0.11454137912377643,0.8340197612723623,0.11461438610753735
11,0.05,399,2.7977761004092763e-05,0.11454095969201951,0.11454137912377643,0.8322165573070777,0.11460908967556786
11,0.05,400,2.5243450253575935e-05,0.11454100478410997,0.11454137912377643,0.8304223693616193,0.11460247184954382
11,0.05,401,2.2038414300907584e-05,0.1145410566910837,0.11454137912377643,0.8286371299844677,0.11459471537271233
11,0.05,402,1.8446175489542978e-05,0.11454111404363589,0.11454137912377643,0.8268607723952619,0.11458602255169725
11,0.05,403,1.4556290289978935e-05,0.11454117539908747,0.11454137912377643,0.8250932304764742,0.11457661044777681
11,0.05,404,1.0462297707855942e-05,0.11454123927429008,0.11454137912377643,0.8233344387652051,0.11456670626223706
11,0.05,405,6.259921022102197e-06,0.11454130417862451,0.11454137912377643,0.8215843324451029,0.11455654473760332
11,0.05,406,2.0495018444711125e-06,0.11454136864647922,0.11454137912377643,0.8198428473384001,0.11454639682980672
11,0.05,407,2.1150147428597143e-06,0.11454143126856764,0.11454137912377643,0.8181099198980692,0.11454655891373512
11,0.05,408,6.082537015470395e-06,0.11454149072142769,0.11454137912377643,0.8163854872000931,0.11455612125089393
11,0.05,409,9.808698392932244e-06,0.11454154579445278,0.11454137912377643,0.8146694869358477,0.11456512997657152
11,0.05,410,1.3214274469222955e-05,0.11454159541383098,0.11454137912377643,0.8129618574045989,0.11457336742274594
11,0.05,411,1.623377766766986e-05,0.11454163866282535,0.11454137912377643,0.8112625375061053,0.11458067216005556
11,0.05,412,1.8812432453314195e-05,0.11454167479790928,0.11454137912377643,0.8095714667333327,0.11458691085144761
11,0.05,413,2.0906736266123823e-05,0.11454170326037993,0.11454137912377643,0.8078885851652708,0.1145919779360895
11,0.05,414,2.248501515093953e-05,0.11454172368320183,0.11454137912377643,0.8062138334598565,0.11459579663516521
11,0.05,415,2.352775201330198e-05,0.11454173589297768,0.11454137912377643,0.8045471528469985,0.1145983196460854
11,0.05,416,2.402765344754596e-05,0.11454173990709804,0.11454137912377643,0.8028884851217024,0.11459952926792902
11,0.05,417,2.3989453194196556e-05,0.11454173592627526,0.11454137912377643,0.8012377726372948,0.11459943691150014
11,0.05,418,2.3429461622406708e-05,0.11454172432281381,0.11454137912377643,0.7995949582987458,0.11459808200382803
11,0.05,419,2.237487744862432e-05,0.1145417056251,0.11454137912377643,0.7979599855560848,0.11459553032179935
11,0.05,420,2.0862883142947184e-05,0.11454168049890208,0.11454137912377643,0.7963327983979125,0.1145918718048597
11,0.05,421,1.8939549811470023e-05,0.11454164972615284,0.11454137912377643,0.7947133413450049,0.11458721790885865
11,0.05,422,1.665858097734907e-05,0.11454161418193513,0.11454137912377643,0.7931015594440067,0.11458169857278827
11,0.05,423,1.4079927824406355e-05,0.1145415748104085,0.11454137912377643,0.7914973982612166,0.11457545888042035
11,0.05,424,1.1268311882724705e-05,0.11454153260039915,0.11454137912377643,0.7899008038764586,0.11456865551473848
11,0.05,425,8.291698745156041e-06,0.11454148856133217,0.11454137912377643,0.7883117228770404,0.11456145315459275
11,0.05,426,5.219807723059133e-06,0.11454144370011575,0.11454137912377643,0.7867301023517981,0.11455402127149192
11,0.05,427,2.123315767431075e-06,0.1145413989995005,0.11454137912377643,0.7851558898852218,0.11454653607346509
11,0.05,428,9.417380110190553e-07,0.11454135539833638,0.11454137912377643,0.7835890335516671,0.11454368691087975
11,0.05,429,3.884957154037678e-06,0.1145413137740444,0.11454137912377643,0.782029481909644,0.11455078545721649
11,0.05,430,6.6635286892670034e-06,0.11454127492751665,0.11454137912377643,0.7804771839961884,0.11455750693658219
11,0.05,431,9.217912983896524e-06,0.11454123957055883,0.11454137912377643,0.7789320893213105,0.11456368798270337
11,0.05,432,1.1498595583029593e-05,0.11454120831590499,0.11454137912377643,0.7773941478625199,0.1145692073311831
11,0.05,433,1.3463635107762073e-05,0.1145411816697601,0.11454137912377643,0.7758633100594281,0.11457396309966274
11,0.05,434,1.5079199806822989e-05,0.11454116002677384,0.11454137912377643,0.7743395268084243,0.11457787325047103
11,0.05,435,1.6320043641411004e-05,0.11454114366730803,0.11454137912377643,0.7728227494574251,0.1145808765946565
11,0.05,436,1.716980285955605e-05,0.11454113275684105,0.11454137912377643,0.7713129298006967,0.11458293346987841
11,0.05,437,1.762109616651839e-05,0.11454112734734172,0.11454137912377643,0.769810020073747,0.11458402596967375
11,0.05,438,1.767542840728478e-05,0.11454112738044893,0.11454137912377643,0.7683139729482906,0.11458415770543552
11,0.05,439,1.7342904415408644e-05,0.11454113269230244,0.11454137912377643,0.766824741527278,0.11458335311186069
11,0.05,440,1.6641764283024298e-05,0.11454114301988261,0.11454137912377643,0.7653422793399973,0.11458165632120118
11,0.05,441,1.5597755082988428e-05,0.11454115800872884,0.11454137912377643,0.7638665403372393,0.11457912964194476
11,0.05,442,1.4243357282305325e-05,0.1145411772219168,0.11454137912377643,0.7623974788865302,0.11457585168580522
11,0.05,443,1.261688676213222e-05,0.11454120015017574,0.11454137912377643,0.760935049767427,0.11457191519348206
11,0.05,444,1.0761495491994174e-05,0.11454122622302496,0.11454137912377643,0.7594792081668782,0.11456742461516677
11,0.05,445,8.724095493995573e-06,0.11454125482079637,0.11454137912377643,0.7580299096746466,0.11456249350557193
11,0.05,446,6.55423182980452e-06,0.11454128528739264,0.11454137912377643,0.7565871102787924,0.11455724179672566
11,0.05,447,4.302931456424123e-06,0.11454131694360606,0.11454137912377643,0.7551507663612198,0.11455179301819875
11,0.05,448,2.0215626019855106e-06,0.11454134910079797,0.11454137912377643,0.7537208346932791,0.11454627159401189
11,0.05,449,2.3992535826494937e-07,0.11454138107471093,0.11454137912377643,0.7522972724314316,0.11454196289027511
11,0.05,450,2.4312793026270212e-06,0.11454141219916125,0.11454137912377643,0.7508800371129702,0.11454726428586853
11,0.05,451,4.5081213109677314e-06,0.11454144183934102,0.11454137912377643,0.7494690866517968,0.11455229062728407
11,0.05,452,6.42804720565833e-06,0.11454146940444622,0.11454137912377643,0.748064379334257,0.1145569372155129
11,0.05,453,8.15365273198848e-06,0.11454149435934666,0.11454137912377643,0.7466658738150285,0.11456111346990236
11,0.05,454,9.652828980613358e-06,0.11454151623502225,0.11454137912377643,0.7452735291130654,0.11456474167225282
11,0.05,455,1.0899304805323619e-05,0.11454153463751089,0.11454137912377643,0.7438873046075944,0.11456775824447554
11,0.05,456,1.1873052566044102e-05,0.11454154925514547,0.11454137912377643,0.7425071600341651,0.11457011472459111
11,0.05,457,1.2560547420266796e-05,0.11454155986389904,0.11454137912377643,0.7411330554807505,0.11457177839207829
11,0.05,458,1.295487808070804e-05,0.11454156633070826,0.11454137912377643,0.7397649513839013,0.1145727325346649
11,0.05,459,1.3055710705459405e-05,0.11454156861470048,0.11454137912377643,0.7384028085249468,0.11457297635986531
11,0.05,460,1.2869110820415127e-05,0.11454156676631087,0.11454137912377643,0.7370465880262487,0.11457252456307944
11,0.05,461,1.2407231143473744e-05,0.114541560924335,0.11454137912377643,0.7356962513475014,0.11457140657142825
11,0.05,462,1.168787588620874e-05,0.11454155131102105,0.11454137912377643,0.7343517602820819,0.11456966548880514
11,0.05,463,1.073395451113423e-05,0.11454153822535848,0.11454137912377643,0.7330130769534464,0.11456735677395867
11,0.05,464,9.57283999979671e-06,0.1145415220347669,0.11454137912377643,0.731680163811572,0.11456454668827445
11,0.05,465,8.235648453281588e-06,0.11454150316542615,0.11454137912377643,0.7303529836294478,0.11456131055498313
11,0.05,466,6.756458444255001e-06,0.1145414820915172,0.11454137912377643,0.7290314994996072,0.11455773087706132
11,0.05,467,5.171490742946488e-06,0.11454145932366103,0.11454137912377643,0.7277156748307083,0.11455389537346602
11,0.05,468,3.5182767313181475e-06,0.11454143539685208,0.11454137912377643,0.726405473344155,0.11454989504918013
11,0.05,469,1.8349110452318403e-06,0.11454141085818018,0.11454137912377643,0.7251008590707639,0.11454582291943544
11,0.05,470,1.6571960171284166e-07,0.11454138625462698,0.11454137912377643,0.7238017963474725,0.11454181814755313
11,0.05,471,1.4763013011863753e-06,0.11454136212120541,0.11454137912377643,0.7225082498140889,0.11454495675079321
11,0.05,472,3.03107583839139e-06,0.1145413389696892,0.11454137912377643,0.7212201844100841,0.11454871704196047
11,0.05,473,4.476620868367847e-06,0.11454131727815374,0.11454137912377643,0.7199375653714237,0.11455221458404889
11,0.05,474,5.784263003217961e-06,0.11454129748152084,0.11454137912377643,0.7186603582274413,0.11455537876424941
11,0.05,475,6.92932454454795e-06,0.11454127996326961,0.11454137912377643,0.7173885287977495,0.11455814963997972
11,0.05,476,7.89138658596026e-06,0.11454126504844554,0.11454137912377643,0.7161220431891906,0.11456047772782364
11,0.05,477,8.654592992181689e-06,0.11454125299807025,0.11454137912377643,0.7148608677928272,0.11456232462755357
11,0.05,478,9.207862838209596e-06,0.1145412440050242,0.11454137912377643,0.7136049692809672,0.11456366350929192
11,0.05,479,9.544996555370501e-06,0.11454123819144675,0.11454137912377643,0.7123543146042299,0.11456447936157162
11,0.05,480,9.664673995939317e-06,0.11454123560767095,0.11454137912377643,0.7111088709886455,0.11456476898339232
11,0.05,481,9.570346819678548e-06,0.11454123623268311,0.11454137912377643,0.7098686059327934,0.11456454072238909
11,0.05,482,9.27003027236192e-06,0.11454123997607192,0.11454137912377643,0.708633487204974,0.11456381397055804
11,0.05,483,8.776001606036227e-06,0.11454124668140639,0.11454137912377643,0.7074034828404165,0.11456261843440516
11,0.05,484,8.104414267661701e-06,0.11454125613095721,0.11454137912377643,0.7061785611385227,0.11456099320162827
11,0.05,485,7.274838590666627e-06,0.11454126805165094,0.11454137912377643,0.7049586906601417,0.11455898563019108
11,0.05,486,6.30974106140496e-06,0.11454128212212365,0.11454137912377643,0.7037438402248817,0.11455665008927363
11,0.05,487,5.233915334959809e-06,0.11454129798071794,0.11454137912377643,0.7025339789084524,0.11455404658466127
11,0.05,488,4.073879227635821e-06,0.11454131523424603,0.11454137912377643,0.7013290760400412,0.11455123930552856
11,0.05,489,2.8572540514992785e-06,0.11454133346732419,0.11454137912377643,0.7001291011997215,0.11454829514386708
11,0.05,490,1.612156716083852e-06,0.1145413522520685,0.11454137912377643,0.6989340242158932,0.11454528234299356
11,0.05,491,3.6707201053063507e-07,0.11454137115793095,0.11454137912377643,0.6977438151627524,0.11454227270112328
11,0.05,492,8.534927089080804e-07,0.11454138976145002,0.11454137912377643,0.696558444357795,0.11454344618792903
11,0.05,493,2.0201323834196377e-06,0.11454140765568906,0.11454137912377643,0.6953778823593488,0.11454626846866688
11,0.05,494,3.1105926839594276e-06,0.11454142445914167,0.11454137912377643,0.6942020999641352,0.11454890726956668
11,0.05,495,4.103090993589409e-06,0.11454143982389638,0.11454137912377643,0.6930310682048617,0.11455130916788758
11,0.05,496,4.978695058042886e-06,0.11454145344287026,0.11454137912377643,0.6918647583478432,0.11455342823601314
11,0.05,497,5.721556186584923e-06,0.1145414650559466,0.11454137912377643,0.690703141890652,0.11455522608231791
11,0.05,498,6.319158347720086e-06,0.1145414744548805,0.11454137912377643,0.6895461905597948,0.1145566723992954
11,0.05,499,6.7624960571078455e-06,0.11454148148687066,0.11454137912377643,0.6883938763084201,0.11455774538213194
11,0.05,500,7.046172586555847e-06,0.11454148605673216,0.11454137912377643,0.6872461713140507,0.11455843196289899
11,0.05,501,7.1684174050065825e-06,0.11454148812764435,0.11454137912377643,0.6861030479763457,0.11455872785148956
11,0.05,502,7.131024410567119e-06,0.11454148772048645,0.11454137912377643,0.6849644789148863,0.11455863738567242
11,0.05,503,6.939214391163279e-06,0.11454148491181235,0.11454137912377643,0.6838304369669914,0.11455817319802765
11,0.05,504,6.6014267615845756e-06,0.11454147983055149,0.11454137912377643,0.6827008951855567,0.11455735571180012
11,0.05,505,6.129047042544261e-06,0.11454147265355462,0.11454137912377643,0.6815758268369194,0.11455621248128064
11,0.05,506,5.53607777459607e-06,0.11454146360013148,0.11454137912377643,0.6804552053987512,0.11455477739526575
11,0.05,507,4.838761579713384e-06,0.11454145292574838,0.11454137912377643,0.6793390045579721,0.11455308976467048
11,0.05,508,4.055165887705209e-06,0.1145414409150709,0.11454137912377643,0.678227198208692,0.11455119331741585
11,0.05,509,3.20473942131406e-06,0.11454142787454606,0.11454137912377643,0.6771197604501755,0.11454913512497825
11,0.05,510,2.3078508981313112e-06,0.11454141412472212,0.11454137912377643,0.6760166655848296,0.11454696448609454
11,0.05,511,1.3853206947523537e-06,0.11454139999250196,0.11454137912377643,0.674917888116217,0.11454473179493568
11,0.05,512,4.5795965893481614e-07,0.11454138580351848,0.11454137912377643,0.6738234027470913,0.11454248744731474
11,0.05,513,4.539316272402567e-07,0.11454137187480798,0.11454137912377643,0.6727331843774551,0.11454247786666008
11,0.05,514,1.3308480567669043e-06,0.11454135850794098,0.11454137912377643,0.6716472081026426,0.11454460012017813
11,0.05,515,2.154680868796409e-06,0.11454134598275119,0.11454137912377643,0.6705654492114215,0.114546593928021
11,0.05,516,2.9089326498642853e-06,0.11454133455178087,0.11454137912377643,0.6694878831841198,0.11454841933553761
11,0.05,517,3.5790789403895543e-06,0.11454132443553851,0.11454137912377643,0.668414485690773,0.1145500411880935
11,0.05,518,4.152825973996138e-06,0.11454131581864105,0.11454137912377643,0.6673452325892921,0.11455142973250905
11,0.05,519,4.620316721388374e-06,0.11454130884688919,0.11454137912377643,0.6662800999236553,0.1145525611139117
11,0.05,520,4.974278527786099e-06,0.11454130362530181,0.11454137912377643,0.6652190639221172,0.11455341773263823
11,0.05,521,5.210110520991466e-06,0.11454130021711352,0.11454137912377643,0.6641621009954408,0.11455398845557505
11,0.05,522,5.325910506967918e-06,0.11454129864371891,0.11454137912377643,0.6631091877351503,0.11455426868109317
11,0.05,523,5.322442421127138e-06,0.11454129888552876,0.11454137912377643,0.6620603009118016,0.11455426026015518
11,0.05,524,5.203046669680049e-06,0.11454130088368646,0.11454137912377643,0.661015417473275,0.114553971279214
11,0.05,525,4.973496876858013e-06,0.11454130454257747,0.11454137912377643,0.6599745145430853,0.11455341571343813
11,0.05,526,4.641807622977398e-06,0.11454130973305168,0.11454137912377643,0.6589375694187141,0.11455261296135101
11,0.05,527,4.21799870246808e-06,0.1145413162962682,0.11454137912377643,0.6579045595699571,0.11455158727435494
11,0.05,528,3.7138222325745315e-06,0.11454132404806103,0.11454137912377643,0.6568754626372939,0.11455036709646386
11,0.05,529,3.1424596013103997e-06,0.11454133278371875,0.11454137912377643,0.655850256430274,0.1145489843313928
11,0.05,530,2.5181957911513114e-06,0.11454134228306474,0.11454137912377643,0.654828918925922,0.11454747355588007
11,0.05,531,1.8560792540647822e-06,0.11454135231572228,0.11454137912377643,0.653811428267161,0.11454587120125428
11,0.05,532,1.1715778137335604e-06,0.11454136264644711,0.11454137912377643,0.6527977627612522,0.11454421474225253
11,0.05,533,4.802712407898186e-07,0.11454137304041145,0.11454137912377643,0.6517879008782552,0.11454254215861566
11,0.05,534,2.0325672573399903e-07,0.11454138326832733,0.11454137912377643,0.6507818212495016,0.1145418729023614
11,0.05,535,8.629647746895145e-07,0.11454139311130179,0.11454137912377643,0.6497795026660889,0.11454346806806683
11,0.05,536,1.4861264803096053e-06,0.11454140236532577,0.11454137912377643,0.6487809240773905,0.11454497600076781
11,0.05,537,2.0599476049945986e-06,0.11454141084530678,0.11454137912377643,0.6477860645895812,0.114546364633775
11,0.05,538,2.5732539484210396e-06,0.11454141838856904,0.11454137912377643,0.64679490346418,0.11454760684791183
11,0.05,539,3.016504639645468e-06,0.11454142485775673,0.11454137912377643,0.6458074201166097,0.11454867953507303
11,0.05,540,3.381946493102811e-06,0.11454143014309247,0.11454137912377643,0.6448235941147713,0.11454956392545286
11,0.05,541,3.6637325497222103e-06,0.11454143416395808,0.11454137912377643,0.6438434051776345,0.11455024586609355
11,0.05,542,3.857997061177041e-06,0.11454143686978152,0.11454137912377643,0.642866833173845,0.1145507160000831
11,0.05,543,3.962885612193572e-06,0.11454143824023064,0.11454137912377643,0.6418938581203457,0.11455096983863064
11,0.05,544,3.9785407531436755e-06,0.11454143828473044,0.11454137912377643,0.6409244601810138,0.11455100772596458
11,0.05,545,3.9070446080547396e-06,0.11454143704133662,0.11454137912377643,0.6399586196653126,0.11455083470034758
11,0.05,546,3.752320855713111e-06,0.11454143457501138,0.11454137912377643,0.6389963170269581,0.11455046025679468
11,0.05,547,3.5199993121726997e-06,0.1145414309753609,0.11454137912377643,0.6380375328626013,0.11454989801939096
11,0.05,548,3.217247072497671e-06,0.11454142635390425,0.11454137912377643,0.6370822479105231,0.11454916533270158
11,0.05,549,2.852570795026356e-06,0.11454142084095148,0.11454137912377643,0.6361304430493451,0.11454828278339572
11,0.05,550,2.4355952210064382e-06,0.11454141458217547,0.11454137912377643,0.6351820992967532,0.11454727366444772
11,0.05,551,1.976823425895815e-06,0.11454140773496474,0.11454137912377643,0.634237197808236,0.11454616339541195
11,0.05,552,1.487384639822338e-06,0.11454140046464674,0.11454137912377643,0.6332957198758364,0.11454497891347351
11,0.05,553,9.787761234640995e-07,0.1145413929406693,0.11454137912377643,0.6323576469269179,0.11454374805442279
11,0.05,554,4.6261137249182114e-07,0.11454138533282492,0.11454137912377643,0.6314229605229411,0.11454249898607757
11,0.05,555,5.013818053051033e-08,0.11454137780759856,0.11454137912377643,0.6304916423582578,0.11454150242237601
11,0.05,556,5.471443955339517e-07,0.11454137052471126,0.11454137912377643,0.6295636742589152,0.11454270341447322
11,0.05,557,1.0191249214676952e-06,0.11454136363392602,0.11454137912377643,0.6286390381814733,0.11454384558930683
11,0.05,558,1.456146091691989e-06,0.11454135727217274,0.11454137912377643,0.6277177162118359,0.11454490321628988
11,0.05,559,1.8496222314713822e-06,0.1145413515610396,0.11454137912377643,0.6267996905640933,0.11454585547524868
11,0.05,560,2.192154241023673e-06,0.11454134660466894,0.11454137912377643,0.6258849435793785,0.11454668444992674
11,0.05,561,2.4776535795536913e-06,0.11454134248808553,0.11454137912377643,0.6249734577247339,0.11454737540152886
11,0.05,562,2.701438641860945e-06,0.11454133927597542,0.11454137912377643,0.6240652155919921,0.11454791699798919
11,0.05,563,2.860298494353288e-06,0.11454133701192426,0.11454137912377643,0.6231601998966667,0.11454830146712373
11,0.05,564,2.9525230189689616e-06,0.11454133571811455,0.11454137912377643,0.6222583934768566,0.11454852466931545
11,0.05,565,2.9778996239911394e-06,0.11454133539547304,0.11454137912377643,0.6213597792921608,0.11454858608939039
11,0.05,566,2.93767746826432e-06,0.1145413360242509,0.11454137912377643,0.6204643404226053,0.11454848875002373
11,0.05,567,2.834500845390515e-06,0.1145413375650126,0.11454137912377643,0.6195720600675809,0.11454823905048074
11,0.05,568,2.672314003910637e-06,0.11454133996000199,0.11454137912377643,0.6186829215447927,0.11454784653625524
11,0.05,569,2.45624024315278e-06,0.11454134313484826,0.11454137912377643,0.6177969082892196,0.11454732360645109
11,0.05,570,2.1924386075887675e-06,0.11454134700056963,0.11454137912377643,0.6169140038520873,0.11454668516695304
11,0.05,571,1.8879418997343505e-06,0.11454135145582714,0.11454137912377643,0.6160341918998486,0.11454594823836878
11,0.05,572,1.550480039350641e-06,0.1145413563893778,0.11454137912377643,0.6151574562131772,0.11454513152852865
11,0.05,573,1.188293008035007e-06,0.11454136168267377,0.11454137912377643,0.6142837806859704,0.11454425497974834
11,0.05,574,8.099377356740804e-07,0.11454136721255134,0.11454137912377643,0.6134131493243639,0.11454333930154213
11,0.05,575,4.2409335737951855e-07,0.11454137285395379,0.11454137912377643,0.6125455462457541,0.11454240549971328
11,0.05,576,3.9374050350452254e-08,0.114541378482631,0.11454137912377643,0.611680955677834,0.11454147444991303
11,0.05,577,3.358854596584188e-07,0.11454138397776127,0.11454137912377643,0.6108193619576363,0.11454219202004122
11,0.05,578,6.937422874663341e-07,0.11454138922444154,0.11454137912377643,0.6099607495305881,0.11454305808528252
11,0.05,579,1.0268733964844968e-06,0.1145413941159969,0.11454137912377643,0.6091051029495747,0.11454386431103365
11,0.05,580,1.328683116580027e-06,0.11454139855606375,0.11454137912377643,0.6082524068740129,0.11454459473370256
11,0.05,581,1.5934351685216833e-06,0.11454140246040662,0.11454137912377643,0.607402646068935,0.114545235470495
11,0.05,582,1.8163543608553787e-06,0.11454140575843486,0.11454137912377643,0.6065558054040809,0.11454577496479824
11,0.05,583,1.9937047619536916e-06,0.11454140839439252,0.11454137912377643,0.6057118698529997,0.1145462041752625
11,0.05,584,2.1228431699715943e-06,0.11454141032820181,0.11454137912377643,0.604870824492162,0.11454651670518645
11,0.05,585,2.2022473692066905e-06,0.11454141153594928,0.11454137912377643,0.6040326545000794,0.11454670887084357
11,0.05,586,2.231519232278793e-06,0.11454141201001083,0.11454137912377643,0.6031973451564338,0.11454677970899858
11,0.05,587,2.211363273956222e-06,0.11454141175882102,0.11454137912377643,0.6023648818412163,0.11454673092498548
11,0.05,588,2.1435417812849425e-06,0.11454141080629918,0.11454137912377643,0.6015352500338738,0.11454656678408197
11,0.05,589,2.030808123500361e-06,0.1145414091909525,0.11454137912377643,0.6007084353124643,0.11454629395012948
11,0.05,590,1.8768202773971913e-06,0.11454140696468353,0.11454137912377643,0.5998844233528224,0.1145459212762179
11,0.05,591,1.6860369808675368e-06,0.11454140419133452,0.11454137912377643,0.599063199927731,0.11454545955340904
11,0.05,592,1.463599240746594e-06,0.11454140094500767,0.11454137912377643,0.5982447509061027,0.1145449212239777
11,0.05,593,1.2152001741802067e-06,0.11454139730820291,0.11454137912377643,0.5974290622521696,0.1145443200665355
11,0.05,594,9.469463544788228e-07,0.11454139336981899,0.11454137912377643,0.5966161200246808,0.11454367086078929
11,0.05,595,6.652140296436044e-07,0.11454138922306484,0.11454137912377643,0.5958059103761078,0.11454298904069772
11,0.05,596,3.765043577920605e-07,0.11454138496332945,0.11454137912377643,0.594998419551859,0.11454229035050432
11,0.05,597,8.732455563578047e-08,0.11454138068605699,0.11454137912377643,0.5941936338895004,0.11454159068869296
11,0.05,598,1.9615063037056715e-07,0.11454137648467437,0.11454137912377643,0.5933915398179858,0.11454185396342641
11,0.05,599,4.67709143847049e-07,0.11454137244861386,0.11454137912377643,0.5925921238568936,0.11454251110499711
11,0.05,600,7.218415896955703e-07,0.1145413686614717,0.11454137912377643,0.5917953726156717,0.11454312612084488
11,0.05,601,9.534673638483605e-07,0.11454136519933913,0.11454137912377643,0.5910012727928899,0.11454368667658363
11,0.05,602,1.1581379106676842e-06,0.11454136212933667,0.11454137912377643,0.5902098111754993,0.1145441820005113
11,0.05,603,1.3321111671280367e-06,0.11454135950837914,0.11454137912377643,0.5894209746381001,0.1145446030347487
11,0.05,604,1.4724136373306672e-06,0.1145413573821913,0.11454137912377643,0.5886347501422154,0.1145449425824381
11,0.05,605,1.5768845357905774e-06,0.11454135578458978,0.11454137912377643,0.5878511247355734,0.11454519541393486
11,0.05,606,1.6442011538290324e-06,0.11454135473703993,0.11454137912377643,0.5870700855513955,0.11454535832795004
11,0.05,607,1.6738853325713258e-06,0.11454135424849045,0.11454137912377643,0.5862916198076927,0.11454543016716366
11,0.05,608,1.666291389618936e-06,0.11454135431548333,0.11454137912377643,0.5855157148065678,0.11454541178898381
11,0.05,609,1.6225762503096773e-06,0.11454135492252991,0.11454137912377643,0.5847423579335255,0.11454530599320595
11,0.05,610,1.5446529047597647e-06,0.11454135604273938,0.11454137912377643,0.5839715366567881,0.11454511740943385
11,0.05,611,1.43512864665222e-06,0.1145413576386804,0.11454137912377643,0.5832032385266196,0.11454485234756245
11,0.05,612,1.297229842313865e-06,0.11454135966345194,0.11454137912377643,0.5824374511746542,0.11454451861574315
11,0.05,613,1.1347152258431484e-06,0.11454136206193623,0.11454137912377643,0.5816741623132335,0.11454412531057019
11,0.05,614,9.517799141426773e-07,0.11454136477220217,0.11454137912377643,0.5809133597347491,0.11454368258481844
11,0.05,615,7.529524851875709e-07,0.11454136772702575,0.11454137912377643,0.5801550313109913,0.11454320139846313
11,0.05,616,5.42987577403502e-07,0.1145413708554919,0.11454137912377643,0.5793991649925057,0.11454269325909876
11,0.05,617,3.267566783670334e-07,0.11454137408464052,0.11454137912377643,0.5786457488079534,0.11454216995926166
11,0.05,618,1.0914307062900053e-07,0.11454137734111997,0.11454137912377643,0.5778947708634806,0.11454164334332204
11,0.05,619,1.0511033397287413e-07,0.11454138055281109,0.11454137912377643,0.5771462193420918,0.11454163354380087
11,0.05,620,3.1136445137094506e-07,0.11454138365038655,0.11454137912377643,0.57640008250303,0.11454213266772655
11,0.05,621,5.053723878670106e-07,0.1145413865687718,0.11454137912377643,0.5756563486811632,0.1145426021863593
11,0.05,622,6.832257653651381e-07,0.11454138924847783,0.11454137912377643,0.5749150062863764,0.11454303261354186
11,0.05,623,8.41476262176844e-07,0.11454139163677791,0.11454137912377643,0.5741760438029693,0.11454341560079685
11,0.05,624,9.771943344144138e-07,0.11454139368870592,0.11454137912377643,0.5734394497890604,0.11454374405733389
11,0.05,625,1.0880189521437622e-06,0.11454139536785747,0.11454137912377643,0.572705212875996,0.11454401226873304
11,0.05,626,1.1721938976194227e-06,0.11454139664698058,0.11454137912377643,0.5719733217677656,0.11454421598448063
11,0.05,627,1.228589981447468e-06,0.11454139750834728,0.11454137912377643,0.5712437652404226,0.11454435247162978
11,0.05,628,1.256713032548634e-06,0.11454139794390306,0.11454137912377643,0.5705165321415109,0.11454442053410685
11,0.05,629,1.2566978570689844e-06,0.11454139795519633,0.11454137912377643,0.5697916113894953,0.11454442049806646
11,0.05,630,1.2292886659411513e-06,0.11454139755309495,0.11454137912377643,0.5690689919732006,0.11454435416454349
11,0.05,631,1.1758067546235763e-06,0.11454139675730153,0.11454137912377643,0.5683486629512522,0.11454422473122895
11,0.05,632,1.098106474483427e-06,0.11454139559568415,0.11454137912377643,0.5676306134515252,0.11454403668588345
11,0.05,633,9.985207635379533e-07,0.1145413941034421,0.11454137912377643,0.5669148326705966,0.11454379567454183
11,0.05,634,8.797976982281274e-07,0.11454139232213036,0.11454137912377643,0.5662013098732042,0.11454350834794787
11,0.05,635,7.450296833995026e-07,0.1145413902985686,0.11454137912377643,0.565490034391709,0.11454318219018529
11,0.05,636,5.975770165658332e-07,0.11454138808366279,0.11454137912377643,0.5647809956255645,0.11454282533368354
11,0.05,637,4.409876387554696e-07,0.11454138573116798,0.11454137912377643,0.5640741830407893,0.11454244636500281
11,0.05,638,2.789149205894568e-07,0.11454138329642226,0.11454137912377643,0.563369586169446,0.11454205412589775
11,0.05,639,1.1503534592903581e-07,0.11454138083508102,0.11454137912377643,0.5626671946091242,0.11454165751419931
11,0.05,640,4.70326711705716e-08,0.11454137840187953,0.11454137912377643,0.5619669980224282,0.11454149296296731
11,0.05,641,2.0380421821665775e-07,0.11454137604945104,0.11454137912377643,0.5612689861364709,0.11454187237137337
11,0.05,642,3.520032083135381e-07,0.11454137382722487,0.11454137912377643,0.5605731487423702,0.11454223103376397
11,0.05,643,4.886258074928494e-07,0.11454137178042653,0.11454137912377643,0.5598794756947518,0.11454256167959984
11,0.05,644,6.10999635831442e-07,0.11454136994919903,0.11454137912377643,0.5591879569112566,0.11454285784129833
11,0.05,645,7.168331071925087e-07,0.1145413683678615,0.11454137912377643,0.5584985823720512,0.11454311397288001
11,0.05,646,8.042553011245161e-07,0.11454136706431661,0.11454137912377643,0.5578113421193448,0.11454332554647038
11,0.05,647,8.718456314643126e-07,0.11454136605961614,0.11454137912377643,0.5571262262569097,0.11454348912407367
11,0.05,648,9.186529306735095e-07,0.11454136536768905,0.11454137912377643,0.5564432249496054,0.11454360240376033
11,0.05,649,9.442038122956065e-07,0.1145413649952337,0.11454137912377643,0.5557623284229092,0.11454366423990947
11,0.05,650,9.485004115970083e-07,0.11454136494177107,0.11454137912377643,0.555083526962449,0.11454367463773005
11,0.05,651,9.320078333301248e-07,0.11454136519985386,0.11454137912377643,0.5544068109135416,0.11454363472288517
11,0.05,652,8.956318500035356e-07,0.11454136575542172,0.11454137912377643,0.5537321706807353,0.11454354668751131
11,0.05,653,8.406875928132427e-07,0.11454136658829134,0.11454137912377643,0.5530595967273555,0.11454341371445148
11,0.05,654,7.688601532850722e-07,0.1145413676727664,0.11454137912377643,0.5523890795750566,0.11454323988189404
11,0.05,655,6.821581663464043e-07,0.11454136897835082,0.11454137912377643,0.5517206098033751,0.11454303005107197
11,0.05,656,5.828615693112111e-07,0.11454137047054695,0.11454137912377643,0.5510541780492904,0.11454278973979479
11,0.05,657,4.734648297370579e-07,0.11454137211171897,0.11454137912377643,0.5503897750067859,0.11454252498510799
11,0.05,658,3.566170025553654e-07,0.11454137386200104,0.11454137912377643,0.5497273914264165,0.11454224219828042
11,0.05,659,2.3506004098992037e-07,0.11454137568022872,0.11454137912377643,0.5490670181148799,0.11454194801581216
11,0.05,660,1.1156709702033864e-07,0.1145413775248734,0.11454137912377643,0.5484086459345903,0.11454164915234288
11,0.05,661,1.1147623274487752e-08,0.11454137935495877,0.11454137912377643,0.5477522658032579,0.11454140620941965
11,0.05,662,1.303575626008786e-07,0.11454138113094005,0.11454137912377643,0.54709786869347,0.11454169460691743
11,0.05,663,2.4362255431911443e-07,0.11454138281552793,0.11454137912377643,0.5464454456322789,0.11454196871863546
11,0.05,664,3.4861074366398647e-07,0.11454138437444047,0.11454137912377643,0.5457949877007903,0.11454222280238135
11,0.05,665,4.4325057291707814e-07,0.1145413857770687,0.11454137912377643,0.5451464860337571,0.11454245184250608
11,0.05,666,5.257505305635963e-07,0.11454138699704386,0.11454137912377643,0.5444999318191777,0.11454265150284443
11,0.05,667,5.946305543425459e-07,0.11454138801269614,0.11454137912377643,0.5438553162978952,0.11454281820131491
11,0.05,668,6.487460672401019e-07,0.11454138880739845,0.11454137912377643,0.5432126307632034,0.1145429491678241
11,0.05,669,6.873041118350553e-07,0.11454138936979043,0.11454137912377643,0.5425718665604538,0.11454304248327424
11,0.05,670,7.098714141362108e-07,0.11454138969388124,0.11454137912377643,0.5419330150866677,0.11454309709906979
11,0.05,671,7.163744072973545e-07,0.11454138977903261,0.11454137912377643,0.5412960677901508,0.11454311283716107
11,0.05,672,7.070914237040755e-07,0.11454138962982549,0.11454137912377643,0.5406610161701115,0.11454309037113249
11,0.05,673,6.826374302606346e-07,0.1145413892558166,0.11454137912377643,0.5400278517762833,0.11454303118927268
11,0.05,674,6.439418330569779e-07,0.11454138867119351,0.11454137912377643,0.5393965662085497,0.11454293754085443
11,0.05,675,5.9222001649455e-07,0.11454138789433864,0.11454137912377643,0.5387671511165723,0.11454281236726246
11,0.05,676,5.289393996446175e-07,0.11454138694731406,0.11454137912377643,0.5381395981994231,0.11454265921984329
11,0.05,677,4.5578089245429207e-07,0.11454138585528115,0.11454137912377643,0.5375138992052197,0.11454248216661755
11,0.05,678,3.745967113334116e-07,0.11454138464586873,0.11454137912377643,0.5368900459307635,0.11454228569021457
11,0.05,679,2.87365569687485e-07,0.11454138334850594,0.11454137912377643,0.5362680302211802,0.11454207457943376
11,0.05,680,1.9614629625569977e-07,0.11454138199373477,0.11454137912377643,0.5356478439695664,0.11454185381711585
11,0.05,681,1.030310106571028e-07,0.1145413806125175,0.11454137912377643,0.5350294791166357,0.11454162846732577
11,0.05,682,1.0104594577895592e-08,0.11454137923555477,0.11454137912377643,0.5344129276503705,0.11454140360843024
11,0.05,683,8.063409467900837e-08,0.11454137789262826,0.11454137912377643,0.5337981816056756,0.1145415742837367
11,0.05,684,1.6724109771837263e-07,0.11454137661198158,0.11454137912377643,0.5331852330640354,0.1145417838820401
11,0.05,685,2.479457470502649e-07,0.11454137541975148,0.11454137912377643,0.5325740741531737,0.11454197919768407
11,0.05,686,3.211428335170414e-07,0.11454137433946036,0.11454137912377643,0.5319646970467169,0.11454215634444088
11,0.05,687,3.854327491995607e-07,0.11454137339157867,0.11454137912377643,0.5313570939638597,0.11454231193482044
11,0.05,688,4.396464369258846e-07,0.11454137259316545,0.11454137912377643,0.530751257169034,0.11454244313943947
11,0.05,689,4.828648236941763e-07,0.11454137195759163,0.11454137912377643,0.5301471789715808,0.11454254773397239
11,0.05,690,5.144323223175973e-07,0.11454137149435017,0.11454137912377643,0.5295448517254245,0.11454262413177732
11,0.05,691,5.339642475858394e-07,0.11454137120895465,0.11454137912377643,0.5289442678287506,0.11454267140184607
11,0.05,692,5.41348142260132e-07,0.11454137110292582,0.11454137912377643,0.5283454197236856,0.11454268927200213
11,0.05,693,5.367391407123942e-07,0.11454137117386422,0.11454137912377643,0.5277482998959802,0.1145426781176787
11,0.05,694,5.205496273335294e-07,0.1145413714156051,0.11454137912377643,0.5271529008746946,0.11454263893689023
11,0.05,695,4.934335620483285e-07,0.11454137181844977,0.11454137912377643,0.5265592152318874,0.11454257331231082
11,0.05,696,4.5626595378563484e-07,0.11454137236946704,0.11454137912377643,0.5259672355823068,0.11454248336158118
11,0.05,697,4.101180543878371e-07,0.11454137305285608,0.11454137912377643,0.5253769545830838,0.11454237167728026
11,0.05,698,3.5622892402875965e-07,0.11454137385036128,0.11454137912377643,0.5247883649334286,0.11454224125810139
11,0.05,699,2.9597408232462724e-07,0.11454137474172958,0.11454137912377643,0.5242014593743303,0.11454209543300552
11,0.05,700,2.3083200231035024e-07,0.11454137570519875,0.11454137912377643,0.5236162306882581,0.11454193778010856
11,0.05,701,1.6234923348512954e-07,0.11454137671800585,0.11454137912377643,0.5230326716988651,0.11454177204227275
11,0.05,702,9.210494888658531e-08,0.11454137775690436,0.11454137912377643,0.5224507752706955,0.1145416020413371
11,0.05,703,2.167571598162412e-08,0.11454137879867875,0.11454137912377643,0.5218705343088934,0.11454143159289601
11,0.05,704,4.739888110773072e-08,0.11454137982064545,0.11454137912377643,0.5212919417589145,0.11454149382497965
11,0.05,705,1.1364854771965232e-07,0.11454138080112976,0.11454137912377643,0.5207149906062405,0.11454165415833109
11,0.05,706,1.757028332254533e-07,0.11454138171990924,0.11454137912377643,0.5201396738760954,0.1145418043382886
11,0.05,707,2.3231818644426673e-07,0.1145413825586147,0.11454137912377643,0.5195659846331642,0.11454194135525653
11,0.05,708,2.824018073359512e-07,0.11454138330108111,0.11454137912377643,0.5189939159813148,0.11454206256451858
11,0.05,709,3.2503153752642665e-07,0.11454138393364234,0.11454137912377643,0.5184234610633212,0.11454216573430817
11,0.05,710,3.5947152173160114e-07,0.11454138444536417,0.11454137912377643,0.5178546130605894,0.114542249083769
11,0.05,711,3.851834068134016e-07,0.11454138482821281,0.11454137912377643,0.5172873651928864,0.11454231131000757
11,0.05,712,4.018329498162669e-07,0.11454138507715604,0.11454137912377643,0.5167217107180702,0.11454235160412451
11,0.05,713,4.0929201010775267e-07,0.11454138519019703,0.11454137912377643,0.516157642931823,0.11454236965600004
11,0.05,714,4.076360019098596e-07,0.11454138516834146,0.11454137912377643,0.5155951551673859,0.1145423656481508
11,0.05,715,3.9713698026483684e-07,0.1145413850155001,0.11454137912377643,0.515034240795297,0.1145423402390045
11,0.05,716,3.7825262402046546e-07,0.11454138473833103,0.11454137912377643,0.51447489322313,0.1145422945362003
11,0.05,717,3.5161146178951344e-07,0.11454138434602594,0.11454137912377643,0.513917105895237,0.11454223006088146
11,0.05,718,3.179947602273735e-07,0.11454138385004675,0.11454137912377643,0.5133608722924912,0.11454214870382227
11,0.05,719,2.7831555477499066e-07,0.11454138326381952,0.11454137912377643,0.512806185932034,0.11454205267469543
11,0.05,720,2.3359535383761514e-07,0.11454138260239337,0.11454137912377643,0.5122530403670225,0.11454194444570538
11,0.05,721,1.8493908424111108e-07,0.11454138188207232,0.11454137912377643,0.51170142918638,0.11454182669094369
11,0.05,722,1.335088703897106e-07,0.11454138112002955,0.11454137912377643,0.5111513460145481,0.11454170222294789
11,0.05,723,8.049726043131774e-08,0.11454138033391204,0.11454137912377643,0.5106027845112414,0.11454157392799494
11,0.05,724,2.710069275110548e-08,0.11454137954144476,0.11454137912377643,0.5100557383712034,0.11454144470294399
11,0.05,725,2.5509221319185114e-08,0.11454137876004349,0.11454137912377643,0.5095102013239656,0.11454144087373984
11,0.05,726,7.620289325372566e-08,0.11454137800644337,0.11454137912377643,0.5089661671336072,0.11454156355727113
11,0.05,727,1.2392705184292015e-07,0.11454137729635216,0.11454137912377643,0.5084236295985181,0.11454167905582152
11,0.05,728,1.6771798819264304e-07,0.11454137664413402,0.11454137912377643,0.5078825825511626,0.1145417850356615
11,0.05,729,2.0672283288713375e-07,0.11454137606253076,0.11454137912377643,0.5073430198578466,0.11454187943259059
11,0.05,730,2.402150299172435e-07,0.11454137556242507,0.11454137912377643,0.5068049354184849,0.11454196048819563
11,0.05,731,2.676068848100759e-07,0.11454137515265018,0.11454137912377643,0.5062683231663718,0.11454202678016116
11,0.05,732,2.8845877956755416e-07,0.11454137483984889,0.11454137912377643,0.505733177067953,0.114542077244554
11,0.05,733,3.024849275506469e-07,0.11454137462838364,0.11454137912377643,0.5051994911225993,0.11454211118972353
11,0.05,734,3.0955563099792504e-07,0.11454137452029856,0.11454137912377643,0.5046672593623829,0.114542128301782
11,0.05,735,3.096960811050216e-07,0.11454137451533285,0.11454137912377643,0.5041364758518543,0.11454212864168807
11,0.05,736,3.03081816269056e-07,0.11454137461098413,0.11454137912377643,0.5036071346878215,0.11454211263427265
11,0.05,737,2.900310233314671e-07,0.11454137480261882,0.11454137912377643,0.5030792299991322,0.11454208104958614
11,0.05,738,2.709939306276223e-07,0.11454137508362655,0.11454137912377643,0.5025527559464555,0.11454203497725028
11,0.05,739,2.465395988331046e-07,0.11454137544561356,0.11454137912377643,0.5020277067220675,0.11454197579445753
11,0.05,740,2.1734046463343832e-07,0.11454137587863042,0.11454137912377643,0.5015040765496375,0.11454190512859815
11,0.05,741,1.8415503086706088e-07,0.11454137637142804,0.11454137912377643,0.5009818596840155,0.11454182481535392
11,0.05,742,1.478091286321409e-07,0.11454137691173565,0.11454137912377643,0.5004610504110233,0.11454173685335635
11,0.05,743,1.0917619623357158e-07,0.11454137748655438,0.11454137912377643,0.49994164304724503,0.11454164335645235
11,0.05,744,6.915703236584365e-08,0.11454137808245929,0.11454137912377643,0.49942363193982103,0.11454154650475216
11,0.05,745,2.8659513226310342e-08,0.11454137868590362,0.11454137912377643,0.49890701146624244,0.11454144849575679
11,0.05,746,1.142221444940798e-08,0.1145413792835177,0.11454137912377643,0.49839177603414797,0.11454140675831063
11,0.05,747,5.02237783219791e-08,0.114541379862397,0.11454137912377643,0.4978779200811221,0.11454150066162716
11,0.05,748,8.693360772738105e-08,0.11454138041037266,0.11454137912377643,0.49736543807449457,0.11454158950423482
11,0.05,749,1.2080517696962064e-07,0.11454138091625926,0.11454137912377643,0.4968543245111425,0.1145416714780028
11,0.05,750,1.511732201586377e-07,0.11454138137007477,0.11454137912377643,0.4963445739172927,0.11454174497281026
11,0.05,751,1.7746591529269895e-07,0.11454138176322877,0.11454137912377643,0.4958361808483266,0.1145418086047367
11,0.05,752,1.9921492942089232e-07,0.1145413820886753,0.11454137912377643,0.4953291398885865,0.11454186124034271
11,0.05,753,2.1606295999571728e-07,0.11454138234102823,0.11454137912377643,0.494823445651183,0.1145419020149028
11,0.05,754,2.2776866595213407e-07,0.11454138251663702,0.11454137912377643,0.4943190927778045,0.11454193034433519
11,0.05,755,2.3420894681373618e-07,0.11454138261362269,0.11454137912377643,0.49381607593852767,0.11454194593071794
11,0.05,756,2.353785884499165e-07,0.11454138263187391,0.11454137912377643,0.49331438983162984,0.11454194876142632
11,0.05,757,2.3138735039063085e-07,0.11454138257300439,0.11454137912377643,0.49281402918340284,0.11454193910209075
11,0.05,758,2.2245462441477597e-07,0.11454138244027354,0.11454137912377643,0.492314988747968,0.11454191748368138
11,0.05,759,2.0890184195509657e-07,0.11454138223847303,0.11454137912377643,0.49181726330709286,0.11454188468408849
11,0.05,760,1.9114285479385776e-07,0.11454138197378255,0.11454137912377643,0.49132084767000955,0.11454184170489866
11,0.05,761,1.6967254904704026e-07,0.11454138165359891,0.11454137912377643,0.490825736673234,0.11454178974380823
11,0.05,762,1.4505398676865392e-07,0.1145413812863427,0.11454137912377643,0.49033192518038693,0.11454173016349213
11,0.05,763,1.1790439249815928e-07,0.11454138088124763,0.11454137912377643,0.48983940808201654,0.11454166445773833
11,0.05,764,8.88803193793753e-08,0.1145413804481374,0.11454137912377643,0.48934818029542193,0.11454159421548135
11,0.05,765,5.866233899062095e-08,0.11454137999719546,0.11454137912377643,0.48885823676447865,0.11454152108379909
11,0.05,766,2.7939601707037485e-08,0.11454137953873274,0.11454137912377643,0.48836957245946466,0.11454144673053654
11,0.05,767,2.6054696320132467e-09,0.11454137908295878,0.11454137912377643,0.4878821823768888,0.11454138544022174
11,0.05,768,3.231154143137623e-08,0.11454137863976097,0.11454137912377643,0.48739606153931964,0.11454145733307464
11,0.05,769,6.055285358539329e-08,0.11454137821849661,0.11454137912377643,0.4869112049952162,0.11454152568093807
11,0.05,770,8.675135984095312e-08,0.11454137782780201,0.11454137912377643,0.48642760781875977,0.11454158908493374
11,0.05,771,1.1038836933771648e-07,0.11454137747542245,0.11454137912377643,0.48594526510968716,0.11454164628974565
11,0.05,772,1.3101427829424457e-07,0.11454137716806588,0.11454137912377643,0.48546417199312514,0.11454169620727943
11,0.05,773,1.4825659569386685e-07,0.11454137691128341,0.11454137912377643,0.48498432361942606,0.11454173793605046
11,0.05,774,1.618260841731925e-07,0.11454137670937786,0.11454137912377643,0.48450571516400537,0.11454177077606884
11,0.05,775,1.715209316245257e-07,0.11454137656534237,0.11454137912377643,0.48402834182717924,0.11454179423892492
11,0.05,776,1.7722891149559548e-07,0.11454137648082899,0.11454137912377643,0.48355219883400474,0.11454180805300886
11,0.05,777,1.7892753679500727e-07,0.11454137645614744,0.11454137912377643,0.4830772814341203,0.1145418121639051
11,0.05,778,1.7668225576422867e-07,0.1145413764902934,0.11454137912377643,0.4826035849015877,0.114541806730006
11,0.05,779,1.7064277837273713e-07,0.11454137658100429,0.11454137912377643,0.48213110453473557,0.11454179211363266
11,0.05,780,1.6103766182427582e-07,0.11454137672484162,0.11454137912377643,0.48165983565600357,0.11454176886791917
11,0.05,781,1.481673167641855e-07,0.11454137691729654,0.11454137912377643,0.48118977361178816,0.11454173771991083
11,0.05,782,1.3239562771745254e-07,0.11454137715291599,0.11454137912377643,0.4807209137722894,0.11454169955025029
11,0.05,783,1.141404046590682e-07,0.11454137742544622,0.11454137912377643,0.48025325153135906,0.11454165537010852
11,0.05,784,9.386290434454442e-08,0.11454137772799007,0.11454137912377643,0.47978678230634936,0.11454160629577942
11,0.05,785,7.20566731724923e-08,0.11454137805317408,0.11454137912377643,0.47932150153796393,0.11454155352171856
11,0.05,786,4.92359724833939e-08,0.11454137839332174,0.11454137912377643,0.47885740469010873,0.11454149829252534
11,0.05,787,2.5924054491943635e-08,0.1145413787406287,0.11454137912377643,0.47839448724974487,0.11454144187456664
11,0.05,788,2.6419453425824846e-09,0.11454137908733641,0.11454137912377643,0.4779327447267424,0.11454138553009423
11,0.05,789,2.010520029030211e-08,0.11454137942589995,0.11454137912377643,0.4774721726537348,0.11454142777045312
11,0.05,790,4.1833605965636194e-08,0.11454137974914709,0.11454137912377643,0.4770127665859754,0.11454148035605977
11,0.05,791,6.209633462447987e-08,0.11454138005042497,0.11454137912377643,0.47655452210119387,0.11454152939460151
11,0.05,792,8.048911992205104e-08,0.11454138032373157,0.11454137912377643,0.4760974347994547,0.11454157390764064
11,0.05,793,9.665876101953047e-08,0.11454138056382976,0.11454137912377643,0.4756415003030163,0.11454161304037105
11,0.05,794,1.1030950231999334e-07,0.1145413807663415,0.11454137912377643,0.475186714256191,0.114541646077029
11,0.05,795,1.212080108112077e-07,0.11454138092782093,0.11454137912377643,0.47473307232520684,0.11454167245290417
11,0.05,796,1.2918686813161423e-07,0.11454138104580532,0.11454137912377643,0.47428057019806935,0.11454169176282365
11,0.05,797,1.3414653856346644e-07,0.11454138111884321,0.11454137912377643,0.4738292035844253,0.11454170376590096
11,0.05,798,1.3605580827774602e-07,0.11454138114649985,0.11454137912377643,0.473378968215427,0.11454170838659584
11,0.05,799,1.3495072541940244e-07,0.1145413811293401,0.11454137912377643,0.4729298598435977,0.11454170571214929
11,0.05,800,1.3093210213452243e-07,0.11454138106889046,0.11454137912377643,0.4724818742426979,0.1145416959865302
11,0.05,801,1.2416166972227793e-07,0.11454138096758075,0.11454137912377643,0.4720350072075931,0.11454167960116042
11,0.05,802,1.1485700463683383e-07,0.11454138082866781,0.11454137912377643,0.47158925455412204,0.11454165708260118
11,0.05,803,1.032853675781166e-07,0.1145413806561432,0.11454137912377643,0.47114461211896597,0.11454162907765979
11,0.05,804,8.975661683696592e-08,0.11454138045462742,0.11454137912377643,0.4707010757595192,0.11454159633623595
11,0.05,805,7.461537455798922e-08,0.11454138022925288,0.11454137912377643,0.4702586413537605,0.11454155969236313
11,0.05,806,5.8232634718220457e-08,0.11454137998553916,0.11454137912377643,0.4698173048001253,0.11454152004389427
11,0.05,807,4.099701066025768e-08,0.11454137972926288,0.11454137912377643,0.4693770620173789,0.11454147833133273
11,0.05,808,2.330582300995884e-08,0.11454137946632553,0.11454137912377643,0.4689379089444908,0.11454143551626857
11,0.05,809,5.556257486993063e-09,0.11454137920262171,0.11454137912377643,0.46849984154050967,0.11454139256010967
11,0.05,810,1.1863555012038037e-08,0.11454137894391142,0.11454137912377643,0.4680628557844396,0.11454140784620158
11,0.05,811,2.8582075766860582e-08,0.11454137869569814,0.11454137912377643,0.467626947675117,0.11454144830723692
11,0.05,812,4.425287614868355e-08,0.11454137846311586,0.11454137912377643,0.4671921132310882,0.11454148623270484
11,0.05,813,5.8561017440787243e-08,0.11454137825082705,0.11454137912377643,0.4667583484904888,0.11454152086036257
11,0.05,814,7.122926058263147e-08,0.11454137806293353,0.11454137912377643,0.46632564951092287,0.11454155151924887
11,0.05,815,8.202314041466721e-08,0.11454137790290159,0.11454137912377643,0.4658940123693435,0.1145415776419214
11,0.05,816,9.075498666227092e-08,0.11454137777350312,0.11454137912377643,0.4654634331619347,0.1145415987741862
11,0.05,817,9.728682447683327e-08,0.11454137767677315,0.11454137912377643,0.4650339080039933,0.11454161458213535
11,0.05,818,1.0153211889098947e-07,0.11454137761398446,0.11454137912377643,0.4646054330298121,0.11454162485633164
11,0.05,819,1.0345635469364673e-07,0.11454137758563938,0.11454137912377643,0.4641780043925642,0.11454162951324855
11,0.05,820,1.0307646835132448e-07,0.1145413775914786,0.11454137912377643,0.46375161826418765,0.11454162859387085
11,0.05,821,1.0045917387359354e-07,0.11454137763050626,0.11454137912377643,0.46332627083527117,0.1145416222596622
11,0.05,822,9.57182468413923e-08,0.11454137770103011,0.11454137912377643,0.4629019583149409,0.11454161078597162
11,0.05,823,8.901085235040504e-08,0.11454137780071617,0.11454137912377643,0.4624786769307475,0.11454159455315598
11,0.05,824,8.053302071703775e-08,0.11454137792665574,0.11454137912377643,0.4620564229285546,0.1145415740356375
11,0.05,825,7.051439164207291e-08,0.11454137807544292,0.11454137912377643,0.4616351925724276,0.11454154978917629
11,0.05,826,5.9212359319139124e-08,0.11454137824326131,0.11454137912377643,0.4612149821445236,0.11454152243670633
11,0.05,827,4.690576157149276e-08,0.11454137842597721,0.11454137912377643,0.4607957879449822,0.11454149265304435
11,0.05,828,3.388826209503808e-08,0.11454137861923769,0.11454137912377643,0.4603776062918165,0.1145414611489077
11,0.05,829,2.0461577528889783e-08,0.1145413788185703,0.11454137912377643,0.4599604335208056,0.1145414286544769
11,0.05,830,6.928708744277041e-09,0.11454137901948351,0.11454137912377643,0.4595442659853875,0.11454139590303775
11,0.05,831,6.412788245667618e-09,0.11454137921756478,0.11454137912377643,0.45912910005655283,0.1145413946326549
11,0.05,832,1.927685887903748e-08,0.11454137940857441,0.11454137912377643,0.4587149321227394,0.1145414257655125
11,0.05,833,3.139529637909487e-08,0.11454137958853333,0.11454137912377643,0.45830175858972744,0.11454145509380569
11,0.05,834,4.2522841388185395e-08,0.11454137975380307,0.11454137912377643,0.45788957588053564,0.114541482023993
11,0.05,835,5.244204298697772e-08,0.1145413799011563,0.11454137912377643,0.45747838043531797,0.11454150602982568
11,0.05,836,6.096728327521172e-08,0.11454138002783668,0.11454137912377643,0.4570681687112611,0.11454152666207704
11,0.05,837,6.794801505251045e-08,0.11454138013160693,0.11454137912377643,0.45665893718248274,0.11454154355640452
11,0.05,838,7.327115460017501e-08,0.11454138021078458,0.11454137912377643,0.4562506823399306,0.11454155643913522
11,0.05,839,7.686259760775604e-08,0.11454138026426454,0.11454137912377643,0.455843400691282,0.11454156513091522
11,0.05,840,7.868784810666019e-08,0.11454138029152877,0.11454137912377643,0.4554370887608445,0.11454156954827195
11,0.05,841,7.875176842572859e-08,0.11454138029264274,0.11454137912377643,0.45503174308945676,0.11454156970296503
11,0.05,842,7.709747833946102e-08,0.11454138026823961,0.11454137912377643,0.45462736023439065,0.11454156569935635
11,0.05,843,7.380444871506098e-08,0.11454138021949196,0.11454137912377643,0.4542239367692535,0.11454155772977063
11,0.05,844,6.898585148471265e-08,0.11454138014807301,0.11454137912377643,0.45382146928389155,0.11454154606809965
11,0.05,845,6.278524253893983e-08,0.1145413800561075,0.11454137912377643,0.45341995438429383,0.11454153106177521
11,0.05,846,5.537266646764668e-08,0.11454137994611438,0.11454137912377643,0.4530193886924965,0.11454151312232017
11,0.05,847,4.6940283025207644e-08,0.11454137982094194,0.11454137912377643,0.4526197688464886,0.11454149271479956
11,0.05,848,3.7697622000580525e-08,0.11454137968369761,0.11454137912377643,0.45222109150011747,0.11454147034628696
11,0.05,849,2.7866580010346662e-08,0.11454137953767396,0.11454137912377643,0.4518233533229957,0.11454144655382029
11,0.05,850,1.767627501121969e-08,0.1145413793862723,0.11454137912377643,0.4514265510004084,0.11454142189187502
11,0.05,851,7.35788246582979e-09,0.11454137923292589,0.11454137912377643,0.4510306812332208,0.11454139691993126
11,0.05,852,2.8606577129101193e-09,0.11454137908102446,0.11454137912377643,0.4506357407377872,0.11454138605778673
11,0.05,853,1.2758779360591846e-08,0.11454137893384148,0.11454137912377643,0.4502417262458599,0.11454141001265439
11,0.05,854,2.212911693771028e-08,0.11454137879446563,0.11454137912377643,0.44984863450449913,0.11454143269016383
11,0.05,855,3.07806949554405e-08,0.11454137866573835,0.11454137912377643,0.4494564622759837,0.11454145362816885
11,0.05,856,3.8543073804156546e-08,0.11454137855019803,0.11454137912377643,0.44906520633772173,0.11454147241419278
11,0.05,857,4.5269491078063874e-08,0.1145413784500322,0.11454137912377643,0.4486748634821629,0.11454148869304237
11,0.05,858,5.083945948829686e-08,0.11454137836703884,0.11454137912377643,0.4482854305167102,0.11454150217313448
11,0.05,859,5.5160729032304536e-08,0.1145413783025967,0.11454137912377643,0.44789690426363343,0.114541512631198
11,0.05,860,5.8170585198686674e-08,0.1145413782576458,0.11454137912377643,0.44750928155998243,0.11454151991546012
11,0.05,861,5.98364708045809e-08,0.11454137823267796,0.11454137912377643,0.4471225592575014,0.11454152394713221
11,0.05,862,6.015593528045883e-08,0.11454137822773712,0.11454137912377643,0.44673673422254345,0.11454152472028058
11,0.05,863,5.9155929621243985e-08,0.11454137824242971,0.11454137912377643,0.4463518033359864,0.11454152230012893
11,0.05,864,5.689147844047357e-08,0.11454137827594396,0.11454137912377643,0.44596776349314815,0.1145415168198457
11,0.05,865,5.344377423692076e-08,0.11454137832707803,0.11454137912377643,0.44558461160370383,0.11454150847592989
11,0.05,866,4.8917749375937407e-08,0.11454137839427608,0.11454137912377643,0.4452023445916023,0.11454149752233235
11,0.05,867,4.343919220202971e-08,0.11454137847567088,0.11454137912377643,0.44482095939498423,0.11454148426347247
11,0.05,868,3.7151481412320105e-08,0.11454137856913228,0.11454137912377643,0.44444045296610035,0.11454146904634814
11,0.05,869,3.02120194440756e-08,0.1145413786723203,0.11454137912377643,0.44406082227123006,0.11454145225190061
11,0.05,870,2.2788450589174886e-08,0.1145413787827412,0.11454137912377643,0.44368206429060075,0.11454143428584511
11,0.05,871,1.5054751029724644e-08,0.11454137889780601,0.11454137912377643,0.44330417601830824,0.11454141556922644
11,0.05,872,7.1872832589809045e-09,0.11454137901488902,0.11454137912377643,0.4429271544622365,0.11454139652886068
11,0.05,873,6.39404236883961e-10,0.1145413791313862,0.11454137912377643,0.4425509966439794,0.11454138065999087
11,0.05,874,8.254992670190941e-09,0.11454137924477138,0.11454137912377643,0.44217569959876174,0.11454139909106366
11,0.05,875,1.5499503622394225e-08,0.11454137935264942,0.11454137912377643,0.44180126037536177,0.11454141662378915
11,0.05,876,2.2224164031330386e-08,0.11454137945280526,0.11454137912377643,0.4414276760360335,0.1145414328983914
11,0.05,877,2.829547171013256e-08,0.11454137954324764,0.11454137912377643,0.44105494365643,0.11454144759179113
11,0.05,878,3.359752045017888e-08,0.11454137962224699,0.11454137912377643,0.44068306032552723,0.11454146042347522
11,0.05,879,3.8034080436024286e-08,0.1145413796883667,0.11454137912377643,0.44031202314554796,0.11454147116056299
11,0.05,880,4.1530199956242536e-08,0.11454137974048714,0.11454137912377643,0.43994182923188685,0.11454147962165377
11,0.05,881,4.4033303775242215e-08,0.1145413797778222,0.11454137912377643,0.4395724757130354,0.11454148567950528
11,0.05,882,4.551377645066527e-08,0.11454137979992791,0.11454137912377643,0.4392039597305079,0.11454148926245368
11,0.05,883,4.5965030749384095e-08,0.1145413798067038,0.11454137912377643,0.4388362784387676,0.11454149035455226
11,0.05,884,4.5403072833451697e-08,0.11454137979838633,0.11454137912377643,0.43846942900515334,0.11454148899453581
11,0.05,885,4.3865586359985076e-08,0.11454137977553537,0.11454137912377643,0.4381034086098071,0.1145414852736102
11,0.05,886,4.1410567010253476e-08,0.11454137973901389,0.11454137912377643,0.4377382144456017,0.11454147933212322
11,0.05,887,3.811454909770604e-08,0.11454137968996143,0.11454137912377643,0.43737384371806864,0.1145414713553091
11,0.05,888,3.4070472754835196e-08,0.11454137962976248,0.11454137912377643,0.4370102936453273,0.11454146156808434
11,0.05,889,2.9385247329128463e-08,0.11454137956000987,0.11454137912377643,0.436647561458014,0.11454145022919812
11,0.05,890,2.417707154244041e-08,0.1145413794824649,0.11454137912377643,0.43628564439921147,0.11454143762469522
11,0.05,891,1.8572575189197085e-08,0.1145413793990147,0.11454137912377643,0.43592453972437933,0.11454142406103618
11,0.05,892,1.2703849307763526e-08,0.11454137931162783,0.11454137912377643,0.43556424470128446,0.1145414098579027
11,0.05,893,6.705434659696333e-09,0.11454137922230938,0.11454137912377643,0.4352047566099323,0.11454139534089149
11,0.05,894,7.115091418004206e-10,0.11454137913305609,0.11454137912377643,0.4348460727424981,0.11454138083426509
11,0.05,895,5.1480639499008174e-09,0.1145413790458132,0.11454137912377643,0.4344881904032593,0.11454139159361582
11,0.05,896,1.0748201491659067e-08,0.11454137896243319,0.11454137912377643,0.43413110690852774,0.11454140514675981
11,0.05,897,1.5973636130625078e-08,0.11454137888463779,0.11454137912377643,0.43377481958658265,0.11454141779303977
11,0.05,898,2.071985835629524e-08,0.11454137881398353,0.11454137912377643,0.433419325777604,0.1145414292795534
11,0.05,899,2.4895427277023392e-08,0.11454137875183215,0.11454137912377643,0.4330646228336064,0.1145414393850105
11,0.05,900,2.8423629337629468e-08,0.11454137869932572,0.11454137912377643,0.4327107081183733,0.11454144792374497
11,0.05,901,3.1243780091906107e-08,0.11454137865736719,0.11454137912377643,0.4323575790073915,0.11454145474889671
11,0.05,902,3.3312144527883665e-08,0.11454137862660682,0.11454137912377643,0.4320052328877866,0.11454145975462154
11,0.05,903,3.460246554132618e-08,0.11454137860743424,0.11454137912377643,0.43165366715825837,0.11454146287737645
11,0.05,904,3.510609840613349e-08,0.11454137859997664,0.11454137912377643,0.43130287922901667,0.1145414640962367
11,0.05,905,3.4831757980488046e-08,0.11454137860410256,0.11454137912377643,0.43095286652171805,0.1145414634322983
11,0.05,906,3.3804894427461076e-08,0.11454137861943116,0.11454137912377643,0.4306036264694025,0.11454146094714401
11,0.05,907,3.2066719764733934e-08,0.11454137864534704,0.11454137912377643,0.4302551565164304,0.11454145674052221
11,0.05,908,2.967291525244086e-08,0.1145413786810193,0.11454137912377643,0.4299074541184209,0.11454145094718349
11,0.05,909,2.6692056478971495e-08,0.11454137872542518,0.11454137912377643,0.42956051674218915,0.11454144373309548
11,0.05,910,2.3203796458291347e-08,0.11454137877737725,0.11454137912377643,0.4292143418656854,0.11454143529102627
11,0.05,911,1.929685318532252e-08,0.11454137883555345,0.11454137912377643,0.4288689269779336,0.11454142583568099
11,0.05,912,1.5066849784369106e-08,0.11454137889852917,0.11454137912377643,0.4285242695789707,0.11454141559848843
11,0.05,913,1.0614059428319422e-08,0.11454137896481095,0.11454137912377643,0.42818036717978647,0.11454140482211017
11,0.05,914,6.041107415224532e-09,0.11454137903287091,0.11454137912377643,0.4278372173022635,0.1145413937549128
11,0.05,915,1.450742951661849e-09,0.11454137910118065,0.11454137912377643,0.4274948174791176,0.11454138264538029
11,0.05,916,3.0569173785482692e-09,0.11454137916824471,0.11454137912377643,0.42715316525383884,0.1145413865109028
11,0.05,917,7.385193644251726e-09,0.11454137923263247,0.11454137912377643,0.4268122581806327,0.11454139698600689
11,0.05,918,1.1444477007404284e-08,0.11454137929300745,0.11454137912377643,0.4264720938243616,0.11454140681005293
11,0.05,919,1.515299268899105e-08,0.11454137934815427,0.11454137912377643,0.4261326697604872,0.11454141578517335
11,0.05,920,1.8438670889926336e-08,0.11454137939700192,0.11454137912377643,0.4257939835750125,0.11454142373697192
11,0.05,921,2.1240458518174233e-08,0.11454137943864362,0.11454137912377643,0.42545603286442485,0.11454143051768621
11,0.05,922,2.350937270350366e-08,0.11454137947235235,0.11454137912377643,0.4251188152356389,0.11454143600876922
11,0.05,923,2.5209266421842263e-08,0.11454137949759227,0.11454137912377643,0.4247823283059402,0.11454144012274582
11,0.05,924,2.6317295228698457e-08,0.11454137951402547,0.11454137912377643,0.4244465697029292,0.1145414428043276
11,0.05,925,2.6824083046831514e-08,0.11454137952151446,0.11454137912377643,0.42411153706446525,0.1145414440308245
11,0.05,926,2.6733589952526558e-08,0.11454137952012004,0.11454137912377643,0.4237772280386114,0.11454144381182335
11,0.05,927,2.6062693199605095e-08,0.11454137951009512,0.11454137912377643,0.4234436402835792,0.1145414421881594
11,0.05,928,2.4840497040390213e-08,0.11454137949187422,0.11454137912377643,0.42311077146767423,0.114541439230277
11,0.05,929,2.310739359046933e-08,0.1145413794660596,0.11454137912377643,0.42277861926924165,0.11454143503592991
11,0.05,930,2.0913900940636182e-08,0.11454137943340387,0.11454137912377643,0.42244718137661214,0.1145414297273726
11,0.05,931,1.831930989576561e-08,0.1145413793947898,0.11454137912377643,0.4221164554880484,0.11454142344810085
11,0.05,932,1.5390173501924087e-08,0.11454137935120784,0.11454137912377643,0.42178643931169185,0.11454141635918869
11,0.05,933,1.2198675810779229e-08,0.1145413793037318,0.11454137912377643,0.42145713056550976,0.11454140863531832
11,0.05,934,8.82091925702077e-09,0.11454137925349356,0.11454137912377643,0.42112852697724235,0.11454140046067282
11,0.05,935,5.335171256760644e-09,0.1145413792016567,0.11454137912377643,0.42080062628435094,0.1145413920246585
11,0.05,936,1.8201367700393305e-09,0.11454137914939064,0.11454137912377643,0.4204734262339657,0.11454138351765707
11,0.05,937,1.6471303944998962e-09,0.1145413790978448,0.11454137912377643,0.42014692458283426,0.11454138312072155
11,0.05,938,4.991764656013556e-09,0.11454137904812414,0.11454137912377643,0.4198211190972702,0.11454139121535066
11,0.05,939,8.144219843939345e-09,0.11454137900126636,0.11454137912377643,0.4194960075531025,0.11454139884475416
11,0.05,940,1.1040529428268795e-08,0.11454137895822081,0.11454137912377643,0.4191715877356245,0.11454140585422959
11,0.05,941,1.3623942149518658e-08,0.1145413789198301,0.11454137912377643,0.4188478574395439,0.1145414121064493
11,0.05,942,1.5845942430767092e-08,0.11454137888681445,0.11454137912377643,0.4185248144689327,0.11454141748400228
11,0.05,943,1.7667099697717172e-08,0.11454137885975904,0.11454137912377643,0.4182024566371775,0.11454142189145511
11,0.05,944,1.9057700842749725e-08,0.1145413788391046,0.11454137912377643,0.4178807817669302,0.11454142525689599
11,0.05,945,1.999815544573391e-08,0.11454137882514155,0.11454137912377643,0.41755978769005914,0.11454142753293499
11,0.05,946,2.0479170440553756e-08,0.11454137881800727,0.11454137912377643,0.4172394722476001,0.11454142869705328
11,0.05,947,2.050169641038353e-08,0.11454137881768706,0.11454137912377643,0.416919833289708,0.11454142875156924
11,0.05,948,2.007665190710116e-08,0.11454137882401812,0.11454137912377643,0.4166008686756089,0.114541427722902
11,0.05,949,1.9224437322828566e-08,0.11454137883669695,0.11454137912377643,0.4162825762735522,0.11454142566042742
11,0.05,950,1.7974254533664368e-08,0.11454137885528937,0.11454137912377643,0.41596495396076294,0.11454142263481243
11,0.05,951,1.636325159069616e-08,0.11454137887924312,0.11454137912377643,0.41564799962339494,0.11454141873596045
11,0.05,952,1.4435515653608243e-08,0.11454137890790309,0.11454137912377643,0.41533171115648354,0.11454141407057113
11,0.05,953,1.224093999692175e-08,0.11454137894052785,0.11454137912377643,0.41501608646389937,0.11454140875939293
11,0.05,954,9.833992441893664e-09,0.11454137897630816,0.11454137912377643,0.4147011234583018,0.11454140293424
11,0.05,955,7.272415380710053e-09,0.1145413790143861,0.11454137912377643,0.41438682006109284,0.11454139673485958
11,0.05,956,4.61588869015643e-09,0.11454137905387503,0.11454137912377643,0.41407317420237183,0.11454139030566485
11,0.05,957,1.924703665163905e-09,0.11454137909387964,0.11454137912377643,0.41376018382088947,0.1145413837925071
11,0.05,958,7.420211173848787e-10,0.11454137913351561,0.11454137912377643,0.41344784686400315,0.11454138090813011
11,0.05,959,3.3259349175200194e-09,0.11454137917192864,0.11454137912377643,0.4131361612876317,0.11454138716198041
11,0.05,960,5.773403373574547e-09,0.11454137920831223,0.11454137912377643,0.412825125056211,0.11454139308523813
11,0.05,961,8.03433464039743e-09,0.1145413792419241,0.11454137912377643,0.41251473614264966,0.11454139855702519
11,0.05,962,1.006407481891179e-08,0.11454137927210073,0.11454137912377643,0.41220499252828496,0.11454140346928127
11,0.05,963,1.182412419267046e-08,0.1145413792982699,0.11454137912377643,0.4118958922028389,0.11454140772884733
11,0.05,964,1.3282818042395166e-08,0.11454137931996083,0.11454137912377643,0.4115874331643752,0.11454141125909119
11,0.05,965,1.4415845599379018e-08,0.11454137933681202,0.11454137912377643,0.4112796134192554,0.11454141400118178
11,0.05,966,1.5206597144159928e-08,0.11454137934857625,0.11454137912377643,0.4109724309820965,0.1145414159149075
11,0.05,967,1.5646334372392054e-08,0.11454137935512329,0.11454137912377643,0.410665883875728,0.11454141697912919
11,0.05,968,1.5734185529443757e-08,0.11454137935643977,0.11454137912377643,0.41035997013114955,0.11454141719174818
11,0.05,969,1.547696899607471e-08,0.11454137935262652,0.11454137912377643,0.4100546877874887,0.11454141656924403
11,0.05,970,1.4888853981034557e-08,0.11454137934389376,0.11454137912377643,0.4097500348919591,0.11454141514592543
11,0.05,971,1.3990869093128077e-08,0.11454137933055357,0.11454137912377643,0.40944600949981885,0.11454141297267689
11,0.05,972,1.2810274138983457e-08,0.11454137931301073,0.11454137912377643,0.4091426096743291,0.11454141011546971
11,0.05,973,1.137981166926128e-08,0.11454137929175157,0.11454137912377643,0.4088398334867129,0.11454140665354978
11,0.05,974,9.736857405830578e-09,0.1145413792673313,0.11454137912377643,0.4085376790161144,0.11454140267736922
11,0.05,975,7.92249113367242e-09,0.1145413792403603,0.11454137912377643,0.4082361443495582,0.1145413982863448
11,0.05,976,5.980510304619937e-09,0.11454137921148946,0.11454137912377643,0.4079352275819088,0.11454139358646756
11,0.05,977,3.956410778191741e-09,0.11454137918139494,0.11454137912377643,0.40763492681583086,0.11454138868783476
11,0.05,978,1.896370406869655e-09,0.11454137915076278,0.11454137912377643,0.407335240161749,0.11454138370213623
11,0.05,979,1.550991715287964e-10,0.11454137912027386,0.11454137912377643,0.40703616573780826,0.1145413795073617
11,0.05,980,2.150072713658318e-09,0.11454137909058912,0.11454137912377643,0.4067377016698348,0.11454138433795191
11,0.05,981,4.049616979702454e-09,0.11454137906233555,0.11454137912377643,0.4064398460912965,0.11454138893519883
11,0.05,982,5.813749170723242e-09,0.1145413790360936,0.11454137912377643,0.4061425971432644,0.1145413932046684
11,0.05,983,7.407355774817019e-09,0.11454137901238542,0.11454137912377643,0.40584595297437376,0.11454139706143363
11,0.05,984,8.799923477344792e-09,0.11454137899166511,0.11454137912377643,0.40554991174078575,0.11454140043165022
11,0.05,985,9.966078439210604e-09,0.11454137897431045,0.11454137912377643,0.4052544716061492,0.11454140325390556
11,0.05,986,1.088601020275271e-08,0.11454137896061652,0.11454137912377643,0.4049596307415626,0.11454140548027086
11,0.05,987,1.1545764993619072e-08,0.11454137895079128,0.11454137912377643,0.4046653873255365,0.11454140707697065
11,0.05,988,1.1937404816657357e-08,0.11454137894495334,0.11454137912377643,0.4043717395439558,0.11454140802479415
11,0.05,989,1.205903131712668e-08,0.11454137894313147,0.11454137912377643,0.40407868559004256,0.11454140831914635
11,0.05,990,1.1914677506775714e-08,0.11454137894526613,0.11454137912377643,0.40378622366431904,0.11454140796979018
11,0.05,991,1.1514073065130535e-08,0.11454137895121312,0.11454137912377643,0.4034943519745708,0.11454140700026871
11,0.05,992,1.0872291463084483e-08,0.11454137896074862,0.11454137912377643,0.40320306873580986,0.1145414054470705
11,0.05,993,1.0009288942055879e-08,0.11454137897357616,0.11454137912377643,0.40291237217023884,0.11454140335848104
11,0.05,994,8.949349176601435e-09,0.11454137898933485,0.11454137912377643,0.4026222605072142,0.11454140079328153
11,0.05,995,7.7204469584805e-09,0.11454137900760879,0.11454137912377643,0.4023327319832108,0.11454139781916087
11,0.05,996,6.3535475518934916e-09,0.1145413790279375,0.11454137912377643,0.40204378484178566,0.11454139451106597
11,0.05,997,4.8818585192182626e-09,0.11454137904982706,0.11454137912377643,0.4017554173335429,0.11454139094935865
11,0.05,998,3.3400529744888797e-09,0.11454137907276181,0.11454137912377643,0.40146762771609823,0.11454138721794134
11,0.05,999,1.7634911039902794e-09,0.11454137909621594,0.11454137912377643,0.4011804142540439,0.11454138340233733
11,0.05,1000,1.8811185536498399e-10,0.11454137911966529,0.11454137912377643,0.4008937752189136,0.11454137958779875
11,0.05,1001,1.3542784536131346e-09,0.11454137914259879,0.11454137912377643,0.40060770888914826,0.11454138239012678
11,0.05,1002,2.8280826879951717e-09,0.1145413791645292,0.11454137912377643,0.40032221355006103,0.11454138595708983
11,0.05,1003,4.203958174199171e-09,0.11454137918500314,0.11454137912377643,0.4000372874938035,0.11454138928694185
11,0.05,1004,5.454302838480154e-09,0.11454137920361017,0.11454137912377643,0.3997529290193314,0.1145413923129669
11,0.05,1005,6.554959997972825e-09,0.11454137921999077,0.11454137912377643,0.39946913643237064,0.11454139497671897
11,0.05,1006,7.485636187910768e-09,0.11454137923384274,0.11454137912377643,0.39918590804538395,0.11454139722909062
11,0.05,1007,8.230245025842299e-09,0.11454137924492645,0.11454137912377643,0.3989032421775373,0.11454139903115404
11,0.05,1008,8.777152850948935e-09,0.11454137925306855,0.11454137912377643,0.3986211371546665,0.11454140035475126
11,0.05,1009,9.119322045945665e-09,0.11454137925816417,0.11454137912377643,0.3983395913092444,0.11454140118284838
11,0.05,1010,9.254350742429383e-09,0.1145413792601774,0.11454137912377643,0.3980586029803479,0.11454140150963506
11,0.05,1011,9.184410808774782e-09,0.11454137925914042,0.11454137912377643,0.3977781705136253,0.11454140134037047
11,0.05,1012,8.916087396758554e-09,0.11454137925515112,0.11454137912377643,0.39749829226126376,0.11454140069098752
11,0.05,1013,8.460126523912405e-09,0.11454137924836931,0.11454137912377643,0.39721896658195727,0.11454139958750036
11,0.05,1014,7.831098130256797e-09,0.1145413792390118,0.11454137912377643,0.39694019184087426,0.11454139806516044
11,0.05,1015,7.046984429587923e-09,0.11454137922734614,0.11454137912377643,0.39666196640962587,0.11454139616748965
11,0.05,1016,6.128703723605222e-09,0.11454137921368363,0.11454137912377643,0.39638428866623426,0.11454139394511904
11,0.05,1017,5.099582364556342e-09,0.11454137919837139,0.11454137912377643,0.3961071569951011,0.1145413914544892
11,0.05,1018,3.984787703703848e-09,0.11454137918178398,0.11454137912377643,0.395830569786976,0.11454138875650977
11,0.05,1019,2.8107364622644538e-09,0.11454137916431448,0.11454137912377643,0.3955545254389258,0.11454138591510499
11,0.05,1020,1.6044993874502443e-09,0.11454137914636556,0.11454137912377643,0.39527902235430307,0.11454138299573549
11,0.05,1021,3.9341298488247935e-10,0.1145413791283404,0.11454137912377643,0.3950040589427159,0.11454138006396374
11,0.05,1022,7.972283458434847e-10,0.11454137911063386,0.11454137912377643,0.39472963361999674,0.11454138106356591
11,0.05,1023,1.9402955691883897e-09,0.11454137909362408,0.11454137912377643,0.3944557448081725,0.11454138383024609
11,0.05,1024,3.012879770313234e-09,0.11454137907766473,0.11454137912377643,0.39418239093543384,0.11454138642612118
11,0.05,1025,3.99326604684162e-09,0.11454137906307782,0.11454137912377643,0.3939095704361054,0.11454138879882196
11,0.05,1026,4.862348004078553e-09,0.11454137905014755,0.11454137912377643,0.3936372817506158,0.11454139090213827
11,0.05,1027,5.6039232215588054e-09,0.11454137903911489,0.11454137912377643,0.3933655233254679,0.11454139269686318
11,0.05,1028,6.20496943767612e-09,0.1145413790301736,0.11454137912377643,0.39309429361320947,0.11454139415148393
11,0.05,1029,6.655848527126036e-09,0.11454137902346703,0.11454137912377643,0.39282359107240344,0.11454139524267619
11,0.05,1030,6.950432943031851e-09,0.11454137901908623,0.11454137912377643,0.3925534141675989,0.1145413959556152
11,0.05,1031,7.086152352963865e-09,0.11454137901706939,0.11454137912377643,0.3922837613693023,0.11454139628407355
11,0.05,1032,7.063962165861874e-09,0.11454137901740216,0.11454137912377643,0.39201463115394813,0.11454139623037199
11,0.05,1033,6.8882355517537826e-09,0.11454137902001942,0.11454137912377643,0.3917460220038705,0.11454139580508957
11,0.05,1034,6.566584244772055e-09,0.11454137902480774,0.11454137912377643,0.3914779324072747,0.11454139502664377
11,0.05,1035,6.1096126326207306e-09,0.11454137903160923,0.11454137912377643,0.3912103608582085,0.1145413939207054
11,0.05,1036,5.530613246283582e-09,0.114541379040226,0.11454137912377643,0.3909433058565343,0.11454139251944148
11,0.05,1037,4.845211041378046e-09,0.11454137905042545,0.11454137912377643,0.390676765907901,0.11454139086066377
11,0.05,1038,4.070965436075164e-09,0.11454137906194625,0.11454137912377643,0.3904107395237159,0.11454138898686662
11,0.05,1039,3.2269410052499416e-09,0.11454137907450464,0.11454137912377643,0.39014522522111733,0.11454138694418729
11,0.05,1040,2.3332568795630154e-09,0.11454137908780138,0.11454137912377643,0.3898802215229468,0.11454138478129727
11,0.05,1041,1.4106327613266434e-09,0.1145413791015284,0.11454137912377643,0.38961572695772184,0.114541382548309
11,0.05,1042,4.800495211259913e-10,0.11454137911537589,0.11454137912377643,0.38935174005960865,0.11454138029560981
11,0.05,1043,4.3915683200465593e-10,0.11454137912903896,0.11454137912377643,0.38908825936839503,0.11454138017477315
11,0.05,1044,1.3253102312074854e-09,0.11454137914222441,0.11454137912377643,0.3888252834294634,0.11454138232000592
11,0.05,1045,2.1610796417056747e-09,0.11454137915465656,0.11454137912377643,0.38856281079376415,0.11454138434280181
11,0.05,1046,2.929312812588093e-09,0.11454137916608298,0.11454137912377643,0.38830084001778903,0.1145413862020813
11,0.05,1047,3.614907279873416e-09,0.11454137917627938,0.11454137912377643,0.3880393696635445,0.11454138786134171
11,0.05,1048,4.20494666177776e-09,0.11454137918505382,0.11454137912377643,0.3877783982985257,0.11454138928933301
11,0.05,1049,4.68891794380261e-09,0.11454137919225006,0.11454137912377643,0.38751792449568984,0.11454139046061865
11,0.05,1050,5.0588792580662745e-09,0.11454137919775009,0.11454137912377643,0.3872579468334309,0.11454139135598279
11,0.05,1051,5.30956910272862e-09,0.11454137920147577,0.11454137912377643,0.386998463895553,0.11454139196268984
11,0.05,1052,5.438454939571943e-09,0.11454137920338955,0.11454137912377643,0.3867394742712452,0.11454139227461486
11,0.05,1053,5.445721132772441e-09,0.11454137920349426,0.11454137912377643,0.3864809765550558,0.11454139229220114
11,0.05,1054,5.334198108904586e-09,0.11454137920183222,0.11454137912377643,0.38622296934686673,0.11454139202229704
11,0.05,1055,5.109235687440266e-09,0.11454137919848306,0.11454137912377643,0.38596545125186854,0.11454139147785293
11,0.05,1056,4.778524640609026e-09,0.11454137919356133,0.11454137912377643,0.38570842088053514,0.1145413906774792
11,0.05,1057,4.3518715408850754e-09,0.11454137918721292,0.11454137912377643,0.3854518768485987,0.11454138964491557
11,0.05,1058,3.840933204644699e-09,0.11454137917961132,0.11454137912377643,0.38519581777702516,0.11454138840836316
11,0.05,1059,3.258917430058752e-09,0.11454137917095303,0.11454137912377643,0.3849402422919891,0.1145413869997851
11,0.05,1060,2.6202579566074914e-09,0.1145413791614527,0.11454137912377643,0.38468514902484924,0.11454138545411112
11,0.05,1061,1.9402715095990662e-09,0.11454137915133812,0.11454137912377643,0.3844305366121244,0.1145413838083945
11,0.05,1062,1.2348117891225675e-09,0.11454137914084482,0.11454137912377643,0.3841764036954687,0.11454138210096976
11,0.05,1063,5.199923376222343e-10,0.11454137913021081,0.11454137912377643,0.38392274892164774,0.11454138037055636
11,0.05,1064,1.8989604134265874e-10,0.1145413791196713,0.11454137912377643,0.38366957094251436,0.11454137959210853
11,0.05,1065,8.762769828137703e-10,0.11454137910945365,0.11454137912377643,0.38341686841498507,0.1145413812549204
11,0.05,1066,1.5272105250710198e-09,0.11454137909977258,0.11454137912377643,0.3831646400010158,0.1145413828304646
11,0.05,1067,2.1288321106554e-09,0.11454137909082591,0.11454137912377643,0.38291288436757887,0.11454138428654734
11,0.05,1068,2.6692039623849343e-09,0.11454137908279059,0.11454137912377643,0.382661600186639,0.11454138559435992
11,0.05,1069,3.1380423361361233e-09,0.1145413790758193,0.11454137912377643,0.3824107861351302,0.11454138672903683
11,0.05,1070,3.5268802382902367e-09,0.11454137907003788,0.11454137912377643,0.3821604408949327,0.11454138767009196
11,0.05,1071,3.829203581813611e-09,0.11454137906554307,0.11454137912377643,0.38191056315284944,0.11454138840176382
11,0.05,1072,4.040544246082142e-09,0.11454137906240135,0.11454137912377643,0.3816611516005835,0.11454138891324042
11,0.05,1073,4.15852696101589e-09,0.11454137906064797,0.11454137912377643,0.3814122049347151,0.11454138919877876
11,0.05,1074,4.182869368339306e-09,0.11454137906028705,0.11454137912377643,0.38116372185667885,0.11454138925769274
11,0.05,1075,4.115337053893017e-09,0.11454137906129226,0.11454137912377643,0.38091570107274125,0.11454138909425161
11,0.05,1076,3.959654768536746e-09,0.11454137906360826,0.11454137912377643,0.38066814129397825,0.11454138871747682
11,0.05,1077,3.7213770597978577e-09,0.1145413790671524,0.11454137912377643,0.3804210412362529,0.11454138814080714
11,0.05,1078,3.407722626203418e-09,0.11454137907181734,0.11454137912377643,0.3801743996201931,0.11454138738170992
11,0.05,1079,3.027376247276097e-09,0.11454137907747398,0.11454137912377643,0.37992821517116954,0.11454138646120395
11,0.05,1080,2.590263870930343e-09,0.1145413790839747,0.11454137912377643,0.37968248661927384,0.11454138540330903
11,0.05,1081,2.1073066599073415e-09,0.11454137909115716,0.11454137912377643,0.3794372126992965,0.11454138423445094
11,0.05,1082,1.5901606553910456e-09,0.1145413790988481,0.11454137912377643,0.37919239215070544,0.11454138298282372
11,0.05,1083,1.050953408837454e-09,0.11454137910686746,0.11454137912377643,0.37894802371762426,0.11454138167773606
11,0.05,1084,5.020723046617908e-10,0.11454137911503243,0.11454137912377643,0.3787041061488107,0.1145413803489469
11,0.05,1085,4.849599791386545e-11,0.11454137912316156,0.11454137912377643,0.3784606381976356,0.11454137922155692
11,0.05,1086,5.775691333794742e-10,0.11454137913107851,0.11454137912377643,0.3782176186220611,0.11454138050997437
11,0.05,1087,1.0842843819948418e-09,0.11454137913861599,0.11454137912377643,0.3779750461846202,0.11454138173662427
11,0.05,1088,1.5551430962258053e-09,0.114541379145619,0.11454137912377643,0.37773291965239514,0.11454138287627999
11,0.05,1089,1.9806961786067656e-09,0.11454137915194801,0.11454137912377643,0.377491237796997,0.11454138390623306
11,0.05,1090,2.352763526174131e-09,0.11454137915748155,0.11454137912377643,0.3772499993945445,0.11454138480671883
11,0.05,1091,2.664540122609596e-09,0.11454137916211855,0.11454137912377643,0.3770092032256437,0.11454138556127906
11,0.05,1092,2.910704137588198e-09,0.11454137916577987,0.11454137912377643,0.37676884807536726,0.11454138615704658
11,0.05,1093,3.0874949483948812e-09,0.11454137916840962,0.11454137912377643,0.37652893273323407,0.11454138658491257
11,0.05,1094,3.1927565093681866e-09,0.11454137916997566,0.11454137912377643,0.37628945599318886,0.11454138683966515
11,0.05,1095,3.2259446576051924e-09,0.1145413791704699,0.11454137912377643,0.3760504166535821,0.11454138691998138
11,0.05,1096,3.1880994621185715e-09,0.11454137916990785,0.11454137912377643,0.37581181351714976,0.11454138682839093
11,0.05,1097,3.081783910445746e-09,0.11454137916832753,0.11454137912377643,0.3755736453909935,0.11454138657108988
11,0.05,1098,2.9109906416352497e-09,0.11454137916578827,0.11454137912377643,0.3753359110865607,0.11454138615773651
11,0.05,1099,2.68101995061202e-09,0.11454137916236884,0.11454137912377643,0.37509860941962464,0.11454138560116583
11,0.05,1100,2.398332717093567e-09,0.11454137915816531,0.11454137912377643,0.3748617392102648,0.1145413849170041
11,0.05,1101,2.070381216230765e-09,0.11454137915328842,0.11454137912377643,0.37462529928284743,0.11454138412329082
11,0.05,1102,1.7054234295058504e-09,0.11454137914786093,0.11454137912377643,0.37438928846600616,0.11454138324000145
11,0.05,1103,1.3123254605579776e-09,0.11454137914201455,0.11454137912377643,0.37415370559262245,0.11454138228857542
11,0.05,1104,9.003613963076234e-10,0.11454137913588695,0.11454137912377643,0.37391854949980646,0.11454138129142634
11,0.05,1105,4.790502805988414e-10,0.11454137912961854,0.11454137912377643,0.37368381902887793,0.11454138027140025
11,0.05,1106,6.00545525285145e-11,0.11454137912334938,0.11454137912377643,0.3734495130253471,0.11454137925128677
11,0.05,1107,3.5564032245309856e-10,0.11454137911721618,0.11454137912377643,0.3732156303388958,0.11454137999422383
11,0.05,1108,7.498312512115688e-10,0.11454137911134926,0.11454137912377643,0.37298216982335874,0.11454138094882367
11,0.05,1109,1.1181199460627388e-09,0.11454137910587002,0.11454137912377643,0.3727491303367045,0.11454138184031155
11,0.05,1110,1.4529790423442755e-09,0.11454137910088845,0.11454137912377643,0.37251651074101716,0.11454138265080024
11,0.05,1111,1.7479028020250657e-09,0.11454137909650097,0.11454137912377643,0.37228430990247774,0.11454138336460386
11,0.05,1112,1.997430873920422e-09,0.1145413790927887,0.11454137912377643,0.37205252669134586,0.1145413839685251
11,0.05,1113,2.197230083803494e-09,0.11454137908981606,0.11454137912377643,0.37182115998194104,0.1145413844520832
11,0.05,1114,2.344158642818712e-09,0.11454137908762975,0.11454137912377643,0.3715902086526249,0.11454138480768315
11,0.05,1115,2.436304543250013e-09,0.11454137908625826,0.11454137912377643,0.37135967158578287,0.11454138503069564
11,0.05,1116,2.472996782812329e-09,0.11454137908571163,0.11454137912377643,0.37112954766780615,0.11454138511949845
11,0.05,1117,2.454789571692019e-09,0.11454137908598161,0.11454137912377643,0.3708998357890738,0.114541385075434
11,0.05,1118,2.3834203992930254e-09,0.11454137908704241,0.11454137912377643,0.3706705348439349,0.11454138490270752
11,0.05,1119,2.261742926648261e-09,0.11454137908885158,0.11454137912377643,0.37044164373069083,0.11454138460822341
11,0.05,1120,2.0936381162945135e-09,0.11454137909135145,0.11454137912377643,0.3702131613515775,0.11454138420136485
11,0.05,1121,1.8839042143910254e-09,0.1145413790944707,0.11454137912377643,0.36998508661274804,0.114541383693762
11,0.05,1122,1.638130557692435e-09,0.11454137909812623,0.11454137912377643,0.3697574184242552,0.11454138309892466
11,0.05,1123,1.3625569442697762e-09,0.11454137910222523,0.11454137912377643,0.36953015570003395,0.11454138243195063
11,0.05,1124,1.0639241964077338e-09,0.11454137910666758,0.11454137912377643,0.36930329735788425,0.11454138170913289
11,0.05,1125,7.493230763918535e-10,0.11454137911134805,0.11454137912377643,0.3690768423194539,0.11454138094759712
11,0.05,1126,4.2607450102297147e-10,0.11454137911615887,0.11454137912377643,0.36885078951022154,0.11454138016487657
11,0.05,1127,1.0242379227055304e-10,0.11454137912099197,0.11454137912377643,0.36862513785947937,0.11454137937856128
11,0.05,1128,2.1926759803611363e-10,0.11454137912574137,0.11454137912377643,0.3683998863003165,0.1145413796416886
11,0.05,1129,5.256457820612768e-10,0.11454137913030563,0.11454137912377643,0.3681750337696021,0.11454138038424407
11,0.05,1130,8.135220017266729e-10,0.11454137913458974,0.11454137912377643,0.36795057920796864,0.11454138108121861
11,0.05,1131,1.0768071372285558e-09,0.1145413791385072,0.11454137912377643,0.3677265215597952,0.11454138171852167
11,0.05,1132,1.310322634414204e-09,0.11454137914198154,0.11454137912377643,0.3675028597731909,0.11454138228373333
11,0.05,1133,1.509692791143269e-09,0.1145413791449478,0.11454137912377643,0.3672795927999787,0.11454138276627768
11,0.05,1134,1.6713996809506945e-09,0.11454137914735373,0.11454137912377643,0.3670567195956787,0.11454138315765813
11,0.05,1135,1.7928344596926572e-09,0.11454137914916052,0.11454137912377643,0.36683423911949203,0.1145413834515569
11,0.05,1136,1.872330754201279e-09,0.11454137915034342,0.11454137912377643,0.3666121503342845,0.11454138364396065
11,0.05,1137,1.9091773384167816e-09,0.11454137915089184,0.11454137912377643,0.3663904522065708,0.11454138373313848
11,0.05,1138,1.903610218091173e-09,0.11454137915080931,0.11454137912377643,0.36616914370649806,0.11454138371966412
11,0.05,1139,1.8567844103007048e-09,0.11454137915011296,0.11454137912377643,0.36594822380783015,0.11454138360633472
11,0.05,1140,1.770726149095118e-09,0.11454137914883297,0.11454137912377643,0.3657276914879318,0.11454138339805256
11,0.05,1141,1.6482677294235583e-09,0.11454137914701144,0.11454137912377643,0.3655075457277529,0.11454138310166773
11,0.05,1142,1.4929661292175192e-09,0.11454137914470118,0.11454137912377643,0.3652877855118125,0.1145413827257901
11,0.05,1143,1.3090084314793644e-09,0.11454137914196455,0.11454137912377643,0.3650684098281834,0.11454138228055376
11,0.05,1144,1.101105954875842e-09,0.11454137913887152,0.11454137912377643,0.3648494176684768,0.11454138177733711
11,0.05,1145,8.743810370741098e-10,0.11454137913549826,0.11454137912377643,0.3646308080278264,0.11454138122853735
11,0.05,1146,6.342530000329459e-10,0.11454137913192511,0.11454137912377643,0.3644125799048734,0.11454138064722039
11,0.05,1147,3.8634864231385796e-10,0.11454137912823478,0.11454137912377643,0.3641947323017513,0.11454138004684519
11,0.05,1148,1.3679703297023556e-10,0.11454137912451065,0.11454137912377643,0.3639772642240702,0.11454137944096883
11,0.05,1149,1.1303959232173229e-10,0.11454137912083467,0.11454137912377643,0.36376017468090194,0.11454137940462832
11,0.05,1150,3.505912656586781e-10,0.11454137911728582,0.11454137912377643,0.3635434626847653,0.11454137998199297
11,0.05,1151,5.754338967679314e-10,0.11454137911393834,0.11454137912377643,0.36332712725161065,0.11454138052659692
11,0.05,1152,7.822743837168729e-10,0.11454137911086032,0.11454137912377643,0.36311116740080523,0.11454138102736595
11,0.05,1153,9.669695278223765e-10,0.11454137910811228,0.11454137912377643,0.3628955821551183,0.1145413814744508
11,0.05,1154,1.1260128160648912e-09,0.11454137910574606,0.11454137912377643,0.3626803705407064,0.11454138185941806
11,0.05,1155,1.2565542971280886e-09,0.11454137910380399,0.11454137912377643,0.36246553158709865,0.1145413821753823
11,0.05,1156,1.3564385512679668e-09,0.11454137910231807,0.11454137912377643,0.3622510643271823,0.11454138241713828
11,0.05,1157,1.4242325530193736e-09,0.11454137910130958,0.11454137912377643,0.36203696779718797,0.11454138258122554
11,0.05,1158,1.4592382629963362e-09,0.11454137910078892,0.11454137912377643,0.3618232410366755,0.11454138266595235
11,0.05,1159,1.4614899571622828e-09,0.11454137910075553,0.11454137912377643,0.3616098830885195,0.11454138267140278
11,0.05,1160,1.4317351739752086e-09,0.11454137910119831,0.11454137912377643,0.36139689299889466,0.1145413825993853
11,0.05,1161,1.371401090387602e-09,0.11454137910209602,0.11454137912377643,0.36118426981726237,0.11454138245335456
11,0.05,1162,1.2825471380641971e-09,0.11454137910341808,0.11454137912377643,0.36097201259635575,0.11454138223829625
11,0.05,1163,1.1678048620562424e-09,0.11454137910512527,0.11454137912377643,0.3607601203921661,0.11454138196057265
11,0.05,1164,1.030307055112215e-09,0.11454137910717106,0.11454137912377643,0.36054859226392866,0.11454138162776219
11,0.05,1165,8.736081884719205e-10,0.11454137910950263,0.11454137912377643,0.3603374272741088,0.11454138124846179
11,0.05,1166,7.015992130110431e-10,0.11454137911206218,0.11454137912377643,0.36012662448838806,0.11454138083206375
11,0.05,1167,5.184225039974832e-10,0.11454137911478833,0.11454137912377643,0.35991618297565064,0.11454138038854107
11,0.05,1168,3.284104550762097e-10,0.11454137911761762,0.11454137912377643,0.35970610180796925,0.11454137992823103
11,0.05,1169,1.3631214524313654e-10,0.1145413791204859,0.11454137912377643,0.3594963800605918,0.11454137946157393
11,0.05,1170,5.902017129244277e-11,0.11454137912332969,0.11454137912377643,0.3592870168119279,0.11454137924866635
11,0.05,1171,2.422099236057555e-10,0.11454137912608761,0.11454137912377643,0.3590780111435349,0.11454137969738508
11,0.05,1172,4.176579982486095e-10,0.11454137912870162,0.11454137912377643,0.3588693621401051,0.11454138012269725
11,0.05,1173,5.800186999614264e-10,0.11454137913111823,0.11454137912377643,0.3586610688894518,0.11454138051590596
11,0.05,1174,7.259481048042546e-10,0.11454137913328953,0.11454137912377643,0.3584531304824964,0.114541380869215
11,0.05,1175,8.526340194494881e-10,0.11454137913517422,0.11454137912377643,0.35824554601325487,0.11454138117589328
11,0.05,1176,9.57771198539935e-10,0.11454137913673818,0.11454137912377643,0.35803831457882507,0.11454138143039298
11,0.05,1177,1.0395862904862146e-09,0.11454137913795512,0.11454137912377643,0.357831435279373,0.11454138162843351
11,0.05,1178,1.0968597633208039e-09,0.1145413791388069,0.11454137912377643,0.35762490721812035,0.11454138176706241
11,0.05,1179,1.1289377746407246e-09,0.11454137913928383,0.11454137912377643,0.3574187295013313,0.11454138184470565
11,0.05,1180,1.1357322227015129e-09,0.1145413791393847,0.11454137912377643,0.35721290123829946,0.11454138186115169
11,0.05,1181,1.117708667583743e-09,0.11454137913911638,0.11454137912377643,0.35700742154133547,0.11454138181752821
11,0.05,1182,1.0758628382100549e-09,0.11454137913849373,0.11454137912377643,0.35680228952575377,0.11454138171624137
11,0.05,1183,1.011685835934279e-09,0.1145413791375389,0.11454137912377643,0.35659750430986026,0.11454138156089909
11,0.05,1184,9.271200892130358e-10,0.11454137913628072,0.11454137912377643,0.3563930650149396,0.11454138135620207
11,0.05,1185,8.245062779905647e-10,0.11454137913475404,0.11454137912377643,0.3561889707652424,0.11454138110780787
11,0.05,1186,7.065237337079865e-10,0.11454137913299864,0.11454137912377643,0.355985220687973,0.1145413808221905
11,0.05,1187,5.761263675399605e-10,0.11454137913105825,0.11454137912377643,0.355781813913277,0.11454138050648033
11,0.05,1188,4.364789144193667e-10,0.1145413791289797,0.11454137912377643,0.35557874957422864,0.11454138016829318
11,0.05,1189,2.9091255993783367e-10,0.11454137912681168,0.11454137912377643,0.3553760268068186,0.11454137981553388
11,0.05,1190,1.4305835070017854e-10,0.11454137912460359,0.11454137912377643,0.3551736447499421,0.11454137945625281
11,0.05,1191,1.926033089925956e-11,0.11454137912240449,0.11454137912377643,0.3549716025453862,0.11454137914911137
11,0.05,1192,1.511147933155761e-10,0.1145413791202621,0.11454137912377643,0.35476989933781766,0.11454137949769494
11,0.05,1193,2.8775777527858436e-10,0.11454137911822183,0.11454137912377643,0.35456853427477153,0.11454137982967313
11,0.05,1194,4.1506758967796707e-10,0.11454137911632557,0.11454137912377643,0.3543675065066384,0.1145413801382134
11,0.05,1195,5.30240273967612e-10,0.11454137911461125,0.11454137912377643,0.3541668151866527,0.11454138041716007
11,0.05,1196,6.310060441873066e-10,0.11454137911311181,0.11454137912377643,0.3539664594708811,0.11454138066115117
11,0.05,1197,7.154994413785367e-10,0.1145413791118547,0.11454137912377643,0.35376643851821016,0.11454138086570821
11,0.05,1198,7.822651902559795e-10,0.1145413791108615,0.11454137912377643,0.353566751490335,0.11454138102733892
11,0.05,1199,8.302739415737111e-10,0.11454137911014738,0.11454137912377643,0.3533673975517474,0.11454138114355918
11,0.05,1200,8.589318660468677e-10,0.11454137910972116,0.11454137912377643,0.35316837586972405,0.1145413812129305
11,0.05,1201,8.680822625069119e-10,0.11454137910958517,0.11454137912377643,0.3529696856143153,0.11454138123508098
11,0.05,1202,8.579982003945398e-10,0.11454137910973539,0.11454137912377643,0.35277132595833316,0.11454138121067163
11,0.05,1203,8.293658296969224e-10,0.1145413791101615,0.11454137912377643,0.35257329607734017,0.11454138114136361
11,0.05,1204,7.832595224213206e-10,0.11454137911084757,0.11454137912377643,0.3523755951496379,0.11454138102974733
11,0.05,1205,7.211094979451697e-10,0.11454137911177235,0.11454137912377643,0.3521782223562554,0.11454138087929419
11,0.05,1206,6.446622086154605e-10,0.11454137911290987,0.11454137912377643,0.3519811768809383,0.1145413806942142
11,0.05,1207,5.559359388024569e-10,0.11454137911423021,0.11454137912377643,0.351784457910137,0.11454138047938212
11,0.05,1208,4.571730210280753e-10,0.11454137911570014,0.11454137912377643,0.35158806463299597,0.11454138024020367
11,0.05,1209,3.507938112934502e-10,0.11454137911728396,0.11454137912377643,0.3513919962413423,0.11454137998248029
11,0.05,1210,2.3937070333873715e-10,0.11454137911894446,0.11454137912377643,0.35119625192967496,0.11454137971228309
11,0.05,1211,1.2576601150437878e-10,0.11454137912064356,0.11454137912377643,0.3510008308951531,0.11454137943579717
11,0.05,1212,2.09332507441482e-11,0.11454137912234334,0.11454137912377643,0.350805732337586,0.11454137915920531
11,0.05,1213,1.0333896397152914e-10,0.11454137912400669,0.11454137912377643,0.3506109554594212,0.11454137935901645
11,0.05,1214,2.0951899096880584e-10,0.11454137912559824,0.11454137912377643,0.3504164994657346,0.11454137961800355
11,0.05,1215,3.092317434711853e-10,0.1145413791270851,0.11454137912377643,0.35022236356421854,0.11454137985995058
11,0.05,1216,4.000297120267928e-10,0.11454137912843734,0.11454137912377643,0.35002854696517216,0.1145413800799931
11,0.05,1217,4.800676253085742e-10,0.11454137912962876,0.11454137912377643,0.3498350488814898,0.11454138027386254
11,0.05,1218,5.478344947080693e-10,0.11454137913063729,0.11454137912377643,0.349641868528651,0.11454138043797685
11,0.05,1219,6.021387868322084e-10,0.1145413791314454,0.11454137912377643,0.34944900512470933,0.11454138056946635
11,0.05,1220,6.421170191765535e-10,0.11454137913204025,0.11454137912377643,0.3492564578902823,0.11454138066626096
11,0.05,1221,6.672415447177067e-10,0.11454137913241409,0.11454137912377643,0.3490642260485407,0.11454138072708754
11,0.05,1222,6.773227078417125e-10,0.11454137913256414,0.11454137912377643,0.34887230882519804,0.11454138075149826
11,0.05,1223,6.725041736079897e-10,0.11454137913249249,0.11454137912377643,0.3486807054485002,0.11454138073983082
11,0.05,1224,6.532515453622029e-10,0.11454137913220615,0.11454137912377643,0.3484894151492153,0.11454138069321831
11,0.05,1225,6.203346312604535e-10,0.11454137913171648,0.11454137912377643,0.34829843716062314,0.11454138061352581
11,0.05,1226,5.748034158992597e-10,0.11454137913103907,0.11454137912377643,0.34810777071850496,0.11454138050327589
11,0.05,1227,5.179589256741875e-10,0.1145413791301932,0.11454137912377643,0.34791741506113355,0.11454138036563069
11,0.05,1228,4.5131989482932813e-10,0.1145413791292014,0.11454137912377643,0.34772736942926274,0.11454138020423509
11,0.05,1229,3.7658740185094503e-10,0.11454137912808882,0.11454137912377643,0.3475376330661175,0.11454138002319597
11,0.05,1230,2.956105707157352e-10,0.11454137912688261,0.11454137912377643,0.3473482052173839,0.11454137982692532
11,0.05,1231,2.1036951175220892e-10,0.11454137912561135,0.11454137912377643,0.347159085131199,0.11454137962007098
11,0.05,1232,1.2306512972034643e-10,0.11454137912430432,0.11454137912377643,0.346970272058141,0.1145413794073999
11,0.05,1233,3.808174510885013e-11,0.1145413791229909,0.11454137912377643,0.3467817652512194,0.11454137919368307
11,0.05,1234,5.6467362165403845e-11,0.11454137912169982,0.11454137912377643,0.34659356396586494,0.11454137926394375
11,0.05,1235,1.3807634490953206e-10,0.11454137912045868,0.11454137912377643,0.3464056674599199,0.11454137946588495
11,0.05,1236,2.1597820912324206e-10,0.11454137911929337,0.11454137912377643,0.34621807499362856,0.11454137965548895
11,0.05,1237,2.874459937109732e-10,0.11454137911822745,0.11454137912377643,0.346030785829627,0.11454137982891749
11,0.05,1238,3.5091899972009356e-10,0.11454137911728171,0.11454137912377643,0.34584379923293407,0.11454137998278574
11,0.05,1239,4.051602997649898e-10,0.11454137911647391,0.11454137912377643,0.3456571144709412,0.1145413801142163
11,0.05,1240,4.491920798514757e-10,0.11454137911581831,0.11454137912377643,0.3454707308134032,0.11454138022087433
11,0.05,1241,4.822924388011472e-10,0.1145413791153256,0.11454137912377643,0.3452846475324285,0.11454138030104635
11,0.05,1242,5.039993574307323e-10,0.11454137911500246,0.11454137912377643,0.3450988639024698,0.11454138035361595
11,0.05,1243,5.141126353246765e-10,0.11454137911485195,0.11454137912377643,0.3449133792003148,0.11454138037810362
11,0.05,1244,5.126909440254571e-10,0.11454137911487311,0.11454137912377643,0.3447281927050764,0.11454138037466087
11,0.05,1245,5.000439824996667e-10,0.11454137911506139,0.11454137912377643,0.3445433036981838,0.11454138034403291
11,0.05,1246,4.767195771892577e-10,0.11454137911540853,0.11454137912377643,0.3443587114633729,0.11454138028754564
11,0.05,1247,4.4348636233326093e-10,0.1145413791159032,0.11454137912377643,0.34417441528667714,0.11454138020705305
11,0.05,1248,4.0131217715359053e-10,0.11454137911653103,0.11454137912377643,0.3439904144564184,0.11454138010489172
11,0.05,1249,3.5133973664353054e-10,0.11454137911727515,0.11454137912377643,0.3438067082631977,0.11454137998380873
11,0.05,1250,2.9486058016665523e-10,0.11454137911811652,0.11454137912377643,0.34362329599988617,0.11454137984689557
11,0.05,1251,2.332925986617994e-10,0.11454137911903445,0.11454137912377643,0.3434401769616159,0.11454137969753198
11,0.05,1252,1.6817581736537076e-10,0.11454137912000711,0.11454137912377643,0.343257350445771,0.1145413795392594
11,0.05,1253,1.0128404580718386e-10,0.11454137912101198,0.11454137912377643,0.3430748157519785,0.11454137937574994
11,0.05,1254,3.6362816394833244e-11,0.11454137912202633,0.11454137912377643,0.34289257218209956,0.11454137921069865
11,0.05,1255,4.0322587975698594e-11,0.11454137912302786,0.11454137912377643,0.3427106190402204,0.11454137919982091
11,0.05,1256,1.0259947038414397e-10,0.11454137912399506,0.11454137912377643,0.34252895563264363,0.11454137935720064
11,0.05,1257,1.633384110334811e-10,0.11454137912490771,0.11454137912377643,0.34234758126787923,0.11454137950569072
11,0.05,1258,2.1951034443104867e-10,0.1145413791257472,0.11454137912377643,0.3421664952566359,0.11454137964227373
11,0.05,1259,2.697723757812968e-10,0.11454137912649703,0.11454137912377643,0.34198569691181235,0.11454137976426358
11,0.05,1260,3.131062919735231e-10,0.11454137912714293,0.11454137912377643,0.3418051855484885,0.11454137986934358
11,0.05,1261,3.487089439260262e-10,0.11454137912767338,0.11454137912377643,0.34162496048391694,0.11454137995564119
11,0.05,1262,3.7597870740136296e-10,0.11454137912807957,0.11454137912377643,0.3414450210375143,0.11454138002171955
11,0.05,1263,3.945160261320779e-10,0.11454137912835564,0.11454137912377643,0.3412653665308526,0.11454138006663356
11,0.05,1264,4.04124068427008e-10,0.11454137912849878,0.11454137912377643,0.3410859962876508,0.11454138008991233
11,0.05,1265,4.048074263514508e-10,0.11454137912850901,0.11454137912377643,0.3409069096337663,0.11454138009156702
11,0.05,1266,3.967662990474416e-10,0.11454137912838931,0.11454137912377643,0.3407281058971865,0.1145413800720872
11,0.05,1267,3.803873925751723e-10,0.11454137912814547,0.11454137912377643,0.34054958440802047,0.11454138003240628
11,0.05,1268,3.5623128467792483e-10,0.11454137912778573,0.11454137912377643,0.34037134449849027,0.11454137997386775
11,0.05,1269,3.2501660075286705e-10,0.11454137912732075,0.11454137912377643,0.3401933855029231,0.1145413798982173
11,0.05,1270,2.876017839628807e-10,0.11454137912676321,0.11454137912377643,0.34001570675774273,0.11454137980750337
11,0.05,1271,2.449663706246532e-10,0.1145413791261275,0.11454137912377643,0.33983830760146105,0.11454137970407242
11,0.05,1272,1.9819461616742223e-10,0.11454137912542937,0.11454137912377643,0.33966118737467044,0.11454137959048795
11,0.05,1273,1.4847356522040058e-10,0.11454137912468554,0.11454137912377643,0.339484345420035,0.11454137946946452
11,0.05,1274,9.716557111466006e-11,0.11454137912391334,0.11454137912377643,0.3393077810822829,0.114541379343819
11,0.05,1275,4.653291338711058e-11,0.11454137912313023,0.11454137912377643,0.33913149370819773,0.11454137921640568
11,0.05,1276,2.060321287187657e-11,0.11454137912235356,0.11454137912377643,0.33895548264661124,0.11454137915751009
11,0.05,1277,6.281679303570666e-11,0.11454137912160012,0.11454137912377643,0.33877974724839444,0.11454137928009116
11,0.05,1278,1.09651145554199e-10,0.11454137912088576,0.11454137912377643,0.3386042868664503,0.11454137939631406
11,0.05,1279,1.5361821785255263e-10,0.11454137912022513,0.11454137912377643,0.33842910085570543,0.11454137950379654
11,0.05,1280,1.9331134391249874e-10,0.11454137911963136,0.11454137912377643,0.33825418857310235,0.114541379600405
11,0.05,1281,2.2784382886516611e-10,0.11454137911911579,0.11454137912377643,0.33807954937759155,0.11454137968430245
11,0.05,1282,2.5654239796173346e-10,0.11454137911868771,0.11454137912377643,0.3379051826301237,0.11454137975395626
11,0.05,1283,2.7890192513861436e-10,0.1145413791183544,0.11454137912377643,0.33773108769364174,0.11454137980819805
11,0.05,1284,2.9457759220750646e-10,0.11454137911812078,0.11454137912377643,0.3375572639330733,0.11454137984621106
11,0.05,1285,3.033835544192753e-10,0.11454137911798959,0.11454137912377643,0.3373837107153229,0.11454137986755929
11,0.05,1286,3.0529074901670597e-10,0.1145413791179612,0.11454137912377643,0.3372104274092641,0.11454137987218672
11,0.05,1287,3.0042326205507753e-10,0.11454137911803372,0.11454137912377643,0.3370374133857323,0.11454137986038246
11,0.05,1288,2.890514697299203e-10,0.11454137911820315,0.11454137912377643,0.33686466801751647,0.11454137983280839
11,0.05,1289,2.7158280077836483e-10,0.1145413791184635,0.11454137912377643,0.3366921906793522,0.11454137979044489
11,0.05,1290,2.485506609305442e-10,0.11454137911880695,0.11454137912377643,0.3365199807479138,0.11454137973456421
11,0.05,1291,2.2060105594706758e-10,0.11454137911922398,0.11454137912377643,0.33634803760180676,0.11454137966671335
11,0.05,1292,1.88480159854672e-10,0.1145413791197037,0.11454137912377643,0.33617636062156064,0.11454137958866238
11,0.05,1293,1.5302559018045903e-10,0.11454137912023415,0.11454137912377643,0.3360049491896211,0.11454137950235509
11,0.05,1294,1.1517664012561349e-10,0.11454137912080255,0.11454137912377643,0.335833802690343,0.11454137940986828
11,0.05,1295,7.607666715938737e-11,0.11454137912139563,0.11454137912377643,0.33566292050998275,0.11454137931337502
11,0.05,1296,3.7933122250718215e-11,0.11454137912199988,0.11454137912377643,0.3354923020366909,0.11454137921506823
11,0.05,1297,1.969732190330001e-11,0.1145413791226018,0.11454137912377643,0.3353219466605052,0.11454137913042199
11,0.05,1298,5.014454420148211e-11,0.11454137912318829,0.11454137912377643,0.33515185377334283,0.11454137922585214
11,0.05,1299,8.62126483460971e-11,0.11454137912374698,0.11454137912377643,0.3349820227689937,0.11454137931676245
11,0.05,1300,1.2056697524422313e-10,0.11454137912426637,0.11454137912377643,0.3348124530431127,0.11454137940128364
11,0.05,1301,1.5185986277332934e-10,0.11454137912473608,0.11454137912377643,0.33464314399321315,0.11454137947772122
11,0.05,1302,1.7932514107845989e-10,0.11454137912514706,0.11454137912377643,0.33447409501865905,0.11454137954460361
11,0.05,1303,2.0239886611074948e-10,0.1145413791254918,0.11454137912377643,0.3343053055206584,0.11454137960070476
11,0.05,1304,2.2065785539460253e-10,0.1145413791257644,0.11454137912377643,0.3341367749022559,0.1145413796450609
11,0.05,1305,2.338068246399205e-10,0.11454137912596066,0.11454137912377643,0.333968502568326,0.11454137967698916
11,0.05,1306,2.4167532355942954e-10,0.11454137912607809,0.11454137912377643,0.333800487925566,0.11454137969608634
11,0.05,1307,2.442153930861007e-10,0.11454137912611606,0.11454137912377643,0.33363273038248886,0.1145413797022497
11,0.05,1308,2.414987767057423e-10,0.1145413791260756,0.11454137912377643,0.33346522934941647,0.11454137969565824
11,0.05,1309,2.337120381490784e-10,0.11454137912595949,0.11454137912377643,0.3332979842384725,0.11454137967675719
11,0.05,1310,2.211498904775434e-10,0.11454137912577206,0.11454137912377643,0.3331309944635758,0.11454137964625816
11,0.05,1311,2.0420688971567973e-10,0.11454137912551911,0.11454137912377643,0.3329642594404333,0.11454137960509743
11,0.05,1312,1.8336785734768043e-10,0.11454137912520777,0.11454137912377643,0.3327977785865334,0.11454137955443794
11,0.05,1313,1.5919884294809906e-10,0.11454137912484619,0.11454137912377643,0.3326315513211391,0.11454137949560392
11,0.05,1314,1.323410358743265e-10,0.11454137912444351,0.11454137912377643,0.3324655770652811,0.11454137943008119
11,0.05,1315,1.0351792196155625e-10,0.1145413791240094,0.11454137912377643,0.3322998552417515,0.11454137935945496
11,0.05,1316,7.359569518845739e-11,0.11454137912355418,0.11454137912377643,0.3321343852750965,0.11454137928539204
11,0.05,1317,4.3953009200567394e-11,0.11454137912308823,0.11454137912377643,0.33196916659161024,0.11454137920958114
11,0.05,1318,2.0237944355960114e-11,0.11454137912262194,0.11454137912377643,0.3318041986193282,0.11454137913371724
11,0.05,1319,2.8681721165145203e-11,0.11454137912216551,0.11454137912377643,0.33163948078801997,0.11454137918809282
11,0.05,1320,5.4601997289717496e-11,0.11454137912172867,0.11454137912377643,0.3314750125291834,0.11454137925916015
11,0.05,1321,8.097851565076849e-11,0.11454137912132045,0.11454137912377643,0.33131079327603774,0.11454137932557377
11,0.05,1322,1.0544784215251161e-10,0.11454137912094904,0.11454137912377643,0.3311468224635171,0.11454137938598752
11,0.05,1323,1.271745425809083e-10,0.11454137912062173,0.11454137912377643,0.3309830995282641,0.11454137943924365
11,0.05,1324,1.4563893690426132e-10,0.11454137912034454,0.11454137912377643,0.33081962390862324,0.11454137948434075
11,0.05,1325,1.604701838494427e-10,0.11454137912012234,0.11454137912377643,0.3306563950446347,0.11454137952049379
11,0.05,1326,1.7140979238108936e-10,0.11454137911995865,0.11454137912377643,0.3304934123780277,0.11454137954713309
11,0.05,1327,1.7830116346440037e-10,0.11454137911985562,0.11454137912377643,0.3303306753522144,0.11454137956390623
11,0.05,1328,1.8108545211633913e-10,0.11454137911981409,0.11454137912377643,0.3301681834122834,0.11454137957067899
11,0.05,1329,1.7979856035490268e-10,0.11454137911983338,0.11454137912377643,0.3300059360049933,0.11454137956754398
11,0.05,1330,1.745670521755685e-10,0.11454137911991169,0.11454137912377643,0.32984393257876676,0.11454137955481689
11,0.05,1331,1.6560361372909675e-10,0.11454137912004586,0.11454137912377643,0.32968217258368415,0.11454137953299856
11,0.05,1332,1.532009439762796e-10,0.11454137912023163,0.11454137912377643,0.329520655471477,0.1145413795027815
11,0.05,1333,1.377257243116799e-10,0.11454137912046367,0.11454137912377643,0.3293593806955223,0.11454137946502609
11,0.05,1334,1.1961376497621707e-10,0.11454137912073585,0.11454137912377643,0.3291983477108358,0.11454137942073969
11,0.05,1335,9.937062133216914e-11,0.1145413791210413,0.11454137912377643,0.3290375559740665,0.11454137937104414
11,0.05,1336,7.759115908431984e-11,0.11454137912137252,0.11454137912377643,0.3288770049434899,0.11454137931714725
11,0.05,1337,5.505696115440138e-11,0.1145413791217217,0.11454137912377643,0.32871669407900245,0.11454137926032865
11,0.05,1338,3.327200105128792e-11,0.11454137912208076,0.11454137912377643,0.3285566228421151,0.11454137920189587
11,0.05,1339,1.86483480142079e-11,0.11454137912244168,0.11454137912377643,0.3283967906959476,0.11454137914316322
11,0.05,1340,2.7380191178676603e-11,0.11454137912279652,0.11454137912377643,0.3282371971052221,0.11454137916213387
11,0.05,1341,4.701050663975263e-11,0.11454137912313773,0.11454137912377643,0.3280778415362575,0.11454137921766128
11,0.05,1342,6.738047577488221e-11,0.11454137912345823,0.11454137912377643,0.3279187234569636,0.11454137926981078
11,0.05,1343,8.651978372833218e-11,0.11454137912375152,0.11454137912377643,0.32775984233683464,0.11454137931752542
11,0.05,1344,1.0368711010665778e-10,0.11454137912401183,0.11454137912377643,0.32760119764694395,0.1145413793598726
11,0.05,1345,1.184331433457247e-10,0.11454137912423425,0.11454137912377643,0.32744278885993794,0.11454137939605726
11,0.05,1346,1.304413998882971e-10,0.1145413791244148,0.11454137912377643,0.3272846154500299,0.11454137942543823
11,0.05,1347,1.3948944191069652e-10,0.11454137912455059,0.11454137912377643,0.3271266768929948,0.11454137944754407
11,0.05,1348,1.4543715946579384e-10,0.11454137912463976,0.11454137912377643,0.3269689726661631,0.11454137946205942
11,0.05,1349,1.4822206091817959e-10,0.11454137912468146,0.11454137912377643,0.3268115022484148,0.1145413794688511
11,0.05,1350,1.4785626190060664e-10,0.11454137912467595,0.11454137912377643,0.32665426512017437,0.1145413794679581
11,0.05,1351,1.4442367148968419e-10,0.11454137912462448,0.11454137912377643,0.32649726076340424,0.1145413794595845
11,0.05,1352,1.3807614672287964e-10,0.11454137912452923,0.11454137912377643,0.3263404886615998,0.11454137944409085
11,0.05,1353,1.2902914889706522e-10,0.11454137912439336,0.11454137912377643,0.32618394829978326,0.11454137942198979
11,0.05,1354,1.1755764722961037e-10,0.1145413791242208,0.11454137912377643,0.3260276391644981,0.11454137939391262
11,0.05,1355,1.039919557459963e-10,0.11454137912401617,0.11454137912377643,0.32587156074380386,0.11454137936062095
11,0.05,1356,8.871794393534009e-11,0.11454137912378475,0.11454137912377643,0.32571571252726994,0.1145413793229675
11,0.05,1357,7.218784255177864e-11,0.11454137912353221,0.11454137912377643,0.3255600940059704,0.11454137928186968
11,0.05,1358,5.49684590320834e-11,0.11454137912326462,0.11454137912377643,0.32540470467247834,0.11454137923831365
11,0.05,1359,3.794186096665443e-11,0.11454137912298808,0.11454137912377643,0.3252495440208605,0.11454137919329929
11,0.05,1360,2.332841015667144e-11,0.11454137912270884,0.11454137912377643,0.3250946115466714,0.1145413791478499
11,0.05,1361,1.8767752905456816e-11,0.11454137912243306,0.11454137912377643,0.3249399067469485,0.1145413791445915
11,0.05,1362,2.863574520510309e-11,0.11454137912216668,0.11454137912377643,0.3247854291202061,0.1145413791879482
11,0.05,1363,4.301503784668508e-11,0.11454137912191528,0.11454137912377643,0.3246311781664303,0.11454137922886876
11,0.05,1364,5.747428711010547e-11,0.11454137912168393,0.11454137912377643,0.3244771533870735,0.11454137926651804
11,0.05,1365,7.078715563391693e-11,0.11454137912147722,0.11454137912377643,0.3243233542850491,0.11454137930015408
11,0.05,1366,8.241492278370047e-11,0.11454137912129908,0.11454137912377643,0.32416978036472605,0.11454137932914064
11,0.05,1367,9.203573441199087e-11,0.11454137912115267,0.11454137912377643,0.3240164311319236,0.11454137935295505
11,0.05,1368,9.943733483381996e-11,0.11454137912104044,0.11454137912377643,0.32386330609390596,0.11454137937120623
11,0.05,1369,1.0448573559065882e-10,0.11454137912096407,0.11454137912377643,0.323710404759377,0.11454137938362757
11,0.05,1370,1.0711402332949756e-10,0.11454137912092432,0.11454137912377643,0.3235577266384751,0.11454137939008564
11,0.05,1371,1.0731700243231854e-10,0.11454137912092123,0.11454137912377643,0.3234052712427678,0.11454137939058404
11,0.05,1372,1.0514780389208788e-10,0.11454137912095393,0.11454137912377643,0.3232530380852467,0.11454137938525562
11,0.05,1373,1.0071497839218023e-10,0.11454137912102084,0.11454137912377643,0.3231010266803221,0.1145413793743497
11,0.05,1374,9.417972476738002e-11,0.1145413791211197,0.11454137912377643,0.322949236543818,0.11454137935824539
11,0.05,1375,8.575363519381801e-11,0.11454137912124764,0.11454137912377643,0.3227976671929671,0.11454137933741834
11,0.05,1376,7.569886936274837e-11,0.11454137912140115,0.11454137912377643,0.3226463181464052,0.11454137931243188
11,0.05,1377,6.433450083439136e-11,0.11454137912157629,0.11454137912377643,0.3224951889241665,0.11454137928392658
11,0.05,1378,5.206215304509238e-11,0.11454137912176873,0.11454137912377643,0.3223442790476786,0.1145413792526114
11,0.05,1379,3.945377330010127e-11,0.11454137912197386,0.11454137912377643,0.32219358803975695,0.11454137921924194
11,0.05,1380,2.7583861700372625e-11,0.11454137912218684,0.11454137912377643,0.3220431154246005,0.11454137918458866
11,0.05,1381,1.9304833682910267e-11,0.1145413791224029,0.11454137912377643,0.321892860727786,0.11454137914943799
11,0.05,1382,2.011141984152822e-11,0.11454137912261725,0.11454137912377643,0.32174282347626354,0.11454137913298534
11,0.05,1383,2.8848297788931376e-11,0.11454137912282525,0.11454137912377643,0.3215930031983514,0.11454137916682401
11,0.05,1384,3.9988191064386994e-11,0.11454137912302248,0.11454137912377643,0.321443399423731,0.11454137919890994
11,0.05,1385,5.1200154078516417e-11,0.11454137912320493,0.11454137912377643,0.3212940116834423,0.11454137922859209
11,0.05,1386,6.162446826102194e-11,0.11454137912336901,0.11454137912377643,0.32114483950987827,0.11454137925527876
11,0.05,1387,7.082834032121636e-11,0.11454137912351153,0.11454137912377643,0.3209958824367809,0.11454137927846475
11,0.05,1388,7.854184477520025e-11,0.11454137912362991,0.11454137912377643,0.32084713999923553,0.11454137929772294
11,0.05,1389,8.458343901975161e-11,0.11454137912372217,0.11454137912377643,0.3206986117336664,0.11454137931272988
11,0.05,1390,8.883528694955886e-11,0.11454137912378688,0.11454137912377643,0.32055029717783196,0.11454137932325881
11,0.05,1391,9.12333385151661e-11,0.11454137912382335,0.11454137912377643,0.3204021958708197,0.11454137932918237
11,0.05,1392,9.176303600867074e-11,0.11454137912383143,0.11454137912377643,0.3202543073530416,0.11454137933049201
11,0.05,1393,9.045604233191539e-11,0.11454137912381158,0.11454137912377643,0.3201066311662295,0.11454137932726466
11,0.05,1394,8.738806055459915e-11,0.11454137912376497,0.11454137912377643,0.31995916685343007,0.11454137931967635
11,0.05,1395,8.267661081815563e-11,0.1145413791236932,0.11454137912377643,0.3198119139590002,0.11454137930799774
11,0.05,1396,7.647900693616765e-11,0.11454137912359846,0.11454137912377643,0.3196648720286025,0.1145413792925866
11,0.05,1397,6.8991803114296e-11,0.11454137912348333,0.11454137912377643,0.3195180406092003,0.11454137927386018
11,0.05,1398,6.045337368587784e-11,0.11454137912335086,0.11454137912377643,0.3193714192490534,0.11454137925231068
11,0.05,1399,5.1154177130340936e-11,0.1145413791232043,0.11454137912377643,0.31922500749771293,0.11454137922847533
11,0.05,1400,4.1469769660049205e-11,0.11454137912304724,0.11454137912377643,0.31907880490601725,0.11454137920292283
11,0.05,1401,3.1957544190461906e-11,0.11454137912288334,0.11454137912377643,0.31893281102608706,0.1145413791762584
11,0.05,1402,2.3649316280553407e-11,0.11454137912271632,0.11454137912377643,0.31878702541132076,0.1145413791490898
11,0.05,1403,1.8700143106215874e-11,0.11454137912254989,0.11454137912377643,0.31864144761639024,0.11454137912553707
11,0.05,1404,1.9654090202968904e-11,0.1145413791223877,0.11454137912377643,0.31849607719723594,0.11454137915192568
11,0.05,1405,2.5345434855473927e-11,0.11454137912223313,0.11454137912377643,0.3183509137110627,0.11454137917707222
11,0.05,1406,3.277633154476945e-11,0.11454137912208938,0.11454137912377643,0.3182059567163349,0.1145413792004568
11,0.05,1407,4.032173488429035e-11,0.11454137912195936,0.11454137912377643,0.3180612057727723,0.11454137922160776
11,0.05,1408,4.7265441653404726e-11,0.11454137912184556,0.11454137912377643,0.3179166604413455,0.11454137924012112
11,0.05,1409,5.324195773469441e-11,0.11454137912175005,0.11454137912377643,0.31777232028427127,0.1145413792556619
11,0.05,1410,5.803708511039899e-11,0.11454137912167454,0.11454137912377643,0.31762818486500843,0.11454137926795381
11,0.05,1411,6.15198488108186e-11,0.11454137912162012,0.11454137912377643,0.3174842537482535,0.11454137927680694
11,0.05,1412,6.361693621149573e-11,0.11454137912158753,0.11454137912377643,0.31734052649993594,0.11454137928211539
11,0.05,1413,6.43015818489436e-11,0.11454137912157697,0.11454137912377643,0.31719700268721396,0.11454137928384286
11,0.05,1414,6.358855878160017e-11,0.11454137912158811,0.11454137912377643,0.31705368187847033,0.11454137928204303
11,0.05,1415,6.153089162557586e-11,0.1145413791216202,0.11454137912377643,0.316910563643308,0.11454137927683401
11,0.05,1416,5.821851941847024e-11,0.114541379121672,0.11454137912377643,0.3167676475525456,0.11454137926841755
11,0.05,1417,5.377835948755882e-11,0.11454137912174196,0.11454137912377643,0.3166249331782134,0.11454137925704314
11,0.05,1418,4.837721810588458e-11,0.11454137912182807,0.11454137912377643,0.31648242009354877,0.11454137924303476
11,0.05,1419,4.223108837962414e-11,0.11454137912192812,0.11454137912377643,0.3163401078729922,0.11454137922676554
11,0.05,1420,3.5630062213302804e-11,0.11454137912203956,0.11454137912377643,0.3161979960921829,0.11454137920863837
11,0.05,1421,2.9001224264443957e-11,0.11454137912215968,0.11454137912377643,0.3160560843279546,0.11454137918909132
11,0.05,1422,2.306184922198965e-11,0.11454137912228565,0.11454137912377643,0.3159143721583314,0.11454137916858478
11,0.05,1423,1.907818636975648e-11,0.1145413791224146,0.11454137912377643,0.31577285916252357,0.11454137914759506
11,0.05,1424,1.861758273357769e-11,0.11454137912254367,0.11454137912377643,0.3156315449209233,0.11454137912658592
11,0.05,1425,2.1809200002787415e-11,0.11454137912267004,0.11454137912377643,0.31549042901510077,0.11454137914153589
11,0.05,1426,2.7102242582720954e-11,0.11454137912279101,0.11454137912377643,0.31534951102779973,0.11454137916122828
11,0.05,1427,3.3109453169253144e-11,0.11454137912290413,0.11454137912377643,0.3152087905429335,0.11454137917963261
11,0.05,1428,3.9063128179728474e-11,0.11454137912300705,0.11454137912377643,0.31506826714558117,0.11454137919638603
11,0.05,1429,4.454475887921646e-11,0.11454137912309778,0.11454137912377643,0.314927940421983,0.1145413792111495
11,0.05,1430,4.930283730061108e-11,0.11454137912317457,0.11454137912377643,0.3147878099595367,0.11454137922366296
11,0.05,1431,5.317497630401104e-11,0.11454137912323621,0.11454137912377643,0.31464787534679334,0.11454137923369925
11,0.05,1432,5.605539491643298e-11,0.11454137912328165,0.11454137912377643,0.31450813617345325,0.11454137924109485
11,0.05,1433,5.7881001422962625e-11,0.11454137912331033,0.11454137912377643,0.31436859203036205,0.11454137924576266
11,0.05,1434,5.862455333744224e-11,0.114541379123322,0.11454137912377643,0.3142292425095067,0.11454137924765859
11,0.05,1435,5.829102730612938e-11,0.11454137912331684,0.11454137912377643,0.31409008720401144,0.1145413792468092
11,0.05,1436,5.691531681419984e-11,0.11454137912329529,0.11454137912377643,0.31395112570813377,0.11454137924329694
11,0.05,1437,5.4560780343348876e-11,0.11454137912325826,0.11454137912377643,0.3138123576172609,0.11454137923726378
11,0.05,1438,5.131864408131516e-11,0.11454137912320692,0.11454137912377643,0.31367378252790523,0.11454137922890033
11,0.05,1439,4.7307961807522363e-11,0.11454137912314266,0.11454137912377643,0.3135354000377008,0.11454137921844354
11,0.05,1440,4.2678304471644574e-11,0.11454137912306728,0.11454137912377643,0.3133972097453995,0.11454137920617444
11,0.05,1441,3.761680784660462e-11,0.11454137912298265,0.11454137912377643,0.31325921125086675,0.11454137919240066
11,0.05,1442,3.23638810145461e-11,0.11454137912289086,0.11454137912377643,0.3131214041550782,0.11454137917745931
11,0.05,1443,2.7246452834506528e-11,0.11454137912279407,0.11454137912377643,0.3129837880601154,0.11454137916170112
11,0.05,1444,2.273823208507354e-11,0.11454137912269448,0.11454137912377643,0.3128463625691623,0.11454137914549094
11,0.05,1445,1.9516564092624946e-11,0.11454137912259438,0.11454137912377643,0.31270912728650113,0.11454137912919622
11,0.05,1446,1.8315367053246617e-11,0.1145413791224959,0.11454137912377643,0.31257208181750895,0.11454137913437798
11,0.05,1447,1.9351253990043705e-11,0.11454137912240121,0.11454137912377643,0.31243522576865357,0.11454137914979201
11,0.05,1448,2.2022964862390683e-11,0.11454137912231224,0.11454137912377643,0.31229855874748996,0.11454137916427129
11,0.05,1449,2.5473686592169707e-11,0.11454137912223081,0.11454137912377643,0.31216208036265647,0.11454137917752087
11,0.05,1450,2.9062844454719844e-11,0.1145413791221585,0.11454137912377643,0.312025790223871,0.11454137918928456
11,0.05,1451,3.2394802311987954e-11,0.11454137912209672,0.11454137912377643,0.3118896879419275,0.11454137919933967
11,0.05,1452,3.5230530691445295e-11,0.11454137912204651,0.11454137912377643,0.31175377312869185,0.11454137920750644
11,0.05,1453,3.742423558845905e-11,0.11454137912200867,0.11454137912377643,0.31161804539709864,0.11454137921365719
11,0.05,1454,3.888971801821257e-11,0.11454137912198374,0.11454137912377643,0.3114825043611472,0.1145413792177003
11,0.05,1455,3.958379718046033e-11,0.11454137912197196,0.11454137912377643,0.3113471496358982,0.1145413792195978
11,0.05,1456,3.949788422424286e-11,0.11454137912197329,0.11454137912377643,0.31121198083746954,0.11454137921936365
11,0.05,1457,3.86537765082577e-11,0.1145413791219874,0.11454137912377643,0.31107699758303325,0.1145413792170513
11,0.05,1458,3.7101993939675935e-11,0.11454137912201368,0.11454137912377643,0.31094219949081153,0.11454137921276188
11,0.05,1459,3.492214307467401e-11,0.11454137912205126,0.11454137912377643,0.3108075861800733,0.11454137920663138
11,0.05,1460,3.2226238435376416e-11,0.11454137912209911,0.11454137912377643,0.31067315727113065,0.11454137919884366
11,0.05,1461,2.91658003693981e-11,0.1145413791221559,0.11454137912377643,0.31053891238533504,0.11454137918960143
11,0.05,1462,2.5946179091185514e-11,0.11454137912222018,0.11454137912377643,0.3104048511450741,0.11454137917914992
11,0.05,1463,2.2849739712680907e-11,0.1145413791222904,0.11454137912377643,0.3102709731737677,0.11454137916773513
11,0.05,1464,2.0260717478054524e-11,0.11454137912236487,0.11454137912377643,0.31013727809586467,0.11454137915563768
11,0.05,1465,1.8645909487957164e-11,0.11454137912244183,0.11454137912377643,0.3100037655368394,0.11454137914313033
11,0.05,1466,1.839641780834666e-11,0.11454137912251952,0.11454137912377643,0.3098704351231879,0.11454137913050076
11,0.05,1467,1.9564846478284374e-11,0.11454137912259624,0.11454137912377643,0.3097372864824248,0.11454137912953136
11,0.05,1468,2.1820267264473764e-11,0.11454137912267034,0.11454137912377643,0.3096043192430797,0.11454137914158416
11,0.05,1469,2.4693526486345104e-11,0.11454137912274032,0.11454137912377643,0.30947153303469355,0.11454137915296335
11,0.05,1470,2.7781970949403866e-11,0.11454137912280467,0.11454137912377643,0.30933892748781533,0.11454137916343558
11,0.05,1471,3.079549647529169e-11,0.11454137912286216,0.11454137912377643,0.3092065022339988,0.11454137917279508
11,0.05,1472,3.353411626656522e-11,0.11454137912291174,0.11454137912377643,0.309074256905799,0.11454137918085978
11,0.05,1473,3.586068740183729e-11,0.1145413791229525,0.11454137912377643,0.3089421911367684,0.11454137918749512
11,0.05,1474,3.7682271631708565e-11,0.11454137912298376,0.11454137912377643,0.3088103045614543,0.11454137919257912
11,0.05,1475,3.893933852167935e-11,0.11454137912300502,0.11454137912377643,0.3086785968153949,0.11454137919604664
11,0.05,1476,3.959948097452974e-11,0.1145413791230161,0.11454137912377643,0.30854706753511596,0.11454137919785223
11,0.05,1477,3.96538446960866e-11,0.11454137912301703,0.11454137912377643,0.3084157163581279,0.11454137919799842
11,0.05,1478,3.911498821347013e-11,0.11454137912300796,0.11454137912377643,0.308284542922922,0.11454137919652578
11,0.05,1479,3.8015420358427086e-11,0.11454137912298937,0.11454137912377643,0.30815354686896723,0.11454137919350506
11,0.05,1480,3.640699428934612e-11,0.11454137912296188,0.11454137912377643,0.3080227278367069,0.11454137918903129
11,0.05,1481,3.4360971288974077e-11,0.11454137912292632,0.11454137912377643,0.30789208546755575,0.11454137918324092
11,0.05,1482,3.196893178773898e-11,0.11454137912288366,0.11454137912377643,0.307761619403896,0.1145413791762942
11,0.05,1483,2.9344512758922036e-11,0.11454137912283491,0.11454137912377643,0.3076313292890746,0.11454137916837145
11,0.05,1484,2.6627494300132582e-11,0.11454137912278137,0.11454137912377643,0.3075012147673999,0.11454137915965754
11,0.05,1485,2.3988153173878747e-11,0.11454137912272429,0.11454137912377643,0.3073712754841382,0.11454137915037362
11,0.05,1486,2.1629629616035058e-11,0.114541379122665,0.11454137912377643,0.30724151108551073,0.11454137914072558
11,0.05,1487,1.977729700055344e-11,0.11454137912260487,0.11454137912377643,0.30711192121869046,0.11454137913094349
11,0.05,1488,1.863737235437041e-11,0.11454137912254518,0.11454137912377643,0.30698250553179873,0.11454137912631801
11,0.05,1489,1.8320122612664398e-11,0.11454137912248726,0.11454137912377643,0.30685326367390214,0.11454137913573977
11,0.05,1490,1.8775539411177962e-11,0.11454137912243229,0.11454137912377643,0.30672419529500944,0.11454137914468097
11,0.05,1491,1.981033036613667e-11,0.11454137912238148,0.11454137912377643,0.3065953000460683,0.11454137915294853
11,0.05,1492,2.1173220195095867e-11,0.11454137912233577,0.11454137912377643,0.30646657757896223,0.1145413791603863
11,0.05,1493,2.263143810846748e-11,0.11454137912229607,0.11454137912377643,0.3063380275465073,0.114541379166848
11,0.05,1494,2.400238161362942e-11,0.11454137912226309,0.11454137912377643,0.30620964960244923,0.11454137917221811
11,0.05,1495,2.51553769976796e-11,0.11454137912223739,0.11454137912377643,0.30608144340146015,0.11454137917640658
11,0.05,1496,2.6003374967429163e-11,0.11454137912221929,0.11454137912377643,0.3059534085991355,0.11454137917934433
11,0.05,1497,2.649452608439579e-11,0.11454137912220909,0.11454137912377643,0.305825544851991,0.11454137918100545
11,0.05,1498,2.6605947029954228e-11,0.1145413791222068,0.11454137912377643,0.30569785181745945,0.11454137918137638
11,0.05,1499,2.6339827402773724e-11,0.11454137912221231,0.11454137912377643,0.30557032915388793,0.11454137918048415
11,0.05,1500,2.572126341716053e-11,0.11454137912222528,0.11454137912377643,0.30544297652053454,0.11454137917837554
11,0.05,1501,2.4797602413496725e-11,0.11454137912224525,0.11454137912377643,0.30531579357756533,0.11454137917512792
11,0.05,1502,2.3638983719350947e-11,0.11454137912227165,0.11454137912377643,0.30518877998605154,0.11454137917083844
11,0.05,1503,2.2339447341606873e-11,0.1145413791223037,0.11454137912377643,0.30506193540796617,0.1145413791656255
11,0.05,1504,2.101799387935345e-11,0.11454137912234057,0.11454137912377643,0.3049352595061815,0.11454137915962131
11,0.05,1505,1.981666798228526e-11,0.11454137912238137,0.11454137912377643,0.30480875194446555,0.11454137915298195
11,0.05,1506,1.8890096777472618e-11,0.1145413791224251,0.11454137912377643,0.30468241238747973,0.11454137914585684
11,0.05,1507,1.8381076993307492e-11,0.11454137912247075,0.11454137912377643,0.30455624050077523,0.114541379138428
11,0.05,1508,1.8383121683263575e-11,0.11454137912251733,0.11454137912377643,0.30443023595079044,0.11454137913084829
11,0.05,1509,1.890805757435561e-11,0.11454137912256375,0.11454137912377643,0.30430439840484813,0.1145413791242511
11,0.05,1510,1.9883128628187094e-11,0.11454137912260899,0.11454137912377643,0.30417872753115205,0.11454137913161624
11,0.05,1511,2.118034159176545e-11,0.11454137912265211,0.11454137912377643,0.30405322299878446,0.11454137913862475
11,0.05,1512,2.2654717957292368e-11,0.11454137912269223,0.11454137912377643,0.30392788447770314,0.11454137914515258
11,0.05,1513,2.417117807451908e-11,0.11454137912272855,0.11454137912377643,0.3038027116387382,0.11454137915105417
11,0.05,1514,2.5616148372036756e-11,0.11454137912276033,0.11454137912377643,0.30367770415358963,0.11454137915622363
11,0.05,1515,2.6900281793151326e-11,0.11454137912278697,0.11454137912377643,0.3035528616948241,0.11454137916056469
11,0.05,1516,2.7956388130294287e-11,0.11454137912280807,0.11454137912377643,0.30342818393587223,0.11454137916399729
11,0.05,1517,2.8737252037851836e-11,0.11454137912282328,0.11454137912377643,0.3033036705510257,0.11454137916647449
11,0.05,1518,2.921321787653155e-11,0.11454137912283241,0.11454137912377643,0.30317932121543467,0.11454137916795969
11,0.05,1519,2.9370667285808384e-11,0.11454137912283541,0.11454137912377643,0.3030551356051044,0.11454137916845039
11,0.05,1520,2.9210427214389953e-11,0.11454137912283238,0.11454137912377643,0.302931113396893,0.11454137916795072
11,0.05,1521,2.8746640186488693e-11,0.11454137912282347,0.11454137912377643,0.3028072542685083,0.11454137916650334
11,0.05,1522,2.8006450056357516e-11,0.11454137912280911,0.11454137912377643,0.3026835578985052,0.11454137916416011
11,0.05,1523,2.702903241945946e-11,0.11454137912278967,0.11454137912377643,0.3025600239662828,0.1145413791609857
11,0.05,1524,2.5865184687212033e-11,0.11454137912276566,0.11454137912377643,0.3024366521520817,0.11454137915708353
11,0.05,1525,2.4576667963100465e-11,0.11454137912273779,0.11454137912377643,0.30231344213698114,0.11454137915254199
11,0.05,1526,2.323505309213147e-11,0.11454137912270669,0.11454137912377643,0.30219039360289646,0.11454137914748347
11,0.05,1527,2.1920037524925452e-11,0.11454137912267315,0.11454137912377643,0.30206750623257617,0.11454137914202464
11,0.05,1528,2.0715013627026005e-11,0.11454137912263795,0.11454137912377643,0.3019447797095992,0.11454137913630803
11,0.05,1529,1.970025597924646e-11,0.11454137912260189,0.11454137912377643,0.30182221371837237,0.11454137913044303
11,0.05,1530,1.894188561189093e-11,0.11454137912256576,0.11454137912377643,0.30169980794412754,0.11454137912457402
11,0.05,1531,1.8479443283760834e-11,0.11454137912253036,0.11454137912377643,0.30157756207291897,0.11454137912872504
11,0.05,1532,1.8316236113849572e-11,0.11454137912249647,0.11454137912377643,0.3014554757916206,0.11454137913422614
11,0.05,1533,1.841782304550726e-11,0.1145413791224648,0.11454137912377643,0.3013335487879233,0.11454137913937278
11,0.05,1534,1.8720786515207605e-11,0.11454137912243598,0.11454137912377643,0.3012117807503326,0.11454137914405156
11,0.05,1535,1.914685528401431e-11,0.11454137912241058,0.11454137912377643,0.3010901713681655,0.11454137914817908
11,0.05,1536,1.961711644311796e-11,0.11454137912238913,0.11454137912377643,0.30096872033154803,0.11454137915167807
11,0.05,1537,2.0061968834433027e-11,0.11454137912237193,0.11454137912377643,0.30084742733141284,0.11454137915448775
11,0.05,1538,2.0426301570379226e-11,0.11454137912235929,0.11454137912377643,0.3007262920594963,0.11454137915656193
11,0.05,1539,2.067127792444817e-11,0.11454137912235131,0.11454137912377643,0.300605314208336,0.11454137915787159
11,0.05,1540,2.077448981712939e-11,0.1145413791223481,0.11454137912377643,0.3004844934712681,0.11454137915840187
11,0.05,1541,2.0729105958487563e-11,0.11454137912234959,0.11454137912377643,0.3003638295424248,0.11454137915816763
11,0.05,1542,2.054301599385197e-11,0.11454137912235565,0.11454137912377643,0.30024332211673177,0.11454137915719108
11,0.05,1543,2.0237607927258443e-11,0.11454137912236605,0.11454137912377643,0.3001229708899055,0.11454137915550816
11,0.05,1544,1.9846477178378782e-11,0.11454137912238041,0.11454137912377643,0.3000027755584508,0.11454137915317403
11,0.05,1545,1.941370128716289e-11,0.1145413791223984,0.11454137912377643,0.2998827358196581,0.11454137915025221
11,0.05,1546,1.8991100580446338e-11,0.11454137912241945,0.11454137912377643,0.29976285137160125,0.11454137914681918
11,0.05,1547,1.8633869570216172e-11,0.11454137912244311,0.11454137912377643,0.2996431219131347,0.11454137914297263
11,0.05,1548,1.8394553286796826e-11,0.11454137912246874,0.11454137912377643,0.2995235471438909,0.11454137913879907
11,0.05,1549,1.8315788121370405e-11,0.11454137912249573,0.11454137912377643,0.2994041267642782,0.11454137913438964
11,0.05,1550,1.8423072093563626e-11,0.11454137912252349,0.11454137912377643,0.29928486047547787,0.11454137912985905
11,0.05,1551,1.872014719217408e-11,0.11454137912255143,0.11454137912377643,0.29916574797944195,0.11454137912530167
11,0.05,1552,1.9188949585437028e-11,0.11454137912257892,0.11454137912377643,0.2990467889788906,0.11454137912673092
11,0.05,1553,1.9793554731534885e-11,0.11454137912260537,0.11454137912377643,0.29892798317730973,0.11454137913104293
11,0.05,1554,2.048693399537483e-11,0.11454137912263024,0.11454137912377643,0.2988093302789484,0.11454137913509838
11,0.05,1555,2.1217800644206473e-11,0.11454137912265304,0.11454137912377643,0.2986908299888164,0.11454137913880373
11,0.05,1556,2.1936242504649133e-11,0.1145413791226733,0.11454137912377643,0.29857248201268205,0.11454137914209718
11,0.05,1557,2.2597455194836612e-11,0.11454137912269065,0.11454137912377643,0.2984542860570694,0.11454137914491275
11,0.05,1558,2.3163897855769032e-11,0.11454137912270479,0.11454137912377643,0.298336241829256,0.11454137914720292
11,0.05,1559,2.3606611218038345e-11,0.11454137912271542,0.11454137912377643,0.29821834903727046,0.11454137914892826
11,0.05,1560,2.390503680774589e-11,0.11454137912272247,0.11454137912377643,0.29810060738988997,0.11454137915006558
11,0.05,1561,2.404756176227388e-11,0.11454137912272584,0.11454137912377643,0.2979830165966382,0.11454137915059914
11,0.05,1562,2.4030857397557957e-11,0.1145413791227255,0.11454137912377643,0.2978655763677823,0.11454137915053589
11,0.05,1563,2.3859348006865503e-11,0.11454137912272158,0.11454137912377643,0.29774828641433126,0.11454137914988785
11,0.05,1564,2.354512719052213e-11,0.1145413791227142,0.11454137912377643,0.2976311464480329,0.11454137914868973
11,0.05,1565,2.310690075278089e-11,0.11454137912270367,0.11454137912377643,0.2975141561813721,0.11454137914697732
11,0.05,1566,2.2569444723190078e-11,0.11454137912269031,0.11454137912377643,0.29739731532756775,0.11454137914479576
11,0.05,1567,2.1962459421611466e-11,0.1145413791226744,0.11454137912377643,0.29728062360057106,0.1145413791422131
11,0.05,1568,2.131914241639115e-11,0.11454137912265636,0.11454137912377643,0.2971640807150629,0.11454137913928913
11,0.05,1569,2.067471720832766e-11,0.11454137912263666,0.11454137912377643,0.2970476863864515,0.11454137913609526
11,0.05,1570,2.0063790620787586e-11,0.11454137912261575,0.11454137912377643,0.29693144033087016,0.11454137913270515
11,0.05,1571,1.9517831947131278e-11,0.11454137912259416,0.11454137912377643,0.29681534226517503,0.11454137912920198
11,0.05,1572,1.906218775486019e-11,0.11454137912257237,0.11454137912377643,0.2966993919069426,0.11454137912566538
11,0.05,1573,1.871350725669441e-11,0.11454137912255086,0.11454137912377643,0.29658358897446757,0.11454137912537915
11,0.05,1574,1.847774771862631e-11,0.11454137912253007,0.11454137912377643,0.2964679331867607,0.11454137912875847
11,0.05,1575,1.835001966142365e-11,0.11454137912251047,0.11454137912377643,0.2963524242635461,0.11454137913194792
11,0.05,1576,1.8315619655832086e-11,0.11454137912249245,0.11454137912377643,0.29623706192525945,0.11454137913488249
11,0.05,1577,1.8352802528345818e-11,0.11454137912247635,0.11454137912377643,0.2961218458930454,0.11454137913750684
11,0.05,1578,1.8435970966217618e-11,0.11454137912246247,0.11454137912377643,0.2960067758887556,0.11454137913977216
11,0.05,1579,1.8539417679340555e-11,0.1145413791224511,0.11454137912377643,0.29589185163494625,0.11454137914162742
11,0.05,1580,1.8639852200556956e-11,0.11454137912244239,0.11454137912377643,0.2957770728548759,0.11454137914305514
11,0.05,1581,1.8718685319612667e-11,0.11454137912243646,0.11454137912377643,0.2956624392725033,0.11454137914402927
11,0.05,1582,1.8763204921731237e-11,0.11454137912243342,0.11454137912377643,0.2955479506124852,0.11454137914453927
11,0.05,1583,1.8767130373194587e-11,0.1145413791224332,0.11454137912377643,0.2954336066001739,0.11454137914458394
11,0.05,1584,1.8730836153475053e-11,0.11454137912243575,0.11454137912377643,0.29531940696161557,0.11454137914417198
11,0.05,1585,1.8660802310649073e-11,0.11454137912244096,0.11454137912377643,0.29520535142354754,0.11454137914332867
11,0.05,1586,1.8568618677738076e-11,0.11454137912244858,0.11454137912377643,0.29509143971339635,0.11454137914207611
11,0.05,1587,1.8470100599299393e-11,0.1145413791224585,0.11454137912377643,0.29497767155927557,0.1145413791404527
11,0.05,1588,1.838337654918745e-11,0.11454137912247042,0.11454137912377643,0.2948640466899837,0.11454137913851029
11,0.05,1589,1.832703568800338e-11,0.11454137912248405,0.11454137912377643,0.29475056483500184,0.11454137913628963
11,0.05,1590,1.8318017311249127e-11,0.11454137912249902,0.11454137912377643,0.29463722572449164,0.11454137913384858
11,0.05,1591,1.8369544872750457e-11,0.11454137912251501,0.11454137912377643,0.2945240290892932,0.11454137913124356
11,0.05,1592,1.848927163183455e-11,0.11454137912253161,0.11454137912377643,0.2944109746609229,0.11454137912854033
11,0.05,1593,1.867845820586517e-11,0.11454137912254843,0.11454137912377643,0.2942980621715713,0.11454137912579572
11,0.05,1594,1.8931708053860554e-11,0.1145413791225651,0.11454137912377643,0.2941852913541009,0.11454137912448102
11,0.05,1595,1.9237457431213278e-11,0.11454137912258126,0.11454137912377643,0.2940726619420443,0.11454137912712122
11,0.05,1596,1.9579549245723746e-11,0.11454137912259663,0.11454137912377643,0.2939601736696017,0.11454137912963172
11,0.05,1597,1.9939030642289713e-11,0.11454137912261086,0.11454137912377643,0.2938478262716394,0.11454137913195483
11,0.05,1598,2.0295696557423263e-11,0.1145413791226237,0.11454137912377643,0.2937356194836871,0.1145413791340449
11,0.05,1599,2.0630016515411946e-11,0.11454137912263487,0.11454137912377643,0.293623553041936,0.11454137913585875
11,0.05,1600,2.0924257217622833e-11,0.11454137912264416,0.11454137912377643,0.29351162668323716,0.11454137913736741
11,0.05,1601,2.1163719679890082e-11,0.11454137912265142,0.11454137912377643,0.29339984014509884,0.11454137913854177
11,0.05,1602,2.1337089815298703e-11,0.11454137912265656,0.11454137912377643,0.2932881931656848,0.1145413791393726
11,0.05,1603,2.1436847951246558e-11,0.1145413791226595,0.11454137912377643,0.2931766854838121,0.11454137913983768
11,0.05,1604,2.1459775510973432e-11,0.11454137912266026,0.11454137912377643,0.2930653168389492,0.11454137913994614
11,0.05,1605,2.140649960194184e-11,0.1145413791226588,0.11454137912377643,0.29295408697121395,0.11454137913969889
11,0.05,1606,2.1281385106489786e-11,0.11454137912265522,0.11454137912377643,0.29284299562137117,0.11454137913910731
11,0.05,1607,2.1092435126169373e-11,0.11454137912264965,0.11454137912377643,0.2927320425308313,0.11454137913819584
11,0.05,1608,2.085040825504225e-11,0.11454137912264231,0.11454137912377643,0.2926212274416478,0.11454137913699519
11,0.05,1609,2.0568483868041538e-11,0.11454137912263335,0.11454137912377643,0.2925105500965155,0.11454137913553333
11,0.05,1610,2.0261256556781194e-11,0.114541379122623,0.11454137912377643,0.2924000102387685,0.11454137913384765
11,0.05,1611,1.994396088054269e-11,0.1145413791226115,0.11454137912377643,0.29228960761237804,0.11454137913198705
11,0.05,1612,1.963168525393766e-11,0.11454137912259917,0.11454137912377643,0.29217934196195083,0.11454137912998447
11,0.05,1613,1.933798188406406e-11,0.11454137912258626,0.11454137912377643,0.2920692130327269,0.11454137912789789
11,0.05,1614,1.9074099496353057e-11,0.11454137912257314,0.11454137912377643,0.29195922057057766,0.11454137912577103
11,0.05,1615,1.8848231403317093e-11,0.11454137912256009,0.11454137912377643,0.2918493643220038,0.11454137912390079
11,0.05,1616,1.8664952776272434e-11,0.11454137912254736,0.11454137912377643,0.2917396440341336,0.11454137912597108
11,0.05,1617,1.8525244219295624e-11,0.11454137912253523,0.11454137912377643,0.29163005945472087,0.11454137912794236
11,0.05,1618,1.8426696724016905e-11,0.1145413791225239,0.11454137912377643,0.29152061033214305,0.11454137912977451
11,0.05,1619,1.836407376288862e-11,0.1145413791225137,0.11454137912377643,0.29141129641539915,0.11454137913143816
11,0.05,1620,1.8330121007407068e-11,0.11454137912250477,0.11454137912377643,0.29130211745410806,0.1145413791328884
11,0.05,1621,1.8316742461380512e-11,0.11454137912249729,0.11454137912377643,0.29119307319850635,0.11454137913411123
11,0.05,1622,1.8315985270507412e-11,0.11454137912249136,0.11454137912377643,0.2910841633994467,0.11454137913508126
11,0.15,1,1.0417215159307085,0.9944897864720028,0.11728204106407059,273.9169379964965,9.203969653529466
11,0.15,2,0.9761502286907641,0.927279667965194,0.11728204106407059,137.01711001878027,7.689942441329057
11,0.15,3,0.90488146753348,0.8543226013155457,0.11728204106407059,91.3838340262082,6.364096029549277
11,0.15,4,0.8320318961824243,0.7799023846123663,0.11728204106407059,68.56719602992217,5.225021536609493
11,0.15,5,0.7605623088865638,0.7071425061610009,0.11728204106407059,54.87721323215055,4.241643544497691
11,0.15,6,0.6924689730801491,0.638206130476146,0.11728204106407059,45.75055803363614,3.4013209135202205
11,0.15,7,0.6288469424859967,0.5743453449000405,0.11728204106407059,39.231518606125846,2.7063253250818966
11,0.15,8,0.5700055593533939,0.5159965168931686,0.11728204106407059,34.34223903549312,2.1591450034008313
11,0.15,9,0.5156679198459126,0.4629656801449079,0.11728204106407059,30.539466036112113,1.7535996110260514
11,0.15,10,0.4652107321850552,0.41466779354930144,0.11728204106407059,27.49724763660731,1.4717658482319753
11,0.15,11,0.41789084569298496,0.3703677818296894,0.11728204106407059,25.008159855194286,1.2845321305850903
11,0.15,12,0.3730227658308949,0.32938437317219665,0.11728204106407059,22.933920037350102,1.1571056423691455
11,0.15,13,0.3300924260033872,0.2912366782580864,0.11728204106407059,21.178794037635793,1.0581729560899638
11,0.15,14,0.28880840587960865,0.25573058021262424,0.11728204106407059,19.674400323594956,0.9663808125600065
11,0.15,15,0.24910217212058725,0.22299470733449758,0.11728204106407059,18.370592438092896,0.8710495114870059
11,0.15,16,0.21109427594047245,0.1934801795596474,0.11728204106407059,17.229760538278594,0.7695179625925952
11,0.15,17,0.17504468847429372,0.16792820898379543,0.11728204106407059,16.223144156089504,0.6640535176755883
11,0.15,18,0.14130479887783812,0.1472773308130893,0.11728204106407059,15.328374038588093,0.5595576428763449
11,0.15,19,0.1102901598319495,0.13243598406212218,0.11728204106407059,14.527790249244724,0.4622345885678982
11,0.15,20,0.08250577546811856,0.12386956978007875,0.11728204106407059,13.80726483883569,0.37908594879366064
11,0.15,21,0.05870596920425221,0.12118068812881892,0.11728204106407059,13.15536089608466,0.3177514566280144
11,0.15,22,0.040417101455613766,0.1230941532388287,0.11728204106407059,12.56272094812918,0.28442956084505094
11,0.15,23,0.030839111154381697,0.12793936129696143,0.11728204106407059,12.021614908691566,0.2771259721137927
11,0.15,24,0.03213183881388076,0.13419075505823214,0.11728204106407059,11.525601039207087,0.28404370025414416
11,0.15,25,0.03967271593081132,0.14071924655494003,0.11728204106407059,11.069268279281367,0.29383055625859367
11,0.15,26,0.04834128021015377,0.146792048820557,0.11728204106407059,10.648038039349933,0.3010626693779668
11,0.15,27,0.05607106217279663,0.15197754249936274,0.11728204106407059,10.258010039413419,0.30456439812106284
11,0.15,28,0.062218984251641976,0.15604720398382252,0.11728204106407059,9.895841182329514,0.3050685474998204
11,0.15,29,0.0666248297165078,0.15890235579989562,0.11728204106407059,9.55864948780312,0.30378911731212044
11,0.15,30,0.06930220186491538,0.16052635835956905,0.11728204106407059,9.243937239578484,0.3016570238396995
11,0.15,31,0.07033440865785621,0.1609559085511188,0.11728204106407059,8.949529007368342,0.2990105555521868
11,0.15,32,0.06983698266423054,0.1602649158223816,0.11728204106407059,8.673521289671333,0.295629098860542
11,0.15,33,0.06794416797739261,0.1585557964599395,0.11728204106407059,8.41424131244081,0.29097112841074213
11,0.15,34,0.06480433654093336,0.15595449229547562,0.11728204106407059,8.170213098576788,0.2844540264796849
11,0.15,35,0.06057829611684051,0.15260676222965228,0.11728204106407059,7.940129354076425,0.2756618893271325
11,0.15,36,0.055437953812710904,0.14867427103043307,0.11728204106407059,7.722828039826082,0.2644471346984377
11,0.15,37,0.049564443373602975,0.14432972461779475,0.11728204106407059,7.517272742562244,0.2509454122374958
11,0.15,38,0.04314576149145017,0.13975081077430757,0.11728204106407059,7.322536145154397,0.23553974035925168
11,0.15,39,0.03637471153019914,0.1351130528332076,0.11728204106407059,7.137786039921312,0.21880641819994429
11,0.15,40,0.029449145666950356,0.13058193497164758,0.11728204106407059,6.962273439949881,0.20146966599573496
11,0.15,41,0.022580003807728503,0.12630486728104173,0.11728204106407059,6.795322430220958,0.18439568697538458
11,0.15,42,0.01602698394283402,0.12240375088369038,0.11728204106407059,6.636321468574366,0.1686827139253473
11,0.15,43,0.010255915830434881,0.118969047931129,0.11728204106407059,6.4847159004927315,0.1559506813129258
11,0.15,44,0.006657184454021679,0.116056273589821,0.11728204106407059,6.340001494596625,0.14867891156061197
11,0.15,45,0.007640981733476075,0.11368560985812154,0.11728204106407059,6.20171884007368,0.1487205383661948
11,0.15,46,0.01132598171328133,0.11184486438310008,0.11728204106407059,6.069448474877818,0.15412388962194895
11,0.15,47,0.015288800959719488,0.1104953639807509,0.11728204106407059,5.942806635860505,0.16141973667860332
11,0.15,48,0.018847330028568202,0.10957979808268131,0.11728204106407059,5.821441540135579,0.16859136675984088
11,0.15,49,0.021800718730529967,0.10903072594136967,0.11728204106407059,5.705030121787181,0.1747850126764536
11,0.15,50,0.024076106642656966,0.10877851816902627,0.11728204106407059,5.593275160172719,0.1796631433568
11,0.15,51,0.025651014774888056,0.10875783757805839,0.11728204106407059,5.485902746072549,0.1831032125792408
11,0.15,52,0.026530716320020582,0.10891220353652285,0.11728204106407059,5.382660040207002,0.18507471732230402
11,0.15,53,0.026739529934749456,0.10919657174288942,0.11728204106407059,5.283313285506192,0.1855890332057139
11,0.15,54,0.026316495736067556,0.10957812086284653,0.11728204106407059,5.187646040238745,0.18468128349151097
11,0.15,55,0.02531264635078077,0.11003556988406839,0.11728204106407059,5.0954576038901145,0.18240734156132052
11,0.15,56,0.02378888878504334,0.11055739631149651,0.11728204106407059,5.006561611696792,0.1788473744954622
11,0.15,57,0.021814095460592,0.11113932929358204,0.11728204106407059,4.920784777124288,0.17411081344812762
11,0.15,58,0.019463232360605823,0.11178148046520547,0.11728204106407059,4.837965764433595,0.1683397006153143
11,0.15,59,0.01681546904950081,0.11248545600563074,0.11728204106407059,4.757954175901908,0.16170899169467728
11,0.15,60,0.013952301702701906,0.11325176046019374,0.11728204106407059,4.680609640321277,0.15442390568991377
11,0.15,61,0.010955840364948434,0.11407774746491336,0.11728204106407059,4.605800991153126,0.14671634300089606
11,0.15,62,0.007907782949738422,0.11495629119956818,0.11728204106407059,4.533405524216207,0.13884728657172615
11,0.15,63,0.004891787014079076,0.11587525143296726,0.11728204106407059,4.463308326070934,0.13114686717877508
11,0.15,64,0.0020308577873869036,0.11681769949210863,0.11728204106407059,4.395401665367702,0.1243511646737433
11,0.15,65,0.0011870634665773238,0.11776278109131898,0.11728204106407059,4.329584440378415,0.12249493803958787
11,0.15,66,0.003580571636244149,0.11868703025796229,0.11728204106407059,4.26576167675244,0.12740634580928553
11,0.15,67,0.0058794516269483265,0.11956592390628137,0.11728204106407059,4.2038440702496285,0.13303608422586027
11,0.15,68,0.007904530812914024,0.12037547667029493,0.11728204106407059,4.143747569820429,0.13811520089701684
11,0.15,69,0.009614338442182914,0.121093710884609,0.11728204106407059,4.085392996939903,0.14239915204119213
11,0.15,70,0.010986825187612511,0.12170188458161635,0.11728204106407059,4.028705697570247,0.14580300921027708
11,0.15,71,0.012011280371103203,0.12218540961374359,0.11728204106407059,3.97361522353495,0.14829923775896034
11,0.15,72,0.012686413592643341,0.12253443463112963,0.11728204106407059,3.9200550404450762,0.14989337224625773
11,0.15,73,0.013019327976004679,0.12274409995427109,0.11728204106407059,3.867962259631638,0.15061416041519182
11,0.15,74,0.013024637123508969,0.12281449312895949,0.11728204106407059,3.8172773918131573,0.1505080534336542
11,0.15,75,0.012723576853697249,0.12275034698411938,0.11728204106407059,3.767944120469836,0.14963571928348182
11,0.15,76,0.012143085339414945,0.12256052893274087,0.11728204106407059,3.719909093109234,0.1480697924608065
11,0.15,77,0.011314859283749246,0.12225737342690839,0.11728204106407059,3.673121728796959,0.1458934156334557
11,0.15,78,0.010274410651382954,0.12185591049305478,0.11728204106407059,3.6275340404926912,0.14319926266157698
11,0.15,79,0.00906017083433658,0.12137304282564029,0.11728204106407059,3.5831004708796708,0.14008893609598647
11,0.15,80,0.0077127414690737655,0.12082672196441811,0.11728204106407059,3.5397777405069757,0.13667309694832594
11,0.15,81,0.006274546713426357,0.12023517017793206,0.11728204106407059,3.49752470718052,0.13307388333058476
11,0.15,82,0.004790710761931089,0.11961618835649213,0.11728204106407059,3.4563022356425144,0.12943496458420647
11,0.15,83,0.003314687630662694,0.1189865813168272,0.11728204106407059,3.41607307667169,0.1259595120409271
11,0.15,84,0.001940888149047917,0.11836172077382019,0.11728204106407059,3.376801754819218,0.12306215661104362
11,0.15,85,0.001067287386993199,0.11775525370974242,0.11728204106407059,3.338454464069158,0.12179509498837292
11,0.15,86,0.0016052877625127473,0.11717895123459086,0.11728204106407059,3.300998970778401,0.12295385546822243
11,0.15,87,0.0026961927321027764,0.11664268169643738,0.11728204106407059,3.26440452331042,0.12522977553777584
11,0.15,88,0.003771587668008823,0.11615448303676451,0.11728204106407059,3.228641767830348,0.12761763504438922
11,0.15,89,0.00473054899997093,0.11572070406600174,0.11728204106407059,3.1936826697767944,0.1297900680957413
11,0.15,90,0.005539974667191744,0.1153461827954428,0.11728204106407059,3.159500440568875,0.1316282216086734
11,0.15,91,0.006183879007159921,0.11503443199527273,0.11728204106407059,3.1260694691457456,0.13308099469826581
11,0.15,92,0.006654399210219357,0.11478780710895975,0.11728204106407059,3.0933652579709445,0.13412721084253643
11,0.15,93,0.006949282978935039,0.11460763863080038,0.11728204106407059,3.0613643631654943,0.13476278565392336
11,0.15,94,0.007070857413632206,0.11449431904807919,0.11728204106407059,3.0300443384622877,0.1349952035235863
11,0.15,95,0.007025417657579708,0.11444734251779878,0.11728204106407059,2.999383682700201,0.13484065742157852
11,0.15,96,0.006822745233067573,0.11446530278373819,0.11728204106407059,2.969361790599825,0.13432239279216815
11,0.15,97,0.0064756649448447084,0.11454586080930314,0.11728204106407059,2.939958906583992,0.1334697001148144
11,0.15,98,0.005999612854943833,0.11468569775281698,0.11728204106407059,2.911156081425626,0.13231729751964938
11,0.15,99,0.005412215232070563,0.1148804709752971,0.11728204106407059,2.882935131522984,0.1309049809915602
11,0.15,100,0.004732901233343382,0.11512479066795062,0.11728204106407059,2.855278600618395,0.12927755296166896
11,0.15,101,0.003982615756053613,0.11541223254039343,0.11728204106407059,2.8281697237911243,0.12748529776069964
11,0.15,102,0.0031838313951316317,0.1157353981452619,0.11728204106407059,2.80159239356831,0.12558596932827154
11,0.15,103,0.0023615880008437643,0.11608602933220996,0.11728204106407059,2.7755311280100163,0.12365162783001352
11,0.15,104,0.0015491821419333749,0.11645517764801563,0.11728204106407059,2.749971040635536,0.12179361475297618
11,0.15,105,0.000827019689088486,0.11683342389332353,0.11728204106407059,2.7248978120681886,0.120265233020582
11,0.15,106,0.0006118049189763014,0.11721113812124849,0.11728204106407059,2.700297663285131,0.11973308333120394
11,0.15,107,0.0011401136242372015,0.11757876659421576,0.11728204106407059,2.676157330367177,0.12056246342677569
11,0.15,108,0.001788525281968132,0.11792712988962077,0.11728204106407059,2.6524640406514077,0.12193620547306136
11,0.15,109,0.0023979384406042545,0.11824771554448481,0.11728204106407059,2.629205490196478,0.12334895813467853
11,0.15,110,0.0029337944987257837,0.11853294925383877,0.11728204106407059,2.6063698224770926,0.12463735032119964
11,0.15,111,0.0033809682872224796,0.11877643045173991,0.11728204106407059,2.5839456082301284,0.12573466360077135
11,0.15,112,0.003730884084329702,0.11897312079640901,0.11728204106407059,2.5619218263804315,0.1266065043825938
11,0.15,113,0.00397885891963528,0.11911947732088794,0.11728204106407059,2.540287845979402,0.12723412194811887
11,0.15,114,0.004123286785504905,0.11921352548981594,0.11728204106407059,2.5190334090941793,0.12760902586995623
11,0.15,115,0.004165266175494412,0.1192548708618929,0.11728204106407059,2.49814861458957,0.12773079131590867
11,0.15,116,0.004108340424923687,0.11924465129446613,0.11728204106407059,2.477623902748833,0.1276058883489496
11,0.15,117,0.00395825488090763,0.11918543449397245,0.11728204106407059,2.457450040683151,0.1272468524206067
11,0.15,118,0.003722700935912333,0.11908106811088019,0.11728204106407059,2.4376181084829893,0.12667155308956898
11,0.15,119,0.0034110393577575435,0.11893649143088163,0.11728204106407059,2.418119486067704,0.1259024701668846
11,0.15,120,0.0030340043947393956,0.11875751898060599,0.11728204106407059,2.398945840692674,0.12496594876626486
11,0.15,121,0.002603394939302499,0.11855060702157494,0.11728204106407059,2.3800891150759087,0.12389143995348548
11,0.15,122,0.002131764011227003,0.11832261394671181,0.11728204106407059,2.3615415161085984,0.1227107747125016
11,0.15,123,0.0016321309112962597,0.11808056504018459,0.11728204106407059,2.343295504116367,0.12145762999444636
11,0.15,124,0.0011178034657040356,0.1178314309641308,0.11728204106407059,2.3253437826401386,0.12016786381629056
11,0.15,125,0.0006029324505189051,0.11758192777884084,0.11728204106407059,2.3076792887075297,0.11888551440869759
11,0.15,126,0.00012532995694510164,0.11733834440393706,0.11728204106407059,2.2902951835675025,0.11778002315765779
11,0.15,127,0.00040863969358129567,0.1171064013332559,0.11728204106407059,2.273184843862751,0.1183417889412195
11,0.15,128,0.0008587181365645389,0.1168911422896142,0.11728204106407059,2.2563418532158863,0.11944810876086744
11,0.15,129,0.0012715819512299385,0.11669685851379406,0.11728204106407059,2.2397599942069575,0.12048380289554693
11,0.15,130,0.0016365033699603107,0.11652704367558658,0.11728204106407059,2.223433240721243,0.1214030490050554
11,0.15,131,0.0019466308380275649,0.11638437609112365,0.11728204106407059,2.2073557506475243,0.12218492665145597
11,0.15,132,0.002197037848914714,0.1162707241006845,0.11728204106407059,2.1915218589082555,0.12281578145796526
11,0.15,133,0.0023845112120881905,0.11618717012112975,0.11728204106407059,2.175926070804164,0.12328704319942138
11,0.15,134,0.0025074915854009995,0.11613404899950654,0.11728204106407059,2.1605630556568496,0.12359467628114024
11,0.15,135,0.0025660159189315004,0.11611099677534914,0.11728204106407059,2.1454276407339403,0.1237388911562911
11,0.15,136,0.0025616361809936952,0.11611700669243123,0.11728204106407059,2.13051480544225,0.12372386748337437
11,0.15,137,0.0024973105349622004,0.11615049015467517,0.11728204106407059,2.115819675775256,0.12355743327443014
11,0.15,138,0.00237726887313448,0.11620934116676108,0.11728204106407059,2.1013375190019867,0.12325069213119688
11,0.15,139,0.0022068568176334155,0.1162910035274357,0.11728204106407059,2.087063738585167,0.12281760686578057
11,0.15,140,0.0019923637215814778,0.11639254057256407,0.11728204106407059,2.072993869317159,0.12227455721390064
11,0.15,141,0.0017408420983032952,0.1165107075521785,0.11728204106407059,2.059123572662882,0.12163990238856308
11,0.15,142,0.0014599304626012409,0.11664202676518233,0.11728204106407059,2.04544863229951,0.12093361222975785
11,0.15,143,0.001157706812897177,0.11678286539433869,0.11728204106407059,2.031964949843318,0.12017714166938583
11,0.15,144,0.0008426666569042462,0.11692951563566546,0.11728204106407059,2.0186685407545735,0.11939419986145051
11,0.15,145,0.0005243436921764716,0.1170782762689589,0.11728204106407059,2.0055555304118804,0.11861595591961972
11,0.15,146,0.00022076385670781392,0.11722553434369709,0.11728204106407059,1.992622150347854,0.1179253168133236
11,0.15,147,0.00016015562454064366,0.11736784522655881,0.11728204106407059,1.9798647346384408,0.1178463095356619
11,0.15,148,0.00042699120490898176,0.11750200893094227,0.11728204106407059,1.9672797164386138,0.11843885182264158
11,0.15,149,0.0006938967656560316,0.11762514046618307,0.11728204106407059,1.9548636246575768,0.11908023815372895
11,0.15,150,0.0009362416567886621,0.11773473192674054,0.11728204106407059,1.9426130807669533,0.1196713997263582
11,0.15,151,0.001147393730228144,0.11782870419296086,0.11728204106407059,1.9305247957358085,0.12018816037704552
11,0.15,152,0.00132325405282505,0.11790544642229407,0.11728204106407059,1.9185955670866521,0.12061828993459134
11,0.15,153,0.0014610607456422705,0.11796384194736288,0.11728204106407059,1.906822276066897,0.12095434435120586
11,0.15,154,0.0015591627533061436,0.11800327973058239,0.11728204106407059,1.8952018849305148,0.12119214192654641
11,0.15,155,0.0016169417864245745,0.11802365111491914,0.11728204106407059,1.883731434324925,0.12133026028191925
11,0.15,156,0.0016347568485530785,0.11802533221655455,0.11728204106407059,1.8724080407783807,0.12136977250348768
11,0.15,157,0.0016138834873011185,0.11800915288927058,0.11728204106407059,1.8612288942833852,0.12131403640823876
11,0.15,158,0.0015564411069187221,0.11797635371802896,0.11728204106407059,1.8501912559718705,0.12116848503007506
11,0.15,159,0.0014653078668605724,0.11792853294195071,0.11728204106407059,1.8392924558781107,0.12094040567416009
11,0.15,160,0.0013440251846204994,0.11786758554298767,0.11728204106407059,1.8285298907855232,0.12063871037894865
11,0.15,161,0.0011966956770923878,0.11779563695169555,0.11728204106407059,1.8179010221537126,0.12027371200998778
11,0.15,162,0.0010278813722289623,0.11771497390905286,0.11728204106407059,1.8074033741222952,0.11985693985935016
11,0.15,163,0.0008425174153103513,0.11762797498429003,0.11728204106407059,1.7970345315881957,0.11940108395570483
11,0.15,164,0.0006458879144630677,0.11753704309165817,0.11728204106407059,1.7867921383532925,0.11892035789174443
11,0.15,165,0.0004438691942408167,0.11744454208919632,0.11728204106407059,1.7766738953394183,0.11843251153582297
11,0.15,166,0.000244937430184244,0.1173527392008145,0.11728204106407059,1.76667755886788,0.11797007964124703
11,0.15,167,9.226001733814798e-05,0.11726375460470058,0.11728204106407059,1.7568009390007915,0.11766725329392985
11,0.15,168,0.00019292343654931754,0.11717951910405547,0.11728204106407059,1.7470418979416444,0.1178444100950181
11,0.15,169,0.000366171100552001,0.11710174036884619,0.11728204106407059,1.7373983484926647,0.11823284668719085
11,0.15,170,0.000531018580271807,0.11703187783636389,0.11728204106407059,1.7278682525666142,0.11862651670903929
11,0.15,171,0.0006787141495658958,0.11697112600688059,0.11728204106407059,1.71844961975081,0.11898597556052334
11,0.15,172,0.0008054502565609487,0.11692040558610016,0.11728204106407059,1.7091405059212357,0.11929715230150592
11,0.15,173,0.0009087604945702785,0.11688036171913728,0.11728204106407059,1.6999390119047204,0.11955224970638263
11,0.15,174,0.0009870160760807893,0.11685136843485132,0.11728204106407059,1.6908432821872452,0.11974642913664209
11,0.15,175,0.0010393050641964877,0.1168335383707551,0.11728204106407059,1.6818515036665413,0.11987695462107743
11,0.15,176,0.0010653842970327514,0.11682673686738126,0.11728204106407059,1.672961904447209,0.11994288895463377
11,0.15,177,0.0010656430573985516,0.11683059959205767,0.11728204106407059,1.664172752676683,0.11994493524635064
11,0.15,178,0.0010410628011084224,0.11684455295773215,0.11728204106407059,1.6554823554204323,0.1198853117258435
11,0.15,179,0.000993168672537208,0.11686783672411599,0.11728204106407059,1.646889057574866,0.11976762393018009
11,0.15,180,0.000923972196517242,0.11689952828842885,0.11728204106407059,1.638391240816473,0.11959672277770149
11,0.15,181,0.000835906006098216,0.11693856827668506,0.11728204106407059,1.6299873225857966,0.11937854655163961
11,0.15,182,0.0007317522783866324,0.1169837871231177,0.11728204106407059,1.6216757551049081,0.11911994994788373
11,0.15,183,0.0006145673930172265,0.11703393236913934,0.11728204106407059,1.6134550244270893,0.11882852884518133
11,0.15,184,0.0004876073102869625,0.11708769642326738,0.11728204106407059,1.6053236495175076,0.11851246291177824
11,0.15,185,0.0003542663137332215,0.11714374450329311,0.11728204106407059,1.597280181363705,0.11818045318071396
11,0.15,186,0.0002180948123596275,0.11720074243889506,0.11728204106407059,1.5893232021147825,0.11784217915211669
11,0.15,187,8.377341221257741e-05,0.11725738395663067,0.11728204106407059,1.5814513242482011,0.11751445243499677
11,0.15,188,5.7930271440421026e-05,0.11731241701069868,0.11728204106407059,1.5736631897631792,0.11744218630417853
11,0.15,189,0.00018111591990160452,0.11736466867281317,0.11728204106407059,1.5659574693996916,0.11773555500717925
11,0.15,190,0.00029816123565019675,0.1174130680624263,0.11728204106407059,1.558332861882136,0.11802637621484677
11,0.15,191,0.000404095234216112,0.1174566667916016,0.11728204106407059,1.5507880931867533,0.11829124308174738
11,0.15,192,0.0004966219838651909,0.11749465642146498,0.11728204106407059,1.5433219158319478,0.11852313417703322
11,0.15,193,0.0005740250215365674,0.11752638248064483,0.11728204106407059,1.5359331081906635,0.11871736788051063
11,0.15,194,0.0006350464336517356,0.11755135467873373,0.11728204106407059,1.5286204738240312,0.1188706185489133
11,0.15,195,0.0006788722167493551,0.11756925305517565,0.11728204106407059,1.521382840835519,0.1189807507770076
11,0.15,196,0.0007051267692722942,0.1175799299296224,0.11728204106407059,1.514219061244848,0.11904676943879151
11,0.15,197,0.0007138621965831497,0.11758340765584684,0.11728204106407059,1.5071280103809865,0.11906877966218062
11,0.15,198,0.0007055396092060053,0.1175798723192608,0.11728204106407059,1.500108586293527,0.11904793353179872
11,0.15,199,0.000681002191475112,0.11756966364962208,0.11728204106407059,1.4931597091818212,0.11898635830810086
11,0.15,200,0.0006414406634516492,0.11755326153808136,0.11728204106407059,1.4862803208412325,0.11888706629579872
11,0.15,201,0.0005883521446177214,0.11753126964514156,0.11728204106407059,1.4794693841259234,0.11875384861781749
11,0.15,202,0.0005234936741884625,0.11750439665894279,0.11728204106407059,1.4727258824275973,0.11859115640612214
11,0.15,203,0.0004488318927085236,0.11747343580907255,0.11728204106407059,1.4660488191696488,0.1184039743692394
11,0.15,204,0.0003664908822491488,0.11743924325936612,0.11728204106407059,1.4594372173161902,0.11819769512938672
11,0.15,205,0.00027870187879994353,0.11740271599531164,0.11728204106407059,1.4528901188954482,0.11797801548211025
11,0.15,206,0.00018776766226583539,0.11736476979072574,0.11728204106407059,1.4464065845370433,0.11775094373805547
11,0.15,207,9.614052253777441e-05,0.11732631778856577,0.11728204106407059,1.439985693022681,0.1175236430313994
11,0.15,208,1.3519105342980828e-05,0.11728825016712238,0.11728204106407059,1.4336265408498035,0.11733762650992807
11,0.15,209,8.404006555444573e-05,0.11725141529072093,0.11728204106407059,1.4273282418077664,0.1174998300890908
11,0.15,210,0.00016587442723544406,0.11721660266861449,0.11728204106407059,1.4210899265661294,0.11770197980453191
11,0.15,211,0.0002410988306769661,0.11718452797155306,0.11728204106407059,1.4149107422746505,0.11788895086057168
11,0.15,212,0.0003079654324574361,0.11715582028623787,0.11728204106407059,1.4087898521746007,0.11805527928360361
11,0.15,213,0.0003651801444158823,0.11713101172606331,0.11728204106407059,1.4027264352210302,0.1181975337106704
11,0.15,214,0.0004117535555396026,0.11711052946355086,0.11728204106407059,1.3967196857156239,0.11831320129973252
11,0.15,215,0.000446989883162955,0.11709469020585477,0.11728204106407059,1.3907688129498026,0.11840054965155218
11,0.15,216,0.00047048645570475436,0.11708369709881299,0.11728204106407059,1.3848730408577392,0.11845859611141588
11,0.15,217,0.0004821301629256105,0.1170776390155974,0.11728204106407059,1.3790316076789666,0.1184870877441745
11,0.15,218,0.00048208848901359967,0.11707649216098781,0.11728204106407059,1.3732437656302743,0.11848647352407123
11,0.15,219,0.00047079486019666457,0.11708012389941386,0.11728204106407059,1.367508780586593,0.11845786478172551
11,0.15,220,0.0004489286616133527,0.11708829869211133,0.11728204106407059,1.3618259317705816,0.11840298384903024
11,0.15,221,0.00041739056042379284,0.11710068600442165,0.11728204106407059,1.3561945114506426,0.1183241023651222
11,0.15,222,0.0003772739795096527,0.11711687001745545,0.11728204106407059,1.3506138246470996,0.11822397177238671
11,0.15,223,0.00032983383508665556,0.1171363609488525,0.11728204106407059,1.3450831888462789,0.11810575011933233
11,0.15,224,0.0002764542519222051,0.11715860775578768,0.11728204106407059,1.3396019337222511,0.11797293329747055
11,0.15,225,0.0002186189339805464,0.1171830119609907,0.11728204106407059,1.3341694008659926,0.11782931242511753
11,0.15,226,0.00015789663303212746,0.11720894231123218,0.11728204106407059,1.328784943521736,0.1176790391980999
11,0.15,227,9.60132584134445e-05,0.11723574994969684,0.11728204106407059,1.3234479263302927,0.11752727052890119
11,0.15,228,3.6033750442776265e-05,0.11726278376126507,0.11728204106407059,1.318157725079125,0.11738706626582202
11,0.15,229,3.2704920590190705e-05,0.11728940553518274,0.11728204106407059,1.312913726458972,0.11738013400829791
11,0.15,230,8.802437847219695e-05,0.1173150045848107,0.11728204106407059,1.3077153278268203,0.11750795290025298
11,0.15,231,0.00014137663742573535,0.11733901147047986,0.11728204106407059,1.3025619369750334,0.11763829740064018
11,0.15,232,0.00018983707119012199,0.11736091048965995,0.11728204106407059,1.2974529719064516,0.11775789593260111
11,0.15,233,0.00023224358980696721,0.11738025062868372,0.11728204106407059,1.2923878606152828,0.11786293322663274
11,0.15,234,0.0002677668956196426,0.11739665471143808,0.11728204106407059,1.2873660408736107,0.11795108343213004
11,0.15,235,0.0002958021743360176,0.11740982653134946,0.11728204106407059,1.2823869600233575,0.11802073798010848
11,0.15,236,0.00031595179630465787,0.11741955581169368,0.11728204106407059,1.27745007477353,0.11807085575293594
11,0.15,237,0.00032802030102610887,0.11742572090336077,0.11728204106407059,1.272554851002604,0.11810091881805208
11,0.15,238,0.00033200925270847906,0.11742828919604106,0.11728204106407059,1.2677007635658875,0.11811090823944234
11,0.15,239,0.0003281091993870549,0.11742731528560767,0.11728204106407059,1.2628872961077207,0.11810127967885946
11,0.15,240,0.00031668814101077643,0.11742293700456376,0.11728204106407059,1.2581139408783724,0.11807293314964858
11,0.15,241,0.000298276581183611,0.1174153694813245,0.11728204106407059,1.2533801985554915,0.11802717559932978
11,0.15,242,0.00027354951327763794,0.11740489744569323,0.11728204106407059,1.2486855780699897,0.11796567661866823
11,0.15,243,0.00024330585108994104,0.11739186604049298,0.11728204106407059,1.2440295964362202,0.11789041844003248
11,0.15,244,0.0002084459667428981,0.1173766704317614,0.11728204106407059,1.2394117785863346,0.11780364227079711
11,0.15,245,0.0001699482925763475,0.11735974453158068,0.11728204106407059,1.2348316572086926,0.11770779495722976
11,0.15,246,0.00012884696196301497,0.11734154915839277,0.11728204106407059,1.2302887725902187,0.11760548706865316
11,0.15,247,8.621791585354406e-05,0.11732255995993005,0.11728204106407059,1.2257826724625822,0.11749951131459592
11,0.15,248,4.3234506772143326e-05,0.11730325541447896,0.11728204106407059,1.2213129118521047,0.11739332865470009
11,0.15,249,6.470292666888407e-06,0.11728410520822691,0.11728204106407059,1.216879052933277,0.11730957242434008
11,0.15,250,4.170395414273301e-05,0.1172655592612917,0.11728204106407059,1.2124806648858,0.11738750734806176
11,0.15,251,8.02890698359271e-05,0.11724803764419782,0.11728204106407059,1.2081173237550362,0.11748278353546888
11,0.15,252,0.00011581442333093847,0.11723192159157216,0.11728204106407059,1.2037886123157864,0.11757121519118457
11,0.15,253,0.00014743797839186526,0.1172175457821487,0.11728204106407059,1.1994941199392977,0.11765012166389018
11,0.15,254,0.00017453205229804106,0.117205192015137,0.11728204106407059,1.1952334424634108,0.11771780884477422
11,0.15,255,0.0001966122749097431,0.11719508437377257,0.11728204106407059,1.1910061820657663,0.11777301830947458
11,0.15,256,0.0002133325974851019,0.11718738592837763,0.11728204106407059,1.1868119471399785,0.11781485997319628
11,0.15,257,0.00022448574441848312,0.117182196994256,0.11728204106407059,1.1826503521747025,0.11784279975509265
11,0.15,258,0.00023000231531869215,0.11717955492476248,0.11728204106407059,1.1785210176355139,0.1178566530878124
11,0.15,259,0.00022994727633927027,0.11717943538730939,0.11728204106407059,1.174423569849524,0.11785657459388185
11,0.15,260,0.0002245136475365945,0.11718175504015957,0.11728204106407059,1.1703576408926568,0.11784304165206524
11,0.15,261,0.0002140135075307155,0.11718637550079158,0.11728204106407059,1.1663228684795204,0.11781683156008067
11,0.15,262,0.00019886657070816033,0.1171931084725679,0.11728204106407059,1.1623188958557975,0.11777899271048324
11,0.15,263,0.00017958666813688425,0.11720172187554989,0.11728204106407059,1.1583453716930912,0.11773081052865698
11,0.15,264,0.00015676651419159013,0.11721194680977347,0.11728204106407059,1.154401949986163,0.11767376911686105
11,0.15,265,0.00013106117919869166,0.1172234851653519,0.11728204106407059,1.1504882899524946,0.11760950970072774
11,0.15,266,0.0001031707294898266,0.11723601768366122,0.11728204106407059,1.1466040559341173,0.11753978719466766
11,0.15,267,7.382260677686816e-05,0.11724921226785755,0.11728204106407059,1.142748917301645,0.11746642697205281
11,0.15,268,4.37550559916872e-05,0.11726273233932012,0.11728204106407059,1.1389225483604601,0.11739128925373103
11,0.15,269,1.37180537290305e-05,0.11727624503950372,0.11728204106407059,1.1351246282589864,0.11731635748302344
11,0.15,270,1.5730304126326004e-05,0.11728942908422688,0.11728204106407059,1.1313548408990055,0.11732172700199991
11,0.15,271,4.3697166022495704e-05,0.11730198208959376,0.11728204106407059,1.1276128748479541,0.11739149120795056
11,0.15,272,6.970823056812024e-05,0.11731362720538172,0.11728204106407059,1.1238984232531601,0.11745644724530857
11,0.15,273,9.320585930455294e-05,0.11732411891248543,0.11728204106407059,1.120211183757962,0.11751512249063842
11,0.15,274,0.00011372487633169816,0.11733324786538674,0.11728204106407059,1.1165508584196633,0.11756634625849989
11,0.15,275,0.00013088694768949102,0.1173408446879503,0.11728204106407059,1.1129171536292795,0.11760917281276734
11,0.15,276,0.00014440532049107675,0.1173467826603219,0.11728204106407059,1.1093097800330285,0.11764288778018012
11,0.15,277,0.00015408814129854934,0.11735097926542042,0.11728204106407059,1.1057284524555233,0.11766701514875695
11,0.15,278,0.00015983961111874233,0.1173533965944855,0.11728204106407059,1.1021728898246188,0.11768131958882294
11,0.15,279,0.00016165891069068694,0.11735404064137833,0.11728204106407059,1.0986428150978784,0.11768580339686499
11,0.15,280,0.00015963697203489116,0.11735295954386726,0.11728204106407059,1.0951379551906149,0.11768069814234326
11,0.15,281,0.00015395123994734437,0.11735024085606939,0.11728204106407059,1.091658040905467,0.11766645136199147
11,0.15,282,0.00014485861651298515,0.11734600795879799,0.11728204106407059,1.0882028068634764,0.11764370880517837
11,0.15,283,0.00013268682433242846,0.11734041573315603,0.11728204106407059,1.0847719914366234,0.11761329286978227
11,0.15,284,0.00011782446690704118,0.11733364563687892,0.11728204106407059,1.0813653366817904,0.11757617803592907
11,0.15,285,0.00010071012370145921,0.11732590033241021,0.11728204106407059,1.077982588276114,0.1175334644221418
11,0.15,286,8.182095300027363e-05,0.11731739802043191,0.11728204106407059,1.0746234954536944,0.11748635148707572
11,0.15,287,6.166177340546594e-05,0.1173083666326909,0.11728204106407059,1.071287810943626,0.11743611741780664
11,0.15,288,4.075835986736964e-05,0.11729903803376039,0.11728204106407059,1.067975290909322,0.11738412934958173
11,0.15,289,1.968779871098145e-05,0.11728964237328088,0.11728204106407059,1.0646856948890961,0.11733211066397647
11,0.15,290,3.3546341169227565e-06,0.11728040271878595,0.11728204106407059,1.0614187857379753,0.11729536647962657
11,0.15,291,2.1892638284427757e-05,0.11727153008504854,0.11728204106407059,1.0581743295707111,0.11733773583428575
11,0.15,292,4.081900998965047e-05,0.117263218959644,0.11728204106407059,1.0549520957059624,0.11738449587191159
11,0.15,293,5.822370220897911e-05,0.11725564340676976,0.11728204106407059,1.0517518566116215,0.11742774470484883
11,0.15,294,7.370593869741666e-05,0.11724895381292393,0.11728204106407059,1.0485733878512558,0.11746627492058
11,0.15,295,8.695859645242058e-05,0.11724327431940094,0.11728204106407059,1.045416468031638,0.11749927618611511
11,0.15,296,9.774307061715338e-05,0.11723870096822171,0.11728204106407059,1.0422808787513422,0.11752613885445437
11,0.15,297,0.00010588806605176596,0.11723530057049662,0.11728204106407059,1.039166404550375,0.11754642973292842
11,0.15,298,0.000111290188289835,0.11723311028966654,0.11728204106407059,1.0360728328608237,0.11755988801873164
11,0.15,299,0.00011391370447209798,0.11723213791682485,0.11728204106407059,1.0329999539584933,0.11756642282718484
11,0.15,300,0.00011378897853998884,0.1172323628015797,0.11728204106407059,1.0299475609155118,0.11756610856289447
11,0.15,301,0.0001110095137218107,0.11723373738977216,0.11728204106407059,1.0269154495538793,0.11755917726292381
11,0.15,302,0.00010572766786954364,0.11723618930889829,0.11728204106407059,1.0239034183999394,0.11754600783854034
11,0.15,303,9.814916775750523e-05,0.11723962393330957,0.11728204106407059,1.0209112686397552,0.11752711244412614
11,0.15,304,8.852658686945882e-05,0.11724392735420035,0.11728204106407059,1.0179388040753614,0.11750312036682849
11,0.15,305,7.715198419620281e-05,0.11724896967402004,0.11728204106407059,1.0149858310818818,0.11747475997703224
11,0.15,306,6.434894644582484e-05,0.11725460854126672,0.11728204106407059,1.0120521585654836,0.11744283953503558
11,0.15,307,5.0464390898615665e-05,0.11726069283961368,0.11728204106407059,1.0091375979221566,0.1174082284232758
11,0.15,308,3.586098782019441e-05,0.11726706644497813,0.11728204106407059,1.0062419629972927,0.11737184390258315
11,0.15,309,2.0914741635421227e-05,0.11727357196544617,0.11728204106407059,1.0033650700460526,0.11733467422764574
11,0.15,310,6.106146983854483e-06,0.11728005438189211,0.11728204106407059,1.0005067376944976,0.11729841563854794
11,0.15,311,8.896717282316143e-06,0.11728636451162862,0.11728204106407059,0.9976667869014738,0.1173048318024033
11,0.15,312,2.273971797996883e-05,0.11729236222342466,0.11728204106407059,0.9948450409212257,0.11733895575683094
11,0.15,313,3.5670701448924474e-05,0.11729791933963335,0.11728204106407059,0.9920413252667301,0.11737113882396075
11,0.15,314,4.735861608622408e-05,0.11730292216983666,0.11728204106407059,0.989255467673728,0.11740028085614415
11,0.15,315,5.756305205658665e-05,0.11730727363016803,0.11728204106407059,0.9864872980654433,0.11742574339197827
11,0.15,316,6.609159692145537e-05,0.1173108949130951,0.11728204106407059,0.9837366485179706,0.11744703430196814
11,0.15,317,7.279855411506769e-05,0.11731372668368842,0.11728204106407059,0.9810033532263179,0.11746378450341827
11,0.15,318,7.758593195032432e-05,0.11731572978998751,0.11728204106407059,0.9782872484710907,0.11747574621381814
11,0.15,319,8.040391131907086e-05,0.1173168854867086,0.11728204106407059,0.9755881725858022,0.11748279288666026
11,0.15,320,8.125034568464243e-05,0.11731719518291855,0.11728204106407059,0.9729059659247968,0.11748491753735825
11,0.15,321,8.016922457111174e-05,0.11731667973512765,0.11728204106407059,0.9702404708317728,0.11748222874826189
11,0.15,322,7.724813480770359e-05,0.11731537831725236,0.11728204106407059,0.9675915316088917,0.11747494426893208
11,0.15,323,7.261479805410738e-05,0.11731334690782086,0.11728204106407059,0.9649589944864619,0.11746338234532884
11,0.15,324,6.643278963414838e-05,0.11731065644242468,0.11728204106407059,0.962342707593183,0.11744795101432237
11,0.15,325,5.8896562333953355e-05,0.11730739068560107,0.11728204106407059,0.9597425209269395,0.11742913566125167
11,0.15,326,5.022591234809483e-05,0.11730364388094787,0.11728204106407059,0.9571582863261332,0.11740748517925902
11,0.15,327,4.066003391551051e-05,0.11729951824127317,0.11728204106407059,0.9545898574415397,0.11738359709672269
11,0.15,328,3.0451315073624445e-05,0.11729512134196048,0.11728204106407059,0.9520370897086815,0.11735810206105605
11,0.15,329,1.985903236598928e-05,0.11729056348053372,0.11728204106407059,0.949499840320704,0.11733164811028719
11,0.15,330,9.143146327953324e-06,0.11728595506372747,0.11728204106407059,0.9469779682017445,0.11730488560500577
11,0.15,331,1.4445818512141276e-06,0.11728140408033416,0.11728204106407059,0.9444713339807848,0.1172856571378311
11,0.15,332,1.1654382455255483e-05,0.11727701371386881,0.11728204106407059,0.9419797999659754,0.11731114437346848
11,0.15,333,2.1265405841227084e-05,0.11727288014383533,0.11728204106407059,0.9395032301194232,0.11733514742834111
11,0.15,334,3.007076098502578e-05,0.11726909057828849,0.11728204106407059,0.9370414900324311,0.11735713799323633
11,0.15,335,3.7890492542051515e-05,0.11726572155364637,0.11728204106407059,0.9345944469011822,0.11737666606375835
11,0.15,336,4.457347300412873e-05,0.11726283753051021,0.11728204106407059,0.9321619695028575,0.11739335404618666
11,0.15,337,4.999997002361391e-05,0.11726048980676149,0.11728204106407059,0.9297439281721785,0.11740690293346677
11,0.15,338,5.4083426560935476e-05,0.11725871576160421,0.11728204106407059,0.9273401947783676,0.11741709670793844
11,0.15,339,5.677141436480453e-05,0.11725753843664523,0.11728204106407059,0.9249506427025143,0.11742380469984742
11,0.15,340,5.8045762348405124e-05,0.1172569664527003,0.11728204106407059,0.9225751468153424,0.11742698188585567
11,0.15,341,5.792188294226685e-05,0.11725699425389538,0.11728204106407059,0.920213583455368,0.11742666718237181
11,0.15,342,5.644733795853216e-05,0.11725760266391931,0.11728204106407059,0.9178658304074402,0.11742297983921018
11,0.15,343,5.369970215029817e-05,0.1172587597330664,0.11728204106407059,0.9155317668816577,0.11741611408147305
11,0.15,344,4.978379752624256e-05,0.11726042184908389,0.11728204106407059,0.9132112734926532,0.11740633218753521
11,0.15,345,4.482838467238759e-05,0.11726253507988785,0.11728204106407059,0.910904232239237,0.11739395622710462
11,0.15,346,3.898240957439479e-05,0.11726503671200966,0.11728204106407059,0.9086105264843954,0.11737935872475233
11,0.15,347,3.241091888272518e-05,0.1172678569452468,0.11728204106407059,0.9063300409356337,0.11736295258281004
11,0.15,348,2.5290787358137073e-05,0.11727092070148025,0.11728204106407059,0.904062661625658,0.11734518079586694
11,0.15,349,1.7806529764519408e-05,0.11727414950402537,0.11728204106407059,0.9018082758933897,0.1173265073995003
11,0.15,350,1.014745023405613e-05,0.11727746338324234,0.11728204106407059,0.899566772365306,0.11730741810640312
11,0.15,351,2.5347719286684073e-06,0.11728078276445869,0.11728204106407059,0.8973380409370973,0.11728862797958199
11,0.15,352,5.034354184165735e-06,0.11728403029554926,0.11728204106407059,0.8951219727556399,0.1172947773117855
11,0.15,353,1.2137858101131773e-05,0.11728713257375174,0.11728204106407059,0.8929184602012729,0.11731242243408865
11,0.15,354,1.8746538739718275e-05,0.11729002173442439,0.11728204106407059,0.8907273968703768,0.11732889446828959
11,0.15,355,2.4710771252797953e-05,0.11729263686840184,0.11728204106407059,0.8885486775582464,0.1173437689704262
11,0.15,356,2.9910002566697e-05,0.11729492523928624,0.11728204106407059,0.8863821982422515,0.11735673777841796
11,0.15,357,3.424645395750296e-05,0.11729684327730254,0.11728204106407059,0.8842278560652818,0.11736755489123613
11,0.15,358,3.7645847258162496e-05,0.11729835733212157,0.11728204106407059,0.8820855493194684,0.11737603428831939
11,0.15,359,4.0058211406087414e-05,0.11729944417315587,0.11728204106407059,0.8799551774301776,0.11738205105568737
11,0.15,360,4.145822387964562e-05,0.11730009123210855,0.11728204106407059,0.8778366409402717,0.11738554195732347
11,0.15,361,4.184500286200638e-05,0.11730029658883624,0.11728204106407059,0.8757298414946313,0.11738650480715636
11,0.15,362,4.124134951664255e-05,0.11730006870771077,0.11728204106407059,0.8736346818249335,0.11738499653137846
11,0.15,363,3.969246826149814e-05,0.11729942593747371,0.11728204106407059,0.8715510657346832,0.11738112995706357
11,0.15,364,3.726420889715905e-05,0.11729839579292711,0.11728204106407059,0.8694788980844893,0.11737506942483766
11,0.15,365,3.404088615942939e-05,0.11729701404156316,0.11728204106407059,0.867418084777584,0.11736702536261721
11,0.15,366,3.0122742046195764e-05,0.11729532362229407,0.11728204106407059,0.8653685327455799,0.11735724798849839
11,0.15,367,2.562312594356492e-05,0.11729337342671863,0.11728204106407059,0.8633301499344586,0.11734602035083887
11,0.15,368,2.06654824882228e-05,0.11729121697578836,0.11728204106407059,0.861302845290789,0.11733365099935025
11,0.15,369,1.5380283060686715e-05,0.11728891102628096,0.11728204106407059,0.8592865287481692,0.11732046689672902
11,0.15,370,9.902297440795626e-06,0.11728651414214433,0.11728204106407059,0.8572811112138878,0.1173068090360846
11,0.15,371,4.371790759914863e-06,0.11728408526555172,0.11728204106407059,0.8552865045558021,0.11729305572283409
11,0.15,372,1.1910759426018784e-06,0.11728168232145024,0.11728204106407059,0.8533026215894265,0.1172853194213795
11,0.15,373,6.404810288537288e-06,0.11727936088754655,0.11728204106407059,0.8513293760652298,0.117298076975552
11,0.15,374,1.1359067287819857e-05,0.11727717295913198,0.11728204106407059,0.8493666826561358,0.11731041665757619
11,0.15,375,1.5897156375095836e-05,0.11727516583499294,0.11728204106407059,0.8474144569452237,0.11732173507546652
11,0.15,376,1.9923468997563864e-05,0.11727338114698099,0.11728204106407059,0.8454726154136248,0.1173317814544738
11,0.15,377,2.3359247245071612e-05,0.1172718540517375,0.11728204106407059,0.8435410754286128,0.11734035630737506
11,0.15,378,2.6142343416432598e-05,0.11727061259869158,0.11728204106407059,0.8416197552318812,0.11734730339246544
11,0.15,379,2.822789236721174e-05,0.11726967728388879,0.11728204106407059,0.8397085739280084,0.11735251014279709
11,0.15,380,2.9588751236318197e-05,0.11726906079457027,0.11728204106407059,0.8378074514731032,0.11735590843411194
11,0.15,381,3.0215558542373527e-05,0.11726876794482144,0.11728204106407059,0.8359163086636306,0.11735747462356115
11,0.15,382,3.0116391576903353e-05,0.11726879579813869,0.11728204106407059,0.834035067125412,0.1173572286551547
11,0.15,383,2.9316033437261466e-05,0.11726913396852676,0.11728204106407059,0.8321636493027975,0.11735523221599627
11,0.15,384,2.7854875692707584e-05,0.11726976508781758,0.11728204106407059,0.8303019784480091,0.11735158599310141
11,0.15,385,2.5787492264635178e-05,0.11727066542337752,0.11728204106407059,0.8284499786106483,0.11734642611332173
11,0.15,386,2.318092739616267e-05,0.11727180562730663,0.11728204106407059,0.826607574627367,0.11733991987101042
11,0.15,387,2.0112746311345602e-05,0.11727315159569113,0.11728204106407059,0.8247746921116995,0.11733226086402876
11,0.15,388,1.6668901629396486e-05,0.11727466541449096,0.11728204106407059,0.822951257444051,0.11732366367200237
11,0.15,389,1.2941472451470478e-05,0.11727630636726108,0.11728204106407059,0.8211371977618402,0.1173143582261774
11,0.15,390,9.026339864798147e-06,0.11727803197913464,0.11728204106407059,0.8193324409497947,0.11730458406266217
11,0.15,391,5.0209072247653515e-06,0.11727979907134738,0.11728204106407059,0.8175369156303939,0.11729458497158932
11,0.15,392,1.0235687985713586e-06,0.11728156480104135,0.11728204106407059,0.8157505511544594,0.11728461593327057
11,0.15,393,2.8811607575449775e-06,0.11728328766213258,0.11728204106407059,0.8139732775918884,0.11728923498029649
11,0.15,394,6.5937961844743385e-06,0.11728492842462578,0.11728204106407059,0.8122050257225285,0.11729850196330867
11,0.15,395,1.0038544744481156e-05,0.11728645099185687,0.11728204106407059,0.8104457270271905,0.11730710226013029
11,0.15,396,1.3142785337969678e-05,0.11728782315768453,0.11728204106407059,0.8086953136787989,0.11731485280183868
11,0.15,397,1.5844376111100116e-05,0.11728901724855914,0.11728204106407059,0.8069537185336736,0.11732159812132235
11,0.15,398,1.8092525750158072e-05,0.11729001063859683,0.11728204106407059,0.8052208751229459,0.11732721128762387
11,0.15,399,1.9848601907549075e-05,0.11729078612918598,0.11728204106407059,0.8034967176441017,0.1173315957896627
11,0.15,400,2.1086653154738422e-05,0.11729133218816971,0.11728204106407059,0.8017811809526516,0.1173346868094785
11,0.15,401,2.1793623534484353e-05,0.11729164304718394,0.11728204106407059,0.800074200553927,0.11733645174826639
11,0.15,402,2.1969261010483445e-05,0.11729171865919988,0.11728204106407059,0.798375712594997,0.11733688999296608
11,0.15,403,2.162573055136754e-05,0.11729156452163457,0.11728204106407059,0.7966856538567069,0.11733603194686913
11,0.15,404,2.078694969764516e-05,0.11729119137347539,0.11728204106407059,0.795003961745834,0.11733393736756939
11,0.15,405,1.9487670561004843e-05,0.11729061477763889,0.11728204106407059,0.7933305742873604,0.11733069307211175
11,0.15,406,1.7772337485070812e-05,0.11728985460219567,0.11728204106407059,0.7916654301168597,0.11732641008292602
11,0.15,407,1.5693754077447464e-05,0.11728893441608737,0.11728204106407059,0.7900084684729954,0.11732122029953024
11,0.15,408,1.3311597108631674e-05,0.11728788081650471,0.11728204106407059,0.7883596291901304,0.11731527279277916
11,0.15,409,1.0690818452135074e-05,0.11728672270616655,0.11728204106407059,0.7867188526910447,0.11730872983274379
11,0.15,410,7.89998293917452e-06,0.11728549053932369,0.11728204106407059,0.7850860799797593,0.1173017628030581
11,0.15,411,5.009623057365382e-06,0.11728421555542044,0.11728204106407059,0.7834612526344658,0.11729454838960839
11,0.15,412,2.091128783860872e-06,0.11728292901898835,0.11728204106407059,0.781844312800557,0.11728726857270338
11,0.15,413,7.970746502272386e-07,0.11728166148355632,0.11728204106407059,0.7802352031837616,0.11728406272033075
11,0.15,414,3.566125686973274e-06,0.11728044209617054,0.11728204106407059,0.7786338670433759,0.11729095362928242
11,0.15,415,6.171646763403387e-06,0.11727929795757522,0.11728204106407059,0.7770402481855945,0.1172974551859603
11,0.15,416,8.554045677333177e-06,0.1172782535512626,0.11728204106407059,0.775454290956937,0.1173034012330945
11,0.15,417,1.0664186933882066e-05,0.11727733025251408,0.11728204106407059,0.7738759402377694,0.1173086679853509
11,0.15,418,1.2460967961912546e-05,0.11727654592628454,0.11728204106407059,0.7723051414359184,0.11731315259209887
11,0.15,419,1.3911889277017155e-05,0.11727591462039003,0.11728204106407059,0.7707418404803771,0.11731677386111981
11,0.15,420,1.4993526000624918e-05,0.11727544635800444,0.11728204106407059,0.7691859838151001,0.1173194733106828
11,0.15,421,1.5691791949862923e-05,0.11727514703101546,0.11728204106407059,0.7676375183928886,0.11732121579268927
11,0.15,422,1.600198254869586e-05,0.11727501839338883,0.11728204106407059,0.7660963916693606,0.11732198958591811
11,0.15,423,1.5928599198265767e-05,0.11727505815139438,0.11728204106407059,0.7645625515970077,0.11732180595120553
11,0.15,424,1.5484964950519926e-05,0.11727526014540848,0.11728204106407059,0.7630359466193357,0.11732069816887175
11,0.15,425,1.4692646494064169e-05,0.11727561461606338,0.11728204106407059,0.761516525665088,0.11731872009479183
11,0.15,426,1.3580701749585194e-05,0.11727610854580528,0.11728204106407059,0.7600042381425504,0.117315944282949
11,0.15,427,1.2184776031689786e-05,0.11727672606547573,0.11728204106407059,0.7584990339339357,0.11731245973239056
11,0.15,428,1.05460729016889e-05,0.11727744891437034,0.11728204106407059,0.7570008633898472,0.1173083693259994
11,0.15,429,8.710228941752612e-06,0.11727825694137084,0.11728204106407059,0.7555096773238198,0.11730378704053866
11,0.15,430,6.72612669920711e-06,0.11727912863420044,0.11728204106407059,0.7540254270069366,0.11729883503663822
11,0.15,431,4.6446989966168745e-06,0.11728004166361794,0.11728204106407059,0.7525480641625216,0.1172936408697913
11,0.15,432,2.5179339294757706e-06,0.11728097342944437,0.11728204106407059,0.7510775409609048,0.11728833618047467
11,0.15,433,4.0576536221651493e-07,0.1172819015956886,0.11728204106407059,0.7496138100142609,0.1172831095781667
11,0.15,434,1.677182851578049e-06,0.117282804602695,0.11728204106407059,0.7481568243715185,0.1172862405758226
11,0.15,435,3.6420931085136978e-06,0.11728366214514672,0.11728204106407059,0.7467065375133405,0.11729113809330159
11,0.15,436,5.4638970611551e-06,0.1172844556059025,0.11728204106407059,0.7452629033471724,0.11729568367800282
11,0.15,437,7.103458086356871e-06,0.1172851684369809,0.11728204106407059,0.7438258762023598,0.11729977551394437
11,0.15,438,8.527786076457985e-06,0.11728578648050557,0.11728204106407059,0.7423954108253318,0.1173033305503761
11,0.15,439,9.710008525394388e-06,0.11728629822404268,0.11728204106407059,0.7409714623748506,0.11730628148483432
11,0.15,440,1.0629740478876582e-05,0.11728669498646047,0.11728204106407059,0.7395539864173261,0.11730857733346932
11,0.15,441,1.1273348524258185e-05,0.11728697103217614,0.11728204106407059,0.738142938922194,0.11731018400859555
11,0.15,442,1.1634061061764619e-05,0.117287123613387,0.11728204106407059,0.7367382762573566,0.11731108456851654
11,0.15,443,1.1711918595722727e-05,0.11728715294156737,0.11728204106407059,0.7353399551846855,0.11731127908437793
11,0.15,444,1.1513567829269891e-05,0.11728706209111808,0.11728204106407059,0.733947932855585,0.11731078412280677
11,0.15,445,1.1051908335307677e-05,0.11728685683953834,0.11728204106407059,0.7325621668066153,0.11730963186292527
11,0.15,446,1.034560419044528e-05,0.11728654544982509,0.11728204106407059,0.7311826149551747,0.11730786887736804
11,0.15,447,9.418475897742951e-06,0.11728613840196361,0.11728204106407059,0.7298092355952392,0.11730555461496243
11,0.15,448,8.298790346066363e-06,0.11728564808133489,0.11728204106407059,0.7284419873931608,0.11730275962949543
11,0.15,449,7.018468507825975e-06,0.1172850884326111,0.11728204106407059,0.7270808293835191,0.11729956360395934
11,0.15,450,5.612232202517849e-06,0.11728447458823543,0.11728204106407059,0.7257257209650315,0.11729605322542715
11,0.15,451,4.116713280713865e-06,0.1172838224808778,0.11728204106407059,0.724376621896515,0.11729231997631236
11,0.15,452,2.5695566583892303e-06,0.1172831484493247,0.11728204106407059,0.7230334922929034,0.11728845796453378
11,0.15,453,1.008663675909949e-06,0.11728246884711119,0.11728204106407059,0.7216962926213165,0.11728456274132898
11,0.15,454,5.311470978958234e-07,0.11728179966284005,0.11728204106407059,0.7203649836971816,0.11728337067198065
11,0.15,455,2.0104991471894356e-06,0.11728115616057938,0.11728204106407059,0.7190395266804055,0.1172870604677021
11,0.15,456,3.399420586255246e-06,0.11728055254800095,0.11728204106407059,0.7177198830715977,0.11729052747587054
11,0.15,457,4.66759327936196e-06,0.11728000167904273,0.11728204106407059,0.7164060147083428,0.11729369336464918
11,0.15,458,5.7889239352439996e-06,0.11727951479687483,0.11728204106407059,0.7150978837615213,0.11729649277050154
11,0.15,459,6.741558245125847e-06,0.11727910132184417,0.11728204106407059,0.7137954527316793,0.11729887107097418
11,0.15,460,7.508239274381052e-06,0.11727876868790123,0.11728204106407059,0.7124986844454454,0.11730078515547719
11,0.15,461,8.07656897553012e-06,0.11727852222979646,0.11728204106407059,0.7112075420519933,0.11730220405577893
11,0.15,462,8.43915195878358e-06,0.11727836512210557,0.11728204106407059,0.709921989019552,0.11730310929898494
11,0.15,463,8.593619114200293e-06,0.1172782983699305,0.11728204106407059,0.7086419891319591,0.11730349496444623
11,0.15,464,8.54253352272502e-06,0.11727832084994898,0.11728204106407059,0.7073675064852611,0.11730336744795092
11,0.15,465,8.293184173837642e-06,0.11727842939937769,0.11728204106407059,0.7060985054843553,0.11730274494633734
11,0.15,466,7.857275571203734e-06,0.11727861894939536,0.11728204106407059,0.7048349508396766,0.11730165668211481
11,0.15,467,7.250523533557452e-06,0.11727888269865906,0.11728204106407059,0.7035768075639258,0.11730014189403286
11,0.15,468,6.492169398845609e-06,0.11727921232175909,0.11728204106407059,0.7023240409688407,0.11729824862395523
11,0.15,469,5.6044263986970864e-06,0.11727959820680896,0.11728204106407059,0.7010766166620075,0.11729603233456334
11,0.15,470,4.611873189303049e-06,0.11728002971586714,0.11728204106407059,0.699834500543714,0.11729355439556517
11,0.15,471,3.5408104811358635e-06,0.11728049546154176,0.11728204106407059,0.6985976588038422,0.11729088047931384
11,0.15,472,2.418597962036351e-06,0.11728098359294768,0.11728204106407059,0.6973660579188002,0.11728807891393742
11,0.15,473,1.272996434943271e-06,0.11728148208415819,0.11728204106407059,0.6961396646484943,0.11728521909732574
11,0.15,474,1.3214143455338087e-07,0.11728197901842902,0.11728204106407059,0.6949184460333373,0.11728237437585935
11,0.15,475,9.79755708187888e-07,0.11728246286175174,0.11728204106407059,0.6937023693912967,0.11728448789746075
11,0.15,476,2.0349884692276736e-06,0.11728292271971782,0.11728204106407059,0.692491402314979,0.11728712196491146
11,0.15,477,3.011557453906073e-06,0.1172833485722216,0.11728204106407059,0.6912855126687507,0.11728955981501826
11,0.15,478,3.888926686904026e-06,0.1172837314811929,0.11728204106407059,0.6900846685858957,0.1172917500386871
11,0.15,479,4.6495076138460975e-06,0.11728406376730219,0.11728204106407059,0.6888888384658084,0.11729364870437822
11,0.15,480,5.278962064568532e-06,0.11728433915241068,0.11728204106407059,0.6876979909712214,0.11729522001385195
11,0.15,481,5.766438538579921e-06,0.11728455286541818,0.11728204106407059,0.6865120950254685,0.11729643687879181
11,0.15,482,6.10472219824609e-06,0.1172847017100754,0.11728204106407059,0.685331119809781,0.1172972812918805
11,0.15,483,6.290296016120491e-06,0.11728478409424829,0.11728204106407059,0.684155034760618,0.11729774447805537
11,0.15,484,6.323313963177992e-06,0.1172848000210329,0.11728204106407059,0.6829838095670301,0.11729782682695006
11,0.15,485,6.207489375785212e-06,0.11728475104299585,0.11728204106407059,0.681817414168055,0.11729753761372941
11,0.15,486,5.9499035786736254e-06,0.11728464018163749,0.11728204106407059,0.6806558187501455,0.11729689452109344
11,0.15,487,5.560741573338427e-06,0.11728447181492913,0.11728204106407059,0.67949899374463,0.11729592297939824
11,0.15,488,5.052963116766001e-06,0.11728425153643936,0.11728204106407059,0.6783469098252025,0.11729465534572832
11,0.15,489,4.4419188060922135e-06,0.11728398599013061,0.11728204106407059,0.6771995379054456,0.11729312994613161
11,0.15,490,3.744921868008765e-06,0.11728368268536056,0.11728204106407059,0.6760568491363816,0.11729139000836702
11,0.15,491,2.9807873558068026e-06,0.11728334979695887,0.11728204106407059,0.6749188149040551,0.11728948251612524
11,0.15,492,2.169352144010825e-06,0.11728299595546153,0.11728204106407059,0.6737854068271446,0.11728745702598983
11,0.15,493,1.3309975983380818e-06,0.11728263003267345,0.11728204106407059,0.6726565967546029,0.11728536454831627
11,0.15,494,4.863339780795944e-07,0.11728226092769227,0.11728204106407059,0.6715323567633265,0.11728325757603604
11,0.15,495,3.4660637883470565e-07,0.11728189735837385,0.11728204106407059,0.6704126591558532,0.11728290993489306
11,0.15,496,1.145302305125885e-06,0.11728154766295046,0.11728204106407059,0.6692974764580876,0.11728490128147083
11,0.15,497,1.894290548648245e-06,0.11728121961614531,0.11728204106407059,0.6681867814170532,0.11728677058505471
11,0.15,498,2.577143655663829e-06,0.11728092026366548,0.11728204106407059,0.6670805469986738,0.11728847504602363
11,0.15,499,3.179797930333273e-06,0.11728065577841786,0.11728204106407059,0.6659787463855784,0.11728997938681998
11,0.15,500,3.6905005916818118e-06,0.11728043134119162,0.11728204106407059,0.6648813529749353,0.11729125422464991
11,0.15,501,4.099996201965086e-06,0.117280251047903,0.11728204106407059,0.663788340376311,0.11729227643835796
11,0.15,502,4.401665905685052e-06,0.11728011784481952,0.11728204106407059,0.6626996824095535,0.11729302949717509
11,0.15,503,4.5916038688783345e-06,0.11728003349248829,0.11728204106407059,0.6616153531027036,0.11729350364616362
11,0.15,504,4.668628894918491e-06,0.11727999855840232,0.11728204106407059,0.6605353266899285,0.11729369593331869
11,0.15,505,4.63423235244541e-06,0.11728001243776846,0.11728204106407059,0.6594595776094813,0.11729361007887981
11,0.15,506,4.4924653446881095e-06,0.11728007340109954,0.11728204106407059,0.6583880805016841,0.11729325619335898
11,0.15,507,4.249769470957801e-06,0.11728017866676511,0.11728204106407059,0.6573208102069352,0.11729265035507541
11,0.15,508,3.914756755960486e-06,0.11728032449610198,0.11728204106407059,0.6562577417637406,0.11729181406088633
11,0.15,509,3.4979453599111723e-06,0.11728050630822515,0.11728204106407059,0.6551988504067668,0.11729077356663635
11,0.15,510,3.011458540774758e-06,0.1172807188112993,0.11728204106407059,0.6541441115649185,0.11728955913606474
11,0.15,511,2.4686950276490416e-06,0.11728095614673409,0.11728204106407059,0.6530935008594373,0.11728820421884205
11,0.15,512,1.8839795727783501e-06,0.117281212042563,0.11728204106407059,0.6520469941020245,0.11728674458075017
11,0.15,513,1.2722036149217735e-06,0.11728147997215335,0.11728204106407059,0.6510045672929836,0.11728521741627586
11,0.15,514,6.484750479434144e-07,0.11728175331437667,0.11728204106407059,0.6499661966193865,0.11728366053909542
11,0.15,515,2.9548663090444045e-08,0.1172820255114425,0.11728204106407059,0.6489318584532597,0.11728212351694932
11,0.15,516,5.759850976701695e-07,0.11728229022075805,0.11728204106407059,0.6479015293497923,0.11728347923039949
11,0.15,517,1.1484114206695825e-06,0.1172825414574182,0.11728204106407059,0.6468751860455646,0.11728490802744285
11,0.15,518,1.6774132489037867e-06,0.11728277372424539,0.11728204106407059,0.6458528054567972,0.11728622858138894
11,0.15,519,2.1518596681751494e-06,0.11728298212667669,0.11728204106407059,0.6448343646776205,0.11728741298425926
11,0.15,520,2.56223713303016e-06,0.11728316247022942,0.11728204106407059,0.6438198409783636,0.11728843746177853
11,0.15,521,2.90080802955475e-06,0.11728331133874918,0.11728204106407059,0.6428092118038641,0.1172892826884611
11,0.15,522,3.1617376054313885e-06,0.11728342615214814,0.11728204106407059,0.6418024547717955,0.11728993409361535
11,0.15,523,3.341174537685816e-06,0.11728350520286124,0.11728204106407059,0.6407995476710159,0.11729038205964566
11,0.15,524,3.4372832455389707e-06,0.11728354767077141,0.11728204106407059,0.639800468459934,0.11729062200210372
11,0.15,525,3.4502283255789434e-06,0.1172835536168706,0.11728204106407059,0.6388051952648942,0.11729065433035651
11,0.15,526,3.382112785019981e-06,0.11728352395641524,0.11728204106407059,0.6378137063785808,0.11729048429343014
11,0.15,527,3.236872827985341e-06,0.11728346041279972,0.11728204106407059,0.6368259802584395,0.11729012171713991
11,0.15,528,3.020132897643966e-06,0.11728336545378774,0.11728204106407059,0.6358419955251168,0.11728958064231156
11,0.15,529,2.739025501982355e-06,0.11728324221211255,0.11728204106407059,0.6348617309609182,0.11728887887486887
11,0.15,530,2.4019810437651642e-06,0.11728309439276585,0.11728204106407059,0.6338851655082827,0.11728803746114005
11,0.15,531,2.0184934269169165e-06,0.11728292616954258,0.11728204106407059,0.6329122782682747,0.11728708010264192
11,0.15,532,1.5988676102304214e-06,0.11728274207358552,0.11728204106407059,0.6319430484990939,0.1172860325258796
11,0.15,533,1.1539555317871302e-06,0.11728254687678343,0.11728204106407059,0.6309774556146004,0.11728492182308814
11,0.15,534,6.948869699173952e-07,0.11728234547291252,0.11728204106407059,0.6300154791828578,0.11728377578074713
11,0.15,535,2.3280288939448306e-07,0.11728214275937969,0.11728204106407059,0.6290570989246919,0.1172826222201028
11,0.15,536,2.2141959531338995e-07,0.1172819435223269,0.11728204106407059,0.6281022947122653,0.11728259388724234
11,0.15,537,6.573702033183e-07,0.11728175232769668,0.11728204106407059,0.6271510465676691,0.11728368220328066
11,0.15,538,1.0653959529099196e-06,0.11728157342063905,0.11728204106407059,0.6262033346615286,0.11728470081375078
11,0.15,539,1.4367613254301176e-06,0.11728141063537692,0.11728204106407059,0.625259139311626,0.11728562790258754
11,0.15,540,1.7638404390427637e-06,0.11728126731733537,0.11728204106407059,0.624318440981538,0.1172864444313671
11,0.15,541,2.0402618596377353e-06,0.11728114625900134,0.11728204106407059,0.6233812202792876,0.1172871344941498
11,0.15,542,2.2610212037157005e-06,0.11728104965061234,0.11728204106407059,0.6224474579560123,0.11728768559812196
11,0.15,543,2.422558666232438e-06,0.11728097904639458,0.11728204106407059,0.6215171349046459,0.11728808885692374
11,0.15,544,2.5228006068781014e-06,0.11728093534668343,0.11728204106407059,0.6205902321586154,0.11728833909449071
11,0.15,545,2.561165247047824e-06,0.1172809187958776,0.11728204106407059,0.619666730890552,0.11728843485917992
11,0.15,546,2.538533374856791e-06,0.11728092899580997,0.11728204106407059,0.6187466124110164,0.11728837835058209
11,0.15,547,2.457185748022513e-06,0.11728096493376802,0.11728204106407059,0.6178298581672377,0.11728817526327075
11,0.15,548,2.320709611865024e-06,0.11728102502407803,0.11728204106407059,0.6169164497418669,0.1172878345533163
11,0.15,549,2.133877404816052e-06,0.1172811071618809,0.11728204106407059,0.6160063688517434,0.11728736813556799
11,0.15,550,1.9025012829543376e-06,0.11728120878748406,0.11728204106407059,0.615099597346675,0.11728679052044609
11,0.15,551,1.633267565157853e-06,0.11728132695947334,0.11728204106407059,0.6141961172082311,0.11728611840082816
11,0.15,552,1.3335555683072913e-06,0.11728145843461803,0.11728204106407059,0.6132959105485496,0.11728537020009401
11,0.15,553,1.0112456230987682e-06,0.11728159975250145,0.11728204106407059,0.6123989596091564,0.11728456559394915
11,0.15,554,6.745216288255357e-07,0.11728174732276028,0.11728204106407059,0.611505246759797,0.11728372502197698
11,0.15,555,3.316781080493151e-07,0.11728189751281572,0.11728204106407059,0.6106147544972822,0.11728286923785351
11,0.15,556,1.0481003027436174e-08,0.11728204673403275,0.11728204106407059,0.6097274654443448,0.1172820724655893
11,0.15,557,3.4004506403512584e-07,0.11728219152433922,0.11728204106407059,0.6088433623485094,0.11728289013779195
11,0.15,558,6.534532648670404e-07,0.11728232862547772,0.11728204106407059,0.6079624280809746,0.11728367244239035
11,0.15,559,9.426309288471584e-07,0.11728245505324282,0.11728204106407059,0.607084645635506,0.11728439431378054
11,0.15,560,1.2015021515093922e-06,0.11728256815926748,0.11728204106407059,0.6062099981273428,0.11728504054226731
11,0.15,561,1.4248799315501537e-06,0.11728266568316342,0.11728204106407059,0.6053384687921141,0.11728559817077193
11,0.15,562,1.608556105310792e-06,0.11728274579407884,0.11728204106407059,0.6044700409847688,0.11728605669145828
11,0.15,563,1.7493708117656198e-06,0.11728280712101379,0.11728204106407059,0.6036046981785154,0.11728640821506632
11,0.15,564,1.84525613253131e-06,0.11728284877151336,0.11728204106407059,0.6027424239637734,0.11728664757883456
11,0.15,565,1.8952531336378122e-06,0.11728287033864299,0.11728204106407059,0.6018832020471367,0.11728677238863097
11,0.15,566,1.8995025712771215e-06,0.1172828718964249,0.11728204106407059,0.6010270162503469,0.11728678299567273
11,0.15,567,1.8592102035620072e-06,0.11728285398418099,0.11728204106407059,0.6001738505092776,0.11728668240987106
11,0.15,568,1.7765882332834836e-06,0.11728281758047053,0.11728204106407059,0.5993236888729305,0.11728647615358008
11,0.15,569,1.654774925907479e-06,0.11728276406753567,0.11728204106407059,0.5984765155024403,0.11728617206098325
11,0.15,570,1.4977349025034273e-06,0.11728269518736169,0.11728204106407059,0.5976323146700924,0.11728578002925817
11,0.15,571,1.3101429865688767e-06,0.11728261299062037,0.11728204106407059,0.5967910707583479,0.1172853117285732
11,0.15,572,1.0972547956436354e-06,0.11728251977989633,0.11728204106407059,0.5959527682588825,0.11728478027925614
11,0.15,573,8.647675042758471e-07,0.11728241804868493,0.11728204106407059,0.5951173917716315,0.11728419990451748
11,0.15,574,6.186744392857461e-07,0.11728231041770731,0.11728204106407059,0.5942849260038483,0.11728358556862038
11,0.15,575,3.651179234568303e-07,0.11728219957010415,0.11728204106407059,0.5934553557691704,0.11728295261540614
11,0.15,576,1.1026005571271808e-07,0.11728208818705049,0.11728204106407059,0.5926286659866963,0.11728231653244714
11,0.15,577,1.4003838849979982e-07,0.11728197888527783,0.11728204106407059,0.5918048416800713,0.11728239081631213
11,0.15,578,3.7984959982843203e-07,0.11728187415790324,0.11728204106407059,0.5909838679765833,0.11728298938049828
11,0.15,579,6.039805691767908e-07,0.11728177631984578,0.11728204106407059,0.5901657301062682,0.11728354888257682
11,0.15,580,8.076231642488445e-07,0.11728168745896858,0.11728204106407059,0.589350413401023,0.11728405725095929
11,0.15,581,9.865970110918845e-07,0.11728160939391591,0.11728204106407059,0.5885379032937305,0.1172845040410906
11,0.15,582,1.1374182010478143e-06,0.1172815436394334,0.11728204106407059,0.5877281853173908,0.11728488055314827
11,0.15,583,1.2573599391322492e-06,0.11728149137976111,0.11728204106407059,0.5869212451042634,0.11728517997875326
11,0.15,584,1.344494548318044e-06,0.11728145345048599,0.11728204106407059,0.5861170683850165,0.11728539750497247
11,0.15,585,1.3977157594121712e-06,0.11728143032903199,0.11728204106407059,0.5853156409878866,0.11728553036962454
11,0.15,586,1.4167412248657079e-06,0.11728142213376032,0.11728204106407059,0.584516948837846,0.11728557786751094
11,0.15,587,1.402095733107162e-06,0.11728142863145444,0.11728204106407059,0.5837209779557783,0.11728554130846701
11,0.15,588,1.3550760564194032e-06,0.11728144925277523,0.11728204106407059,0.5829277144576631,0.11728542392954615
11,0.15,589,1.2776987697028545e-06,0.11728148311509955,0.11728204106407059,0.5821371445537691,0.11728523076483474
11,0.15,590,1.172632740472589e-06,0.11728152905200084,0.11728204106407059,0.5813492545478542,0.11728496847683659
11,0.15,591,1.0431182997802395e-06,0.11728158564849718,0.11728204106407059,0.5805640308363758,0.11728464515472833
11,0.15,592,8.928753583186751e-07,0.11728165128108363,0.11728204106407059,0.5797814599077065,0.11728427008499433
11,0.15,593,7.260029254832511e-07,0.11728172416148272,0.11728204106407059,0.5790015283413597,0.1172838535005294
11,0.15,594,5.46872621178709e-07,0.1172818023829908,0.11728204106407059,0.5782242228072227,0.11728340631483168
11,0.15,595,3.600188395921174e-07,0.1172818839682692,0.11728204106407059,0.5774495300647973,0.117282939847791
11,0.15,596,1.7002825388887996e-07,0.11728196691742894,0.11728204106407059,0.5766774369624471,0.11728246555006012
11,0.15,597,1.857112886686862e-08,0.11728204925528157,0.11728204106407059,0.5759079304366541,0.11728208741216854
11,0.15,598,2.0140387374294378e-07,0.11728212907668245,0.11728204106407059,0.575140997511282,0.11728254383421595
11,0.15,599,3.7436385354995507e-07,0.11728220458896453,0.11728204106407059,0.5743766252968459,0.11728297561642904
11,0.15,600,5.336850381006247e-07,0.11728227415055792,0.11728204106407059,0.5736148009897912,0.11728337335044178
11,0.15,601,6.760279661461324e-07,0.11728233630500395,0.11728204106407059,0.5728555118717784,0.1172837286993076
11,0.15,602,7.985442839398094e-07,0.11728238980970171,0.11728204106407059,0.572098745308975,0.11728403455226954
11,0.15,603,8.989293973941015e-07,0.11728243365886529,0.11728204106407059,0.5713444887513548,0.11728428515603959
11,0.15,604,9.7546095831765e-07,0.11728246710032016,0.11728204106407059,0.570592729732005,0.1172844762109115
11,0.15,605,1.0270226702750963e-06,0.11728248964591993,0.11728204106407059,0.5698434558664383,0.11728460493018544
11,0.15,606,1.0531132685470403e-06,0.11728250107551906,0.11728204106407059,0.5690966548519129,0.11728467006252817
11,0.15,607,1.0538408838878038e-06,0.11728250143458928,0.11728204106407059,0.5683523144667599,0.11728467187799942
11,0.15,608,1.0299033334493984e-06,0.11728249102571277,0.11728204106407059,0.567610422569716,0.11728461211870467
11,0.15,609,9.825551956532042e-07,0.11728247039432052,0.11728204106407059,0.5668709670992633,0.11728449391671478
11,0.15,610,9.135628110429949e-07,0.11728244030916928,0.11728204106407059,0.5661339360729762,0.1172843216816644
11,0.15,611,8.251485993258017e-07,0.11728240173815752,0.11728204106407059,0.5653993175868732,0.11728410096178458
11,0.15,612,7.199262950991961e-07,0.11728235582017421,0.11728204106407059,0.5646670998147771,0.11728383828217506
11,0.15,613,6.008288720513847e-07,0.11728230383374637,0.11728204106407059,0.5639372710076798,0.11728354096492995
11,0.15,614,4.7103105150087806e-07,0.11728224716330558,0.11728204106407059,0.5632098194931137,0.1172832169357763
11,0.15,615,3.3386838605968393e-07,0.11728218726392446,0.11728204106407059,0.5624847336745298,0.1172828745222571
11,0.15,616,1.927551108552536e-07,0.11728212562538871,0.11728204106407059,0.5617620020306816,0.1172825222500936
11,0.15,617,5.110738785054737e-08,0.11728206373645997,0.11728204106407059,0.5610416131150144,0.11728216867542654
11,0.15,618,8.778015441595943e-08,0.11728200305015707,0.11728204106407059,0.5603235555550615,0.11728226025328083
11,0.15,619,2.2069267716999832e-07,0.1172819449508372,0.11728204106407059,0.5596078180518451,0.11728259204006429
11,0.15,620,3.4471421182938946e-07,0.11728189072379394,0.11728204106407059,0.5588943893792842,0.11728290164448531
11,0.15,621,4.571926992077378e-07,0.1172818415280118,0.11728204106407059,0.5581832583836075,0.1172831824348629
11,0.15,622,5.558223552159182e-07,0.11728179837262463,0.11728204106407059,0.5574744139827722,0.11728342865354006
11,0.15,623,6.386860173898352e-07,0.11728176209752486,0.11728204106407059,0.5567678451658882,0.11728363551410421
11,0.15,624,7.042888528469765e-07,0.11728173335846066,0.11728204106407059,0.5560635409926482,0.11728379928472202
11,0.15,625,7.515813920359375e-07,0.11728171261684438,0.11728204106407059,0.5553614905927624,0.11728391734543595
11,0.15,626,7.799715402954218e-07,0.1172817001343799,0.11728204106407059,0.5546616831654003,0.11728398821816438
11,0.15,627,7.893255767963503e-07,0.11728169597250154,0.11728204106407059,0.5539641079786358,0.11728401156908537
11,0.15,628,7.799584229290809e-07,0.11728169999650362,0.11728204106407059,0.5532687543688992,0.11728398818438916
11,0.15,629,7.52613705852147e-07,0.1172817118841361,0.11728204106407059,0.5525756117404337,0.11728391992046681
11,0.15,630,7.084343686184404e-07,0.11728173113834148,0.11728204106407059,0.551884669564757,0.11728380963061136
11,0.15,631,6.48924778508811e-07,0.11728175710372167,0.11728204106407059,0.5511959173801283,0.11728366107033797
11,0.15,632,5.759054559306551e-07,0.11728178898624764,0.11728204106407059,0.5505093447910205,0.1172834787844225
11,0.15,633,4.91461689907467e-07,0.11728182587566156,0.11728204106407059,0.5498249414675973,0.11728326797864788
11,0.15,634,3.978874129926497e-07,0.11728186676997517,0.11728204106407059,0.5491426971451943,0.11728303437972415
11,0.15,635,2.97625792716494e-07,0.11728191060143313,0.11728204106407059,0.5484626016238067,0.11728278408707536
11,0.15,636,1.932080859887865e-07,0.11728195626329495,0.11728204106407059,0.5477846447675807,0.11728252342079687
11,0.15,637,8.719294804350314e-08,0.11728200263678729,0.11728204106407059,0.5471088165043099,0.11728225877441467
11,0.15,638,1.7924697123204475e-08,0.11728204861759157,0.11728204106407059,0.5464351068249365,0.117282085887568
11,0.15,639,1.1964543757148835e-07,0.11728209314126091,0.11728204106407059,0.5457635057830571,0.11728233974199909
11,0.15,640,2.157420333364253e-07,0.11728213520700184,0.11728204106407059,0.5450940034944337,0.11728257963234628
11,0.15,641,3.041104081737839e-07,0.11728217389930952,0.11728204106407059,0.544426590136508,0.11728280023408404
11,0.15,642,3.828998713089307e-07,0.11728220840700988,0.11728204106407059,0.5437612559479217,0.11728299692418494
11,0.15,643,4.5053576103282775e-07,0.11728223803933513,0.11728204106407059,0.54309799122804,0.11728316577092908
11,0.15,644,5.05748149251534e-07,0.11728226223873803,0.11728204106407059,0.5424367863364812,0.11728330360382275
11,0.15,645,5.475929432193527e-07,0.1172822805902357,0.11728204106407059,0.5417776316926479,0.11728340806587467
11,0.15,646,5.754648321446276e-07,0.1172822928271596,0.11728204106407059,0.5411205177752663,0.11728347764589674
11,0.15,647,5.891019704998745e-07,0.11728229883327738,0.11728204106407059,0.5404654351219259,0.11728351169016539
11,0.15,648,5.885825114644135e-07,0.11728229864133621,0.11728204106407059,0.5398123743286267,0.11728351039372342
11,0.15,649,5.743132965776592e-07,0.11728229242816139,0.11728204106407059,0.5391613260493285,0.11728347477217192
11,0.15,650,5.470111839458111e-07,0.11728228050652002,0.11728204106407059,0.538512280995505,0.11728340661506055
11,0.15,651,5.076776558611753e-07,0.11728226331402974,0.11728204106407059,0.5378652299357025,0.11728330842248272
11,0.15,652,4.575674862458043e-07,0.11728224139945383,0.11728204106407059,0.537220163695102,0.11728318332685297
11,0.15,653,3.9815236486804334e-07,0.11728221540677626,0.11728204106407059,0.536577073155085,0.11728303500210054
11,0.15,654,3.31080468646043e-07,0.11728218605749047,0.11728204106407059,0.5359359492528051,0.11728286756277206
11,0.15,655,2.5813303734545365e-07,0.11728215413156648,0.11728204106407059,0.5352967829807613,0.11728268545559185
11,0.15,656,1.811790535303957e-07,0.11728212044757816,0.11728204106407059,0.534659565386376,0.11728249334637071
11,0.15,657,1.0212915458819325e-07,0.11728208584247914,0.11728204106407059,0.534024287571578,0.11728229600501619
11,0.15,658,2.2890350859813603e-08,0.11728205115151102,0.11728204106407059,0.5333909406923873,0.1172820981947516
11,0.15,659,5.4682275615198836e-08,0.11728201718870944,0.11728204106407059,0.5327595159585052,0.11728217759302954
11,0.15,660,1.2881789893709522e-07,0.11728198472844852,0.11728204106407059,0.5321300046329076,0.11728236266585296
11,0.15,661,1.97880544607526e-07,0.11728195448842652,0.11728204106407059,0.5315023980314418,0.1172825350751237
11,0.15,662,2.603964489098721e-07,0.11728192711445053,0.11728204106407059,0.5308766875224277,0.11728269114113637
11,0.15,663,3.1508593536027215e-07,0.11728190316732648,0.11728204106407059,0.5302528645262612,0.1172828276691407
11,0.15,664,3.6088782168851357e-07,0.11728188311210261,0.11728204106407059,0.5296309205150229,0.11728294200996976
11,0.15,665,3.969781345006494e-07,0.11728186730985254,0.11728204106407059,0.5290108470120892,0.11728303210661385
11,0.15,666,4.2278277064895267e-07,0.1172818560121194,0.11728204106407059,0.5283926355917469,0.1172830965258609
11,0.15,667,4.3798397189085336e-07,0.11728184935807728,0.11728204106407059,0.5277762778788118,0.11728313447445213
11,0.15,668,4.425206320396276e-07,0.11728184737440037,0.11728204106407059,0.5271617655482508,0.1172831457998299
11,0.15,669,4.3658260049597905e-07,0.11728184997776749,0.11728204106407059,0.5265490903248067,0.11728313097595433
11,0.15,670,4.2059928179560617e-07,0.11728185697986994,0.11728204106407059,0.5259382439826263,0.1172830910747874
11,0.15,671,3.952229554980526e-07,0.11728186809473601,0.11728204106407059,0.5253292183448939,0.11728302772472932
11,0.15,672,3.613073526986326e-07,0.11728188294813591,0.11728204106407059,0.524722005283464,0.11728294305705492
11,0.15,673,3.198821206450159e-07,0.11728190108878965,0.11728204106407059,0.5241165967185021,0.11728283964220353
11,0.15,674,2.7212388652983223e-07,0.11728192200106473,0.11728204106407059,0.5235129846181246,0.1172827204175559
11,0.15,675,2.1932469038275614e-07,0.11728194511882577,0.11728204106407059,0.5229111609980446,0.11728258860860466
11,0.15,676,1.628585993668977e-07,0.11728196984007959,0.11728204106407059,0.5223111179212191,0.11728244764563982
11,0.15,677,1.0414734033972013e-07,0.11728199554205139,0.11728204106407059,0.521712847497501,0.11728230107799408
11,0.15,678,4.462587227950436e-08,0.11728202159632717,0.11728204106407059,0.5211163418832925,0.11728215248858179
11,0.15,679,1.4294146483956929e-08,0.11728204738370654,0.11728204106407059,0.5205215932812022,0.1172820767365402
11,0.15,680,7.124672696526099e-08,0.11728207230842662,0.11728204106407059,0.5199285939397065,0.11728221890911848
11,0.15,681,1.249587622082566e-07,0.11728209581144192,0.11728204106407059,0.5193373361528113,0.11728235299621609
11,0.15,682,1.7426321704366259e-07,0.11728211738247613,0.11728204106407059,0.5187478122597193,0.11728247608043757
11,0.15,683,2.1812923156909012e-07,0.11728213657059809,0.11728204106407059,0.5181600146444987,0.11728258558809733
11,0.15,684,2.556816119837334e-07,0.11728215299311609,0.11728204106407059,0.5175739357357554,0.11728267933431437
11,0.15,685,2.8621694350745533e-07,0.11728216634262899,0.11728204106407059,0.5169895680063077,0.11728275556305366
11,0.15,686,3.092152716436451e-07,0.11728217639212116,0.11728204106407059,0.5164069039728642,0.11728281297630495
11,0.15,687,3.243471788568769e-07,0.11728218299803657,0.11728204106407059,0.5158259361957044,0.11728285075169372
11,0.15,688,3.3147621592953325e-07,0.11728218610131626,0.11728204106407059,0.5152466572783618,0.11728286854861014
11,0.15,689,3.306567580197026e-07,0.11728218572643223,0.11728204106407059,0.5146690598673107,0.11728286650279429
11,0.15,690,3.22127462195572e-07,0.11728218197849542,0.11728204106407059,0.5140931366516538,0.11728284521004115
11,0.15,691,3.063006011252418e-07,0.11728217503855999,0.11728204106407059,0.513518880362815,0.11728280569955934
11,0.15,692,2.837476355600723e-07,0.11728216515728315,0.11728204106407059,0.512946283774233,0.11728274939795083
11,0.15,693,2.551814659554317e-07,0.11728215264713487,0.11728204106407059,0.5123753397010582,0.11728267808492819
11,0.15,694,2.2143587034049264e-07,0.11728213787337967,0.11728204106407059,0.5118060409998522,0.11728259384195393
11,0.15,695,1.8344268660561075e-07,0.11728212124407587,0.11728204106407059,0.5112383805682899,0.11728249899529132
11,0.15,696,1.42207334586771e-07,0.11728210319935248,0.11728204106407059,0.5106723513448643,0.11728239605491378
11,0.15,697,9.878330178682754e-08,0.11728208420023492,0.11728204106407059,0.5101079463085934,0.11728228765089543
11,0.15,698,5.424625446970501e-08,0.11728206471729327,0.11728204106407059,0.5095451584787302,0.11728217646894132
11,0.15,699,9.669811719469852e-09,0.1172820452193823,0.11728204106407059,0.5089839809144746,0.11728206519777183
11,0.15,700,3.390954583320555e-08,0.11728202616273446,0.11728204106407059,0.5084244067146884,0.11728212573833836
11,0.15,701,7.54920417381337e-08,0.11728200798065011,0.11728204106407059,0.5078664290176118,0.11728222954355806
11,0.15,702,1.1416414228812587e-07,0.11728199107400951,0.11728204106407059,0.507310041000584,0.1172823260846466
11,0.15,703,1.4910163142166107e-07,0.1172819758028052,0.11728204106407059,0.5067552358797639,0.11728241330288651
11,0.15,704,1.7959045918392085e-07,0.11728196247886354,0.11728204106407059,0.5062020069098552,0.11728248941552084
11,0.15,705,2.0504024084901923e-07,0.11728195135989289,0.11728204106407059,0.5056503473838329,0.11728255294869633
11,0.15,706,2.2499463056395021e-07,0.11728194264496053,0.11728204106407059,0.5051002506326717,0.1172826027631166
11,0.15,707,2.391382924927529e-07,0.1172819364714634,0.11728204106407059,0.5045517100250783,0.11728263807157903
11,0.15,708,2.473003879267383e-07,0.11728193291362331,0.11728204106407059,0.5040047189672237,0.11728265844757912
11,0.15,709,2.494545916781109e-07,0.11728193198249823,0.11728204106407059,0.5034592709024801,0.11728266382540167
11,0.15,710,2.4571573200233017e-07,0.11728193362746805,0.11728204106407059,0.5029153593111585,0.11728265449168354
11,0.15,711,2.3633322567881983e-07,0.1172819377391191,0.11728204106407059,0.5023729777102484,0.1172826310690847
11,0.15,712,2.2168154897228706e-07,0.11728194415342165,0.11728204106407059,0.501832119653161,0.11728259449245303
11,0.15,713,2.0224804910797247e-07,0.11728195265706688,0.11728204106407059,0.5012927787294736,0.11728254597838578
11,0.15,714,1.7861845373734183e-07,0.11728196299380704,0.11728204106407059,0.5007549485646762,0.11728248698911874
11,0.15,715,1.514604801878699e-07,0.11728197487162287,0.11728204106407059,0.5002186228199201,0.11728241919154
11,0.15,716,1.2150597998411457e-07,0.11728198797052851,0.11728204106407059,0.4996837951917695,0.1172823444126589
11,0.15,717,8.953207618339258e-08,0.11728200195081419,0.11728204106407059,0.49915045941195396,0.11728226459251202
11,0.15,718,5.6341764735725804e-08,0.11728201646152212,0.11728204106407059,0.4986186092471241,0.11728218173574721
11,0.15,719,2.274448901324856e-08,0.11728203114895183,0.11728204106407059,0.498088238498608,0.11728209786329133
11,0.15,720,1.0463831376272527e-08,0.11728204566499516,0.11728204106407059,0.49755934100217114,0.11728206716868506
11,0.15,721,4.251593733121329e-08,0.11728205967511159,0.11728204106407059,0.49703191062777713,0.11728214718311782
11,0.15,722,7.269525075132795e-08,0.11728207286576788,0.11728204106407059,0.49650594127935094,0.11728222252317412
11,0.15,723,1.0034730632931748e-07,0.1172820849511825,0.11728204106407059,0.49598142689454416,0.11728229155422602
11,0.15,724,1.248948671279766e-07,0.11728209567923736,0.11728204106407059,0.49545836144450206,0.11728235283519876
11,0.15,725,1.4584910102171098e-07,0.11728210483644147,0.11728204106407059,0.4949367389336325,0.11728240514573754
11,0.15,726,1.628185702811752e-07,0.11728211225185659,0.11728204106407059,0.4944165533993769,0.11728244750864283
11,0.15,727,1.7551570844123963e-07,0.11728211779992219,0.11728204106407059,0.4938977989119831,0.1172824792060169
11,0.15,728,1.8376069313949108e-07,0.11728212140214367,0.11728204106407059,0.49338046957427995,0.11728249978897645
11,0.15,729,1.8748269610608738e-07,0.11728212302763553,0.11728204106407059,0.49286455952145386,0.11728250908066244
11,0.15,730,1.8671855305685114e-07,0.11728212269253876,0.11728204106407059,0.4923500629208273,0.11728250717305122
11,0.15,731,1.8160895384407213e-07,0.11728212045835602,0.11728204106407059,0.49183697397163884,0.11728249441735503
11,0.15,732,1.7239231084825518e-07,0.11728211642927373,0.11728204106407059,0.49132528690482524,0.11728247140876315
11,0.15,733,1.5939651237314725e-07,0.11728211074856125,0.11728204106407059,0.4908149959828051,0.11728243896581445
11,0.15,734,1.4302881066345433e-07,0.11728210359415572,0.11728204106407059,0.49030609549926457,0.11728239810517925
11,0.15,735,1.23764132999584e-07,0.1172820951735589,0.11728204106407059,0.4897985797789446,0.11728235001248337
11,0.15,736,1.0213213149485658e-07,0.11728208571818292,0.11728204106407059,0.4892924431774298,0.11728229600995851
11,0.15,737,7.870330783571949e-08,0.1172820754772923,0.11728204106407059,0.48878768008093954,0.11728223752180672
11,0.15,738,5.407456486093306e-08,0.11728206471169507,0.11728204106407059,0.4882842849061199,0.11728217603818074
11,0.15,739,2.8854538721075235e-08,0.11728205368733605,0.11728204106407059,0.4877822520998384,0.11728211307845293
11,0.15,740,3.649207881904515e-09,0.11728204266894533,0.11728204106407059,0.4872815761389792,0.11728205015569189
11,0.15,741,2.095311161525862e-08,0.11728203191388838,0.11728204106407059,0.4867822515302412,0.11728209339049733
11,0.15,742,4.4393000563531184e-08,0.11728202166635558,0.11728204106407059,0.48628427280993636,0.11728215190622232
11,0.15,743,6.6154447246527e-08,0.1172820121520181,0.11728204106407059,0.4857876345437912,0.11728220623186894
11,0.15,744,8.577448514092014e-08,0.11728200357326149,0.11728204106407059,0.48529233132674854,0.11728225521166297
11,0.15,745,1.0285285513171777e-07,0.11728199610509274,0.11728204106407059,0.4847983577827718,0.11728229784639005
11,0.15,746,1.1705963974697038e-07,0.11728198989179839,0.11728204106407059,0.4843057085646502,0.11728233331243486
11,0.15,747,1.2814105199762475e-07,0.11728198504441066,0.11728204106407059,0.4838143783538061,0.11728236097625401
11,0.15,748,1.35923288216471e-07,0.1172819816390192,0.11728204106407059,0.4833243618601032,0.11728238040394291
11,0.15,749,1.4031440659356544e-07,0.11728197971594478,0.11728204106407059,0.4828356538216572,0.11728239136598843
11,0.15,750,1.4130424241449098e-07,0.11728197927977056,0.11728204106407059,0.4823482490046471,0.11728239383700853
11,0.15,751,1.38962414494281e-07,0.11728198030020733,0.11728204106407059,0.4818621422031284,0.1172823879908187
11,0.15,752,1.3343452190178464e-07,0.11728198271374968,0.11728204106407059,0.4813773282388477,0.11728237419086544
11,0.15,753,1.2493666939711675e-07,0.11728198642606262,0.11728204106407059,0.4808938019610592,0.11728235297667616
11,0.15,754,1.1374849460179054e-07,0.11728199131502383,0.11728204106407059,0.4804115582463417,0.11728232504631886
11,0.15,755,1.0020490079110883e-07,0.11728199723433222,0.11728204106407059,0.47993059199841814,0.11728229123587104
11,0.15,756,8.468672379968474e-08,0.11728200401758333,0.11728204106407059,0.47945089814797587,0.11728225249603907
11,0.15,757,6.761058045901943e-08,0.11728201148270351,0.11728204106407059,0.4789724716524886,0.11728220986688458
11,0.15,758,4.9418157855575235e-08,0.11728201943663004,0.11728204106407059,0.47849530749603947,0.11728216445106156
11,0.15,759,3.056521103590533e-08,0.11728202768012094,0.11728204106407059,0.4780194006891462,0.11728211738634829
11,0.15,760,1.1510563273745456e-08,0.11728203601257868,0.11728204106407059,0.4775447462685869,0.11728206981842634
11,0.15,761,7.29518859220127e-09,0.11728204423677471,0.11728204106407059,0.4770713392972275,0.11728205925838447
11,0.15,762,2.5418379031792936e-08,0.11728205216336707,0.11728204106407059,0.4765991748638506,0.11728210450067116
11,0.15,763,4.245434874231092e-08,0.1172820596151115,0.11728204106407059,0.4761282480829859,0.11728214702943121
11,0.15,764,5.803427400756508e-08,0.11728206643067547,0.11728204106407059,0.4756585540947413,0.11728218592335729
11,0.15,765,7.183348325905373e-08,0.1172820724679772,0.11728204106407059,0.4751900880646358,0.11728222037189931
11,0.15,766,8.357776799009411e-08,0.1172820776069843,0.11728204106407059,0.47472284518343405,0.11728224969050709
11,0.15,767,9.304841392904154e-08,0.11728208175192133,0.11728204106407059,0.47425682066698116,0.11728227333317143
11,0.15,768,1.0008580245418297e-07,0.11728208483285056,0.11728204106407059,0.47379200975603986,0.11728229090141597
11,0.15,769,1.0459153394820125e-07,0.11728208680660633,0.11728204106407059,0.47332840771612833,0.11728230214959406
11,0.15,770,1.0652906329948907e-07,0.1172820876570781,0.11728204106407059,0.47286600983735944,0.11728230698647583
11,0.15,771,1.0592287251683425e-07,0.11728208739485359,0.11728204106407059,0.4724048114342812,0.11728230547317847
11,0.15,772,1.0285624017236098e-07,0.11728208605624782,0.11728204106407059,0.4719448078457188,0.1172822978175827
11,0.15,773,9.746769791689397e-08,0.11728208370175686,0.11728204106407059,0.47148599443461703,0.11728228436553235
11,0.15,774,8.994629129754723e-08,0.11728208041398827,0.11728204106407059,0.47102836658788505,0.11728226558897559
11,0.15,775,8.052579001623256e-08,0.11728207629513096,0.11728204106407059,0.4705719197162414,0.11728224207148757
11,0.15,776,6.947800979614186e-08,0.11728207146403556,0.11728204106407059,0.47011664925406077,0.11728221449162508
11,0.15,777,5.710542693691866e-08,0.11728206605298455,0.11728204106407059,0.4696625506592217,0.11728218360451108
11,0.15,778,4.373327693855606e-08,0.11728206020423584,0.11728204106407059,0.4692096194129554,0.11728215022205572
11,0.15,779,2.9701336858796836e-08,0.11728205406642672,0.11728204106407059,0.46875785101969625,0.11728211519250187
11,0.15,780,1.5355596780051424e-08,0.11728204779092606,0.11728204106407059,0.46830724100693266,0.11728207937958172
11,0.15,781,1.0405903885021861e-09,0.11728204152822139,0.11728204106407059,0.4678577849250596,0.11728204364425614
11,0.15,782,1.2911790105158667e-08,0.11728203542442445,0.11728204106407059,0.46740947834723223,0.11728207331589187
11,0.15,783,2.6183054310894722e-08,0.11728202961797364,0.11728204106407059,0.4669623168692205,0.11728210644646765
11,0.15,784,3.848214143780391e-08,0.11728202423660487,0.11728204106407059,0.466516296109265,0.11728213715011832
11,0.15,785,4.95478226441896e-08,0.11728201939465499,0.11728204106407059,0.46607141170793354,0.11728216477466227
11,0.15,786,5.915479354364429e-08,0.11728201519075139,0.11728204106407059,0.4656276593279795,0.11728218875767343
11,0.15,787,6.711795644634206e-08,0.11728201170593122,0.11728204106407059,0.4651850346542007,0.11728220863705137
11,0.15,788,7.329565572614176e-08,0.1172820090022229,0.11728204106407059,0.46474353339329955,0.11728222405918459
11,0.15,789,7.759181079892736e-08,0.11728200712171036,0.11728204106407059,0.4643031512737441,0.117282234784173
11,0.15,790,7.995692746364521e-08,0.11728200608608902,0.11728204106407059,0.46386388404563056,0.11728224068850181
11,0.15,791,8.038799244110537e-08,0.1172820058967104,0.11728204106407059,0.46342572748054645,0.11728224176461716
11,0.15,792,7.892728530550454e-08,0.11728200653510096,0.11728204106407059,0.46298867737143473,0.11728223811808984
11,0.15,793,7.566016401067249e-08,0.11728200796393079,0.11728204106407059,0.46255272953245946,0.1172822299619963
11,0.15,794,7.071190382832379e-08,0.11728201012839652,0.11728204106407059,0.4621178797988721,0.11728221760907143
11,0.15,795,6.424368872460047e-08,0.11728201295797576,0.11728204106407059,0.46168412402687864,0.11728220146170598
11,0.15,796,5.644787294239666e-08,0.11728201636850116,0.11728204106407059,0.46125145809350826,0.11728218200009548
11,0.15,797,4.754264175968541e-08,0.11728202026449759,0.11728204106407059,0.46081987789648265,0.11728215976891622
11,0.15,798,3.776621307886861e-08,0.11728202454172054,0.11728204106407059,0.46038937935408614,0.11728213536286446
11,0.15,799,2.737072851400362e-08,0.11728202908983056,0.11728204106407059,0.4599599584050373,0.1172821094113988
11,0.15,800,1.6615984444544496e-08,0.11728203379513806,0.11728204106407059,0.4595316110083611,0.11728208256305359
11,0.15,801,5.763163026735718e-09,0.11728203854335219,0.11728204106407059,0.4591043331432621,0.11728205546983282
11,0.15,802,4.931426182181745e-09,0.11728204322226927,0.11728204106407059,0.4586781208089988,0.11728205335632103
11,0.15,803,1.5221847776035264e-08,0.11728204772433991,0.11728204106407059,0.4582529700247585,0.11728207904556615
11,0.15,804,2.4878516875719834e-08,0.11728205194905747,0.11728204106407059,0.45782887682953377,0.11728210315264907
11,0.15,805,3.369275268129765e-08,0.11728205580511779,0.11728204106407059,0.457405837281999,0.11728212515666396
11,0.15,806,4.148121849024165e-08,0.11728205921230501,0.11728204106407059,0.4569838474603887,0.11728214459992792
11,0.15,807,4.8089509235518776e-08,0.11728206210306719,0.11728204106407059,0.45656290346237594,0.11728216109697609
11,0.15,808,5.339497828337339e-08,0.11728206442375329,0.11728204106407059,0.4561430014049523,0.11728217434164526
11,0.15,809,5.730874616871296e-08,0.11728206613549187,0.11728204106407059,0.4557241374243084,0.11728218411203928
11,0.15,810,5.9776866243487e-08,0.11728206721470034,0.11728204106407059,0.4553063076757155,0.11728219027349385
11,0.15,811,6.078064258984236e-08,0.11728206765322306,0.11728204106407059,0.4548895083334077,0.1172821927793406
11,0.15,812,6.033611562110896e-08,0.11728206745810515,0.11728204106407059,0.45447373559046517,0.11728219166960431
11,0.15,813,5.849274979736879e-08,0.117282066651017,0.11728204106407059,0.4540589856586984,0.11728218706779965
11,0.15,814,5.533137579450008e-08,0.11728206526735249,0.11728204106407059,0.453645254768533,0.1172821791756816
11,0.15,815,5.096145491419127e-08,0.1172820633550308,0.11728204106407059,0.4532325391688956,0.11728216826654404
11,0.15,816,4.5517748940256914e-08,0.11728206097303792,0.11728204106407059,0.4528208351271005,0.11728215467678521
11,0.15,817,3.915648778775218e-08,0.11728205818974861,0.11728204106407059,0.45241013892873694,0.1172821387964216
11,0.15,818,3.205113930111711e-08,0.11728205508107443,0.11728204106407059,0.45200044687755764,0.11728212105850663
11,0.15,819,2.4387890339648318e-08,0.1172820517284858,0.11728204106407059,0.45159175529536777,0.11728210192784609
11,0.15,820,1.636095255645902e-08,0.11728204821695726,0.11728204106407059,0.45118406052191495,0.11728208188926018
11,0.15,821,8.167810054651062e-09,0.11728204463288656,0.11728204106407059,0.45077735891478,0.11728206143577184
11,0.15,822,1.761688257118552e-11,0.11728204106203673,0.11728204106407059,0.45037164684926817,0.11728204111768102
11,0.15,823,7.938960321805025e-09,0.11728203758754831,0.11728204106407059,0.4499669207183019,0.11728206090162811
11,0.15,824,1.548266110116307e-08,0.11728203428806679,0.11728204106407059,0.4495631769323138,0.11728207973383455
11,0.15,825,2.2461040068128658e-08,0.11728203123602546,0.11728204106407059,0.44916041191914013,0.11728209715478001
11,0.15,826,2.8726147046101865e-08,0.11728202849611996,0.11728204106407059,0.4487586221239161,0.11728211279509651
11,0.15,827,3.415069243370452e-08,0.11728202612400482,0.11728204106407059,0.4483578040089707,0.1172821263370105
11,0.15,828,3.8630463335377303e-08,0.11728202416523646,0.11728204106407059,0.44795795405372324,0.11728213752038223
11,0.15,829,4.208613781998464e-08,0.11728202265448055,0.11728204106407059,0.4475590687545801,0.11728214614719497
11,0.15,830,4.446446890946032e-08,0.11728202161499543,0.11728204106407059,0.44716114462483253,0.11728215208449565
11,0.15,831,4.573882743993926e-08,0.11728202105839597,0.11728204106407059,0.44676417819455483,0.11728215526582035
11,0.15,832,4.5909108555202316e-08,0.11728202098469578,0.11728204106407059,0.4463681660105038,0.11728215569091063
11,0.15,833,4.5001020565383124e-08,0.11728202138261966,0.11728204106407059,0.44597310463601825,0.11728215342394792
11,0.15,834,4.3064789789196126e-08,0.11728202223017109,0.11728204106407059,0.44557899065092,0.11728214859030925
11,0.15,835,4.017332751704208e-08,0.11728202349543512,0.11728204106407059,0.44518582065141477,0.11728214137201172
11,0.15,836,3.641991570217932e-08,0.11728202513759146,0.11728204106407059,0.4447935912499945,0.11728213200192446
11,0.15,837,3.191547934189806e-08,0.11728202710810809,0.11728204106407059,0.4444022990753399,0.11728212075697216
11,0.15,838,2.678551961808901e-08,0.11728202935208304,0.11728204106407059,0.44401194077222383,0.11728210795045413
11,0.15,839,2.1166788818614928e-08,0.11728203180969915,0.11728204106407059,0.44362251300141553,0.11728209392375452
11,0.15,840,1.5203792332320514e-08,0.11728203441775412,0.11728204106407059,0.4432340124395853,0.11728207903762171
11,0.15,841,9.0452051078949e-09,0.11728203711122859,0.11728204106407059,0.4428464357792102,0.11728206366321578
11,0.15,842,2.840318262111162e-09,0.11728203982485459,0.11728204106407059,0.4424597797284796,0.11728204817314479
11,0.15,843,3.264804355320668e-09,0.11728204249464753,0.11728204106407059,0.44207404101120273,0.11728204919570233
11,0.15,844,9.129683104753201e-09,0.11728204505936685,0.11728204106407059,0.4416892163667156,0.11728206383695813
11,0.15,845,1.4623870970669308e-08,0.11728204746187355,0.11728204106407059,0.4413053025497894,0.11728207755276031
11,0.15,846,1.96288224296396e-08,0.1172820496503552,0.11728204106407059,0.44092229633053914,0.11728209004720526
11,0.15,847,2.4040637453500983e-08,0.11728205157939361,0.11728204106407059,0.4405401944943332,0.11728210106094668
11,0.15,848,2.7772072792858164e-08,0.11728205321085462,0.11728204106407059,0.44015899384170315,0.11728211037616745
11,0.15,849,3.075413204742975e-08,0.11728205451458328,0.11728204106407059,0.4397786911882548,0.11728211782063065
11,0.15,850,3.293718850164026e-08,0.11728205546889456,0.11728204106407059,0.4393992833645793,0.11728212327045581
11,0.15,851,3.429162534423201e-08,0.11728205606085261,0.11728204106407059,0.43902076721616506,0.11728212665169088
11,0.15,852,3.4807991140637437e-08,0.11728205628633818,0.11728204106407059,0.4386431396033105,0.11728212794076341
11,0.15,853,3.449668032015288e-08,0.11728205614990853,0.11728204106407059,0.43826639740103707,0.11728212716360166
11,0.15,854,3.3387157752678156e-08,0.1172820556644578,0.11728204106407059,0.43789053749900314,0.11728212439376455
11,0.15,855,3.1526758828255204e-08,0.11728205485069225,0.11728204106407059,0.4375155568014184,0.11728211974943546
11,0.15,856,2.897910430093804e-08,0.11728205373643699,0.11728204106407059,0.4371414522269589,0.11728211338942661
11,0.15,857,2.5822176432581332e-08,0.11728205235579466,0.11728204106407059,0.4367682207086825,0.11728210550841903
11,0.15,858,2.2146111824377858e-08,0.1172820507481805,0.11728204106407059,0.4363958591939452,0.11728209633142525
11,0.15,859,1.8050768805180864e-08,0.11728204895725876,0.11728204106407059,0.4360243646443179,0.1172820861077378
11,0.15,860,1.3643133147721894e-08,0.11728204702980835,0.11728204106407059,0.4356537340355036,0.1172820751044281
11,0.15,861,9.034627236569947e-09,0.11728204501454642,0.11728204106407059,0.4352839643572557,0.1172820635996656
11,0.15,862,4.338393379510036e-09,0.11728204296093805,0.11728204106407059,0.4349150526132961,0.1172820518758615
11,0.15,863,3.3390043536798704e-10,0.11728204091802027,0.11728204106407059,0.4345469958212344,0.11728204191513468
11,0.15,864,4.8723399714850905e-09,0.11728203893326751,0.11728204106407059,0.4341797910124877,0.11728205324595128
11,0.15,865,9.175597388832681e-09,0.11728203705152414,0.11728204106407059,0.4338134352322005,0.1172820639887119
11,0.15,866,1.3148983256041096e-08,0.11728203531402674,0.11728204106407059,0.4334479255391657,0.11728207390795697
11,0.15,867,1.6708411319541153e-08,0.11728203375753724,0.11728204106407059,0.4330832590057458,0.11728208279378102
11,0.15,868,1.978172760949943e-08,0.11728203241360322,0.11728204106407059,0.43271943271779456,0.1172820904660671
11,0.15,869,2.2310073269454848e-08,0.11728203130796043,0.11728204106407059,0.43235644377457966,0.11728209677786787
11,0.15,870,2.4248904480857947e-08,0.11728203046008655,0.11728204106407059,0.43199428928870554,0.11728210161799171
11,0.15,871,2.5568650227712132e-08,0.11728202988291353,0.11728204106407059,0.4316329663860366,0.11728210491264665
11,0.15,872,2.625500336540074e-08,0.11728202958270005,0.11728204106407059,0.4312724722056215,0.11728210662606599
11,0.15,873,2.6308846703160333e-08,0.11728202955906382,0.11728204106407059,0.43091280389961745,0.11728210676048363
11,0.15,874,2.5745826426159486e-08,0.11728202980516778,0.11728204106407059,0.4305539586332152,0.11728210535494599
11,0.15,875,2.459559158434232e-08,0.11728203030805248,0.11728204106407059,0.43019593358456476,0.11728210248347894
11,0.15,876,2.290072695347252e-08,0.11728203104910237,0.11728204106407059,0.4298387259447012,0.11728209825238865
11,0.15,877,2.071541185519442e-08,0.11728203200463189,0.11728204106407059,0.4294823329174713,0.11728209279693572
11,0.15,878,1.810384408480212e-08,0.1172820331465744,0.11728204106407059,0.4291267517194606,0.11728208627736042
11,0.15,879,1.513847176805466e-08,0.11728203444325505,0.11728204106407059,0.42877197957992086,0.11728207887454908
11,0.15,880,1.1898079706973059e-08,0.1172820358602273,0.11728204106407059,0.4284180137406983,0.11728207078518225
11,0.15,881,8.46577918936336e-09,0.11728203736115195,0.11728204106407059,0.42806485145616185,0.11728206221671196
11,0.15,882,4.926952224439182e-09,0.117282038908697,0.11728204106407059,0.42771248999313227,0.1172820533823006
11,0.15,883,1.367240466662535e-09,0.11728204046543667,0.11728204106407059,0.4273609266308117,0.11728204449561429
11,0.15,884,2.1298549986129327e-09,0.11728204199472836,0.11728204106407059,0.42701015866071357,0.11728204636236551
11,0.15,885,5.483812648891933e-09,0.11728204346154854,0.11728204106407059,0.42666018338659306,0.11728205473533468
11,0.15,886,8.620253313476604e-09,0.11728204483326789,0.11728204106407059,0.42631099812437806,0.11728206256521814
11,0.15,887,1.1471619468810283e-08,0.11728204608035012,0.11728204106407059,0.42596260020210036,0.11728206968342146
11,0.15,888,1.3978841506552122e-08,0.11728204717696006,0.11728204106407059,0.4256149869598278,0.11728207594249591
11,0.15,889,1.609247310284686e-08,0.11728204810146865,0.11728204106407059,0.42526815574959637,0.11728208121901244
11,0.15,890,1.777358875028105e-08,0.11728204883684651,0.11728204106407059,0.42492210393534297,0.11728208541576934
11,0.15,891,1.8994412736878635e-08,0.11728204937093936,0.11728204106407059,0.4245768288928387,0.11728208846345972
11,0.15,892,1.973867088220279e-08,0.11728204969662241,0.11728204106407059,0.42423232800962263,0.11728209032144593
11,0.15,893,2.0001664218487445e-08,0.11728204981183271,0.11728204106407059,0.42388859868493556,0.11728209097798427
11,0.15,894,1.9790070274628403e-08,0.11728204971948271,0.11728204106407059,0.4235456383296549,0.11728209044975361
11,0.15,895,1.912148370632889e-08,0.11728204942725963,0.11728204106407059,0.4232034443662297,0.11728208878067653
11,0.15,896,1.802371421586635e-08,0.11728204894731876,0.11728204106407059,0.4228620142286157,0.11728208604018228
11,0.15,897,1.6533864096895385e-08,0.11728204829588026,0.11728204106407059,0.4225213453622115,0.11728208232089905
11,0.15,898,1.4697213686667001e-08,0.11728204749274196,0.11728204106407059,0.42218143522379487,0.11728207773585508
11,0.15,899,1.2565944603850981e-08,0.11728204656072111,0.11728204106407059,0.42184228128145923,0.11728207241531047
11,0.15,900,1.0197736911138795e-08,0.11728204552504089,0.11728204106407059,0.42150388101455105,0.11728206650327089
11,0.15,901,7.654274589021113e-09,0.11728204441267678,0.11728204106407059,0.4211662319136071,0.1172820601537202
11,0.15,902,4.99969928364899e-09,0.11728204325167939,0.11728204106407059,0.4208293314802928,0.117282053526753
11,0.15,903,2.299060278222341e-09,0.11728204207048994,0.11728204106407059,0.42049317722734014,0.11728204678474434
11,0.15,904,3.8384231449756467e-10,0.11728204089726516,0.11728204106407059,0.420157766678487,0.11728204203983378
11,0.15,905,2.9853416154080348e-09,0.1172820397592267,0.11728204106407059,0.4198230973684158,0.11728204853516386
11,0.15,906,5.447982874293512e-09,0.1172820386820496,0.11728204106407059,0.41948916684269355,0.11728205468300967
11,0.15,907,7.717549946888267e-09,0.11728203768930313,0.11728204106407059,0.4191559726577116,0.11728206034881485
11,0.15,908,9.74610000131778e-09,0.11728203680195598,0.11728204106407059,0.4188235123806261,0.11728206541293397
11,0.15,909,1.1492609216730966e-08,0.11728203603795505,0.11728204106407059,0.4184917835892987,0.11728206977295287
11,0.15,910,1.2923740449124629e-08,0.11728203541188617,0.11728204106407059,0.41816078387223804,0.11728207334565319
11,0.15,911,1.4014416584017993e-08,0.11728203493472288,0.11728204106407059,0.41783051082854084,0.1172820760684465
11,0.15,912,1.474818713492414e-08,0.11728203461366535,0.11728204106407059,0.41750096206783416,0.11728207790024114
11,0.15,913,1.5117382994482353e-08,0.1172820344520726,0.11728204106407059,0.4171721352102178,0.11728207882190887
11,0.15,914,1.512306237776286e-08,0.11728203444948598,0.11728204106407059,0.41684402788620667,0.11728207883609032
11,0.15,915,1.4774753786696405e-08,0.11728203460174144,0.11728204106407059,0.4165166377366743,0.11728207796656202
11,0.15,916,1.40900084296124e-08,0.11728203490116511,0.11728204106407059,0.41618996241279593,0.11728207625714604
11,0.15,917,1.3093776660180777e-08,0.11728203533684609,0.11728204106407059,0.4158639995759925,0.11728207377013727
11,0.25,1,1.0494034592890955,0.9936075691055856,0.1047840360178308,271.39836517604743,9.065912395391777
11,0.25,2,0.983744820845496,0.9253981779493612,0.1047840360178308,135.75157460603265,7.585383136544508
11,0.25,3,0.9123953267543224,0.8512070643601661,0.1047840360178308,90.53597774936104,6.274968161488314
11,0.25,4,0.8395218193777462,0.7753751839268441,0.1047840360178308,67.92817932102524,5.142682994772716
11,0.25,5,0.7680819540060551,0.7010239897283478,0.1047840360178308,54.363500264023756,4.165113109382136
11,0.25,6,0.7000227031541397,0.6302736429909644,0.1047840360178308,45.320380892689435,3.332825439080926
11,0.25,7,0.636366504425224,0.5643170161760966,0.1047840360178308,38.86100991316492,2.6486389778790893
11,0.25,8,0.5773500929161165,0.5035360701811035,0.1047840360178308,34.01648167852154,2.1145568645031565
11,0.25,9,0.5226427284340545,0.4477014424066266,0.1047840360178308,30.248515273798898,1.723080191077664
11,0.25,10,0.47159806809199417,0.39621848256627795,0.1047840360178308,27.23414215002079,1.4538600754065367
11,0.25,11,0.42348435984274596,0.3483674797766686,0.1047840360178308,24.767836866929613,1.2750657153081477
11,0.25,12,0.37765738050222625,0.3035006609545518,0.1047840360178308,22.71258246435363,1.1506631401615672
11,0.25,13,0.3336638725717797,0.2611804885218843,0.1047840360178308,20.97352104678934,1.050187967828414
11,0.25,14,0.2912804050200983,0.2212645108758889,0.1047840360178308,19.482896974591373,0.9541940755247708
11,0.25,15,0.25050252996068123,0.18396095279255695,0.1047840360178308,18.19102277868647,0.8538409434785698
11,0.25,16,0.21150308994497533,0.14989838126481514,0.1047840360178308,17.06063285726968,0.7477946884680056
11,0.25,17,0.17457847508886176,0.12026949315062359,0.1047840360178308,16.063229985431338,0.6391350855334818
11,0.25,18,0.14010034150679213,0.09706434695585672,0.1047840360178308,15.176649654908365,0.5331852518227977
11,0.25,19,0.10849230190387912,0.08300325542164143,0.1047840360178308,14.383393569703602,0.4363039246641226
11,0.25,20,0.08026691338080491,0.0799032747100111,0.1047840360178308,13.669463093019312,0.3554563563422873
11,0.25,21,0.05622253842296884,0.08609940022394774,0.1047840360178308,13.02352599506686,0.29792918673580104
11,0.25,22,0.038097901430738546,0.09748127508172516,0.1047840360178308,12.436310451473723,0.2686452099143967
11,0.25,23,0.02963881560532127,0.11057586377267245,0.1047840360178308,11.900157129062597,0.2636182657371095
11,0.25,24,0.03261528314941296,0.12338797009155907,0.1047840360178308,11.408683250185732,0.27071140521143816
11,0.25,25,0.04118524284433903,0.13492782698399858,0.1047840360178308,10.956527281619016,0.27979495784913455
11,0.25,26,0.05032681541471583,0.1447458635173992,0.1047840360178308,10.539152541403586,0.28648385715536473
11,0.25,27,0.058251760107792226,0.15267174834158725,0.1047840360178308,10.152694448611522,0.290063774903296
11,0.25,28,0.0644364959930142,0.15868119308571074,0.1047840360178308,9.793840505304603,0.29129826161949174
11,0.25,29,0.06876803142805918,0.16282798247960134,0.1047840360178308,9.459735109811955,0.29115396952898176
11,0.25,30,0.07128164334548436,0.16520925983878446,0.1047840360178308,9.147903407352151,0.29018704169278553
11,0.25,31,0.07207435943303411,0.16594833263374947,0.1047840360178308,8.856189879244592,0.28838847005712154
11,0.25,32,0.0712741693501437,0.16518671987265948,0.1047840360178308,8.582708446643757,0.2853289262104528
11,0.25,33,0.06902883028388918,0.16308072093579468,0.1047840360178308,8.325801646321759,0.28042544718757434
11,0.25,34,0.06550163850921259,0.1597997069021922,0.1047840360178308,8.084007010724584,0.2731818912016612
11,0.25,35,0.060869199324369704,0.1555245262784029,0.1047840360178308,7.8560292114472485,0.26333362940772903
11,0.25,36,0.055319227006750925,0.15044521607533232,0.1047840360178308,7.640716845463098,0.2508961203642094
11,0.25,37,0.04904781288804882,0.1447577440780564,0.1047840360178308,7.437042985748361,0.23614801098920446
11,0.25,38,0.04225641072770022,0.13865984004849513,0.1047840360178308,7.244088802860716,0.2195822546599019
11,0.25,39,0.035149521887889,0.13234614883388415,0.1047840360178308,7.061029706275001,0.20185234082945666
11,0.25,40,0.027935501456042428,0.12600300296772418,0.1047840360178308,6.887123564518571,0.18373807491819127
11,0.25,41,0.020837824532494335,0.11980311368960309,0.1047840360178308,6.721700649189286,0.16616773113988104
11,0.25,42,0.014147047521770756,0.11390046350203782,0.1047840360178308,6.564155015542346,0.15038364599361903
11,0.25,43,0.008483508271821635,0.10842568937737997,0.1047840360178308,6.413937085785962,0.13842306430489076
11,0.25,44,0.006009847586226904,0.10348229383767027,0.1047840360178308,6.270547243745777,0.13342261489169438
11,0.25,45,0.008597740353086388,0.09914409715471612,0.1047840360178308,6.133530283574045,0.13640598715951874
11,0.25,46,0.01280717953577098,0.09545438918090847,0.1047840360178308,6.002470582540214,0.14366839107287435
11,0.25,47,0.016869791727969107,0.09242716569402154,0.1047840360178308,5.876987890061015,0.15174016095950435
11,0.25,48,0.020375821856570813,0.09005057574271201,0.1047840360178308,5.756733643101781,0.15908387279352806
11,0.25,49,0.02319834165759407,0.08829228627413982,0.1047840360178308,5.641387732753129,0.1651195441696058
11,0.25,50,0.025293198601071112,0.08710602413298772,0.1047840360178308,5.530655658818423,0.16964277479722895
11,0.25,51,0.026653844442890633,0.08643827061871195,0.1047840360178308,5.424266019155667,0.17260214742885824
11,0.25,52,0.027296975961955933,0.0862340848673659,0.1047840360178308,5.321968288710709,0.1740116204443747
11,0.25,53,0.02725637873195131,0.08644130728386676,0.1047840360178308,5.223530849980654,0.17391513162579708
11,0.25,54,0.026579473791296482,0.08701281760586208,0.1047840360178308,5.128739242314676,0.1723747032022993
11,0.25,55,0.02532487785661641,0.0879069421127181,0.1047840360178308,5.037394602200187,0.16946999273844168
11,0.25,56,0.023560349956258796,0.08908641631560645,0.1047840360178308,4.949312270661217,0.16530271022367155
11,0.25,57,0.021360857929936486,0.0905164750848731,0.1047840360178308,4.864320547246421,0.16000169503631562
11,0.25,58,0.01880665238504239,0.09216267040280504,0.1047840360178308,4.782259572914893,0.15372605367624323
11,0.25,59,0.015981326402414266,0.09398893772755615,0.1047840360178308,4.7029803265268075,0.14666521758661277
11,0.25,60,0.01296992521366324,0.09595628208758622,0.1047840360178308,4.626343721684991,0.13903634438664114
11,0.25,61,0.009857338173651147,0.09802227335597767,0.1047840360178308,4.552219792411759,0.13108200339388476
11,0.25,62,0.0067278977851280425,0.10014136430071448,0.1047840360178308,4.480486957631212,0.12307954268984844
11,0.25,63,0.0036725793429357822,0.1022659055931172,0.1047840360178308,4.411031355700841,0.11542954751751959
11,0.25,64,0.0009672803957563534,0.10434764659010895,0.1047840360178308,4.343746241330794,0.10962125018363052
11,0.25,65,0.0022687542109536382,0.1063394816114708,0.1047840360178308,4.278531438172133,0.11174290372461396
11,0.25,66,0.004746085527796561,0.10819721819802397,0.1047840360178308,4.215292841169795,0.11754525976920296
11,0.25,67,0.006986395394302537,0.10988118947696819,0.1047840360178308,4.15394196348096,0.12311906318934737
11,0.25,68,0.008919091642620064,0.111357589978109,0.1047840360178308,4.094395523371207,0.12795742586602177
11,0.25,69,0.010513496757073464,0.1125994696055163,0.1047840360178308,4.036575067032753,0.13192199819985562
11,0.25,70,0.011752957143390948,0.11358736593579975,0.1047840360178308,3.9804066237325397,0.13496135532814457
11,0.25,71,0.012631334909129974,0.11430958749479685,0.1047840360178308,3.9258203901027553,0.13706636752860574
11,0.25,72,0.013151715190657089,0.11476218060974568,0.1047840360178308,3.8727504407404645,0.1382560966515935
11,0.25,73,0.013325459513013747,0.11494862229004156,0.1047840360178308,3.8211344625935793,0.13857065801963997
11,0.25,74,0.013171287276812747,0.1148792845281479,0.1047840360178308,3.770913510883096,0.1380666822449793
11,0.25,75,0.01271432462077265,0.1145707144607246,0.1047840360178308,3.722031784551559,0.1368142407382329
11,0.25,76,0.011985119705700752,0.11404477237263194,0.1047840360178308,3.6744364194392736,0.13489474997102122
11,0.25,77,0.011018643647648351,0.11332766709623744,0.1047840360178308,3.6280772975766573,0.13239952209249442
11,0.25,78,0.009853312729162664,0.11244892664199536,0.1047840360178308,3.582906871146416,0.12942875701437864
11,0.25,79,0.008530099525390659,0.11144034088056494,0.1047840360178308,3.5388799998156744,0.12609106196589331
11,0.25,80,0.0070918883105580395,0.11033491229751403,0.1047840360178308,3.495953800268201,0.12250431137706261
11,0.25,81,0.005583523892881183,0.10916584955940574,0.1047840360178308,3.454087506882394,0.11880076501808207
11,0.25,82,0.004054242426512725,0.1079656361883962,0.1047840360178308,3.4132423426035583,0.11514697636266157
11,0.25,83,0.002571412215542819,0.10676520257464563,0.1047840360178308,3.373381399150718,0.11182282145155213
11,0.25,84,0.0013222504384204487,0.10559322371893054,0.1047840360178308,3.3344695257800883,0.10953593043506318
11,0.25,85,0.00120749498463876,0.10447555770801298,0.1047840360178308,3.2964732259005323,0.10962693937987407
11,0.25,86,0.0022371415379685736,0.10343483152036659,0.1047840360178308,3.2593605609018965,0.1116445149204589
11,0.25,87,0.003377695052422726,0.10249017210469874,0.1047840360178308,3.2231010606158725,0.11411259231796017
11,0.25,88,0.0044228258732487745,0.10165707263079926,0.1047840360178308,3.187665639881804,0.1164628412358161
11,0.25,89,0.005323240149155601,0.10094737720117275,0.1047840360178308,3.153026520737265,0.11851068606069556
11,0.25,90,0.006057478566617899,0.10036936278120129,0.1047840360178308,3.1191571597959378,0.12018098019895808
11,0.25,91,0.006614546832900758,0.09992789503561093,0.1047840360178308,3.086032180413761,0.12144014932782668
11,0.25,92,0.0069899311281087055,0.09962463520859272,0.1047840360178308,3.0536273092790225,0.1222761217288682
11,0.25,93,0.007184211273815639,0.0994582778871158,0.1047840360178308,3.021919317093418,0.12269069871129126
11,0.25,94,0.0072023436331721214,0.09942480389291966,0.1047840360178308,2.990885963039423,0.12269595544396766
11,0.25,95,0.00705313886722528,0.09951773791229852,0.1047840360178308,2.960505942754985,0.12231225444874462
11,0.25,96,0.006748793334667085,0.09972840596396523,0.1047840360178308,2.930758839559806,0.12156703091438573
11,0.25,97,0.006304429878977148,0.10004619263480383,0.1047840360178308,2.9016250786985487,0.12049399249211591
11,0.25,98,0.005737639448205061,0.10045880154991955,0.1047840360178308,2.87308588438548,0.11913256198915799
11,0.25,99,0.005068036060067078,0.10095252440253763,0.1047840360178308,2.8451232394524735,0.11752751628304771
11,0.25,100,0.004316866647835466,0.10151252395734413,0.1047840360178308,2.817719847418127,0.11572895911378211
11,0.25,101,0.0035067941972115073,0.10212313494638724,0.1047840360178308,2.7908590968102036,0.11379321311186572
11,0.25,102,0.0026622576217878798,0.10276818411228601,0.1047840360178308,2.764525027586749,0.11178667267601063
11,0.25,103,0.0018122461763294478,0.10343132736279474,0.1047840360178308,2.7387022995132644,0.1098007515721195
11,0.25,104,0.0010085992261713492,0.10409639865240704,0.1047840360178308,2.71337616236427,0.10801841339794867
11,0.25,105,0.0005193422847253075,0.10474776229911016,0.1047840360178308,2.688532427827637,0.10700892737756952
11,0.25,106,0.0009449184738830388,0.10537065833901549,0.1047840360178308,2.6641574429992425,0.10758737593597008
11,0.25,107,0.0016222991252974213,0.10595152941296458,0.1047840360178308,2.6402380653639024,0.10899574219101602
11,0.25,108,0.0022711869449741524,0.10647831760061607,0.1047840360178308,2.6167616391662536,0.1104984652534877
11,0.25,109,0.0028472117960021506,0.10694072047258797,0.1047840360178308,2.593715973082323,0.11188357144090307
11,0.25,110,0.003333231308833676,0.10733039723882697,0.1047840360178308,2.571089319109009,0.11307471900664687
11,0.25,111,0.0037196271119833715,0.10764111801150915,0.1047840360178308,2.5488703525946743,0.11403422703396436
11,0.25,112,0.004000946005424507,0.10786885165255423,0.1047840360178308,2.527048153339524,0.11474151776140909
11,0.25,113,0.004174979539691989,0.10801179024304776,0.1047840360178308,2.505612187699509,0.11518685891774408
11,0.25,114,0.0042423746130761135,0.10807031073556465,0.1047840360178308,2.484552291632126,0.11536898654598175
11,0.25,115,0.004206370161162351,0.10804687671081056,0.1047840360178308,2.4638586546267844,0.11529388520499781
11,0.25,116,0.0040725501400426635,0.1079458852714278,0.1047840360178308,2.443521804466362,0.11497392968981043
11,0.25,117,0.003848580190766686,0.10777346590818905,0.1047840360178308,2.423532592770221,0.11442712112876464
11,0.25,118,0.003543920182283986,0.1075372396242636,0.1047840360178308,2.4038821812723192,0.11367632260183991
11,0.25,119,0.0031695143093647955,0.10724604766980529,0.1047840360178308,2.3845620287911893,0.1127484655752393
11,0.25,120,0.0027374648915109304,0.10690965989764231,0.1047840360178308,2.365563878851411,0.1116737314777334
11,0.25,121,0.0022606994725374507,0.10653847298540535,0.1047840360178308,2.3468797479189023,0.11048474342776109
11,0.25,122,0.0017526478087575511,0.10614320857552852,0.1047840360178308,2.328501914214795,0.109215873669561
11,0.25,123,0.0012269757296211761,0.10573462077402715,0.1047840360178308,2.310422907074982,0.10790307756717565
11,0.25,124,0.0006976547917149051,0.10532322145497691,0.1047840360178308,2.2926354968245213,0.10658689905594836
11,0.25,125,0.0001856597404761933,0.10491903049822644,0.1047840360178308,2.2751326851380678,0.10536753205028522
11,0.25,126,0.0003390571079174866,0.10453135652641458,0.1047840360178308,2.257907695859336,0.10567534838826538
11,0.25,127,0.0008059554517700453,0.10416861200886474,0.1047840360178308,2.240953966254285,0.10681356444540314
11,0.25,128,0.0012353217540361052,0.10383816488304619,0.1047840360178308,2.2242651386743124,0.10788310119446011
11,0.25,129,0.0016160926392078335,0.10354622722947564,0.1047840360178308,2.2078350526072077,0.10883490854147534
11,0.25,130,0.0019411041035944817,0.10329778013147405,0.1047840360178308,2.191657737094982,0.10964761380893794
11,0.25,131,0.0022051121706067496,0.10309653273954769,0.1047840360178308,2.175727403498973,0.11030705019596102
11,0.25,132,0.002404626978389486,0.10294491278717952,0.1047840360178308,2.160038438593813,0.1108041479733573
11,0.25,133,0.002537869735064224,0.10284408537432282,0.1047840360178308,2.144585397972941,0.11113444054542602
11,0.25,134,0.00260472150844752,0.10279399670981834,0.1047840360178308,2.1293629997493952,0.11129780143258247
11,0.25,135,0.00260664372949602,0.1027934396141644,0.1047840360178308,2.114366118536569,0.11129817897101107
11,0.25,136,0.0025465683632699037,0.10284013783927654,0.1047840360178308,2.099589779694519,0.11114327965622156
11,0.25,137,0.0024287603822096674,0.10293084656724223,0.1047840360178308,2.085029153828266,0.11084419480349517
11,0.25,138,0.002258657039264293,0.10306146672141814,0.1047840360178308,2.070679551525292,0.11041497978643852
11,0.25,139,0.00204268972678155,0.10322717089901107,0.1047840360178308,2.0565364183202024,0.10987220375103346
11,0.25,140,0.0017880959956208054,0.10342253878265463,0.1047840360178308,2.0425953298751853,0.10923449996365374
11,0.25,141,0.001502733625538992,0.1036416998083867,0.1047840360178308,2.0288519873655586,0.10852217801577167
11,0.25,142,0.001194922980026886,0.10387848068451697,0.1047840360178308,2.015302213060293,0.10775706271669046
11,0.25,143,0.0008734059552403458,0.10412655511470555,0.1047840360178308,2.001941946087968,0.10696316445624403
11,0.25,144,0.0005478980017291625,0.10437959283283199,0.1047840360178308,1.9887672383791475,0.1061714083519958
11,0.25,145,0.00023570262718704344,0.10463140486017143,0.1047840360178308,1.9757742507766558,0.10545920285318201
11,0.25,146,0.00015380885084543533,0.10487608179194197,0.1047840360178308,1.9629592493057049,0.1053322009431206
11,0.25,147,0.0004249610697478005,0.10510812194178432,0.1047840360178308,1.9503186015962635,0.10592566134102455
11,0.25,148,0.0006982907188855056,0.1053225463346294,0.1047840360178308,1.9378487734504632,0.10657826760048701
11,0.25,149,0.0009465328694601193,0.10551499784050668,0.1047840360178308,1.925546325548231,0.10718070819547292
11,0.25,150,0.0011627618717088436,0.10568182217059197,0.1047840360178308,1.9134079102846948,0.1077075609117933
11,0.25,151,0.0013427215578179026,0.10582012898863707,0.1047840360178308,1.9014302687332587,0.10814611020861079
11,0.25,152,0.001483546281260748,0.10592783199615594,0.1047840360178308,1.889610227728552,0.1084886129444846
11,0.25,153,0.0015835250062490639,0.10600366749599117,0.1047840360178308,1.877944697063776,0.10873069444672477
11,0.25,154,0.0016420209882179178,0.10604719159412243,0.1047840360178308,1.866430666797244,0.10887082906075898
11,0.25,155,0.001659414502486161,0.10605875683419057,0.1047840360178308,1.8550652046631833,0.10891007094723586
11,0.25,156,0.0016370395722979903,0.10603946964741125,0.1047840360178308,1.8438454535821232,0.10885183906166536
11,0.25,157,0.0015771078062560963,0.10599113052099832,0.1047840360178308,1.8327686292664271,0.10870170184199268
11,0.25,158,0.0014826188557378905,0.1059161592242592,0.1047840360178308,1.8218320179167524,0.10846714801643532
11,0.25,159,0.0013572595290533805,0.1058175077710806,0.1047840360178308,1.8110329740054385,0.10815734566941522
11,0.25,160,0.0012052953447869766,0.10569856403291107,0.1047840360178308,1.8003689181430158,0.10778290264045219
11,0.25,161,0.0010314610642209922,0.10556304904407267,0.1047840360178308,1.7898373350242258,0.10735565956937895
11,0.25,162,0.0008408644624179068,0.10541491106187546,0.1047840360178308,1.7794357714501123,0.10688859868525907
11,0.25,163,0.0006389471794210972,0.10525821936212963,0.1047840360178308,1.7691618344229205,0.10639614461594979
11,0.25,164,0.00043170234734385334,0.10509706057470695,0.1047840360178308,1.7590131893106944,0.10589608654878177
11,0.25,165,0.00022773591983928006,0.10493544010595293,0.1047840360178308,1.7489875580786163,0.1054214481213192
11,0.25,166,8.087003565974969e-05,0.10477719087046515,0.1047840360178308,1.7390827175842742,0.10512952965593257
11,0.25,167,0.00020985344306010566,0.10462589118212666,0.1047840360178308,1.7292964979341758,0.10536555424729999
11,0.25,168,0.0003886753989531152,0.10448479325307655,0.1047840360178308,1.7196267808989594,0.1057754438617794
11,0.25,169,0.0005560228815400302,0.10435676333967388,0.1047840360178308,1.71007149838487,0.10617761476757154
11,0.25,170,0.0007048112166753698,0.10424423417561184,0.1047840360178308,1.7006286309591814,0.10654044752962837
11,0.25,171,0.0008315168486754634,0.10414916996085116,0.1047840360178308,1.6912962064273607,0.10685164389612474
11,0.25,172,0.0009337767245642415,0.1040730438439445,0.1047840360178308,1.6820722984598635,0.10710402630579567
11,0.25,173,0.0010100404113669707,0.10401682755297502,0.1047840360178308,1.6729550252665568,0.10729310074822548
11,0.25,174,0.001059483529809754,0.10398099260010969,0.1047840360178308,1.6639425483168515,0.1074164209372614
11,0.25,175,0.0010819682443114246,0.10396552230523944,0.1047840360178308,1.6550330711037142,0.1074733515464673
11,0.25,176,0.001078007718297955,0.10396993374990182,0.1047840360178308,1.6462248379498172,0.10746492965121972
11,0.25,177,0.0010487235377757895,0.10399330867539304,0.1047840360178308,1.6375161328541563,0.1073937411970896
11,0.25,178,0.0009957934229366213,0.10403433226909752,0.1047840360178308,1.6289052783775477,0.10726378641981493
11,0.25,179,0.0009213892963667471,0.10409133873122774,0.1047840360178308,1.6203906345654824,0.10708032666304626
11,0.25,180,0.000828106915921947,0.10416236247256945,0.1047840360178308,1.6119705979068841,0.10684971237980492
11,0.25,181,0.0007188889138453186,0.10424519375721603,0.1047840360178308,1.6036436003273866,0.10657919604808719
11,0.25,182,0.0005969437095200147,0.10433743757046036,0.1047840360178308,1.5954081082157958,0.10627673781255892
11,0.25,183,0.0004656642174241272,0.10443657446187302,0.1047840360178308,1.5872626214824734,0.10595082170981382
11,0.25,184,0.0003285566584543924,0.1045400220906118,0.1047840360178308,1.5792056726484265,0.10561034451323992
11,0.25,185,0.00018923762744057403,0.1046451961894895,0.1047840360178308,1.5712358259639367,0.1052649623409308
11,0.25,186,5.2721551341507726e-05,0.10474956967237348,0.1047840360178308,1.5633516765556243,0.10493321511745496
11,0.25,187,8.648168706927876e-05,0.1048507286420235,0.1047840360178308,1.555551849600877,0.10500256384854159
11,0.25,188,0.0002126320703729071,0.10494642411724622,0.1047840360178308,1.5478349995286267,0.1053122854212108
11,0.25,189,0.000329613984384247,0.1050346183921992,0.1047840360178308,1.5401998092455007,0.10560305308034768
11,0.25,190,0.00043437529998494484,0.10511352506745926,0.1047840360178308,1.5326449893864078,0.10586407487838666
11,0.25,191,0.0005248192491767361,0.10518164195032083,0.1047840360178308,1.5251692775886665,0.10608962805647563
11,0.25,192,0.0005993319964744194,0.10523777620665124,0.1047840360178308,1.5177714377888183,0.10627551827687376
11,0.25,193,0.0006567547632554202,0.10528106135248139,0.1047840360178308,1.5104502595413003,0.10641877617167354
11,0.25,194,0.0006963834212058178,0.10531096589288538,0.1047840360178308,1.5032045573581896,0.10651760675439298
11,0.25,195,0.0007179644090245077,0.1053272936402208,0.1047840360178308,1.4960331700692646,0.10657136382652603
11,0.25,196,0.0007216820862950407,0.10533017596481535,0.1047840360178308,1.4889349602016553,0.10658051169115056
11,0.25,197,0.0007081368949167534,0.10532005644030232,0.1047840360178308,1.4819088133783873,0.10654656645400416
11,0.25,198,0.0006783148263633283,0.10529766853540279,0.1047840360178308,1.474953637735152,0.10647201644949446
11,0.25,199,0.0006335491485024042,0.1052640071675788,0.1047840360178308,1.468068363354663,0.10636022381344051
11,0.25,200,0.0005754756125656518,0.10522029506663562,0.1047840360178308,1.4612519417179788,0.10621531048371079
11,0.25,201,0.0005059825879194219,0.10516794499467769,0.1047840360178308,1.454503345172207,0.10604203304472282
11,0.25,202,0.00042715790222567845,0.1051085189311657,0.1047840360178308,1.447821566414017,0.10584565291279951
11,0.25,203,0.00034123504076902423,0.1050436853582,0.1047840360178308,1.44120561798842,0.10563181470100332
11,0.25,204,0.0002505449754873825,0.10497517577312082,0.1047840360178308,1.4346545318022896,0.10540647256305263
11,0.25,205,0.0001575025764234642,0.10490474151596127,0.1047840360178308,1.4281673586521215,0.10517607261823227
11,0.25,206,6.49667251544165e-05,0.10483411193215614,0.1047840360178308,1.4217431677655474,0.10495041062821911
11,0.25,207,3.1423116216030364e-05,0.10476495480089519,0.1047840360178308,1.415381046356138,0.10487883693846999
11,0.25,208,0.00011622000008882628,0.10469883985170206,0.1047840360178308,1.4090800991910502,0.10507981897192248
11,0.25,209,0.0001971534904443846,0.1046372060713997,0.1047840360178308,1.4028394481710824,0.10527901357777664
11,0.25,210,0.0002705903672011456,0.10458133337551558,0.1047840360178308,1.3966582319227336,0.10546048398971054
11,0.25,211,0.0003349323589558387,0.1045323190868496,0.1047840360178308,1.3905356054018574,0.10561958283502272
11,0.25,212,0.00038896609133378437,0.10449105953314232,0.1047840360178308,1.3844707395085365,0.10575314620616996
11,0.25,213,0.00043179001522032867,0.10445823694855884,0.1047840360178308,1.3784628207128056,0.1058589005790396
11,0.25,214,0.0004628079453228644,0.10443431174225928,0.1047840360178308,1.3725110506908664,0.10593536790409812
11,0.25,215,0.0004817270516444828,0.10441952008315324,0.1047840360178308,1.366614645971457,0.10598183703308403
11,0.25,216,0.0004885516915369108,0.104413876643929,0.1047840360178308,1.360772837592042,0.10599833905749274
11,0.25,217,0.0004835714838584235,0.10441718225007884,0.1047840360178308,1.3549848707645111,0.10598561328671359
11,0.25,218,0.0004673435799285308,0.10442903609114226,0.1047840360178308,1.3492500045500768,0.10594506109527393
11,0.25,219,0.0004406696029789732,0.10444885207193225,0.1047840360178308,1.34356751154308,0.1058786880094648
11,0.25,220,0.0004045679898677953,0.10447587881136897,0.1047840360178308,1.3379366775634198,0.10578903579024371
11,0.25,221,0.00036024268741094976,0.10450922273616568,0.1047840360178308,1.3323568013573313,0.1056791074338261
11,0.25,222,0.0003090494886359763,0.10454787366667802,0.1047840360178308,1.3268271943062524,0.10555229008397987
11,0.25,223,0.00025246215992677485,0.10459073225361556,0.1047840360178308,1.3213471801435241,0.10541228677086915
11,0.25,224,0.00019204376387639124,0.10463663859802902,0.1047840360178308,1.3159160946786772,0.10526309052159735
11,0.25,225,0.00012944593112113983,0.10468440137403866,0.1047840360178308,1.3105332855290734,0.10510915291447483
11,0.25,226,6.662151884775343e-05,0.10473282677505168,0.1047840360178308,1.3051981118586697,0.10495694224651626
11,0.25,227,1.473932348102794e-05,0.10478074662034578,0.1047840360178308,1.299909944123688,0.10484603941346973
11,0.25,228,6.0221697458841994e-05,0.10482704499011264,0.1047840360178308,1.2946681638249782,0.10494113178088511
11,0.25,229,0.00011636609209834721,0.10487068280311142,0.1047840360178308,1.2894721632668684,0.10507643158396134
11,0.25,230,0.00016830201009981321,0.1049107198111955,0.1047840360178308,1.2843213453223075,0.10520387526557533
11,0.25,231,0.00021452777927741614,0.10494633355781717,0.1047840360178308,1.2792151232041062,0.10531786817784489
11,0.25,232,0.00025407204071508673,0.10497683493132791,0.1047840360178308,1.2741529202420963,0.10541560092556769
11,0.25,233,0.000286212845636,0.10500168003617498,0.1047840360178308,1.2691341696660265,0.10549514598808984
11,0.25,234,0.0003104448192071604,0.1050204782032795,0.1047840360178308,1.2641583143940258,0.10555518739765793
11,0.25,235,0.0003264730712380517,0.10503299606206191,0.1047840360178308,1.2592248068264675,0.10559495771485845
11,0.25,236,0.00033420921222518054,0.1050391576977382,0.1047840360178308,1.2543331086450749,0.10561421250118878
11,0.25,237,0.00033376473008860867,0.10503904101564429,0.1047840360178308,1.249482690617112,0.10561320811551604
11,0.25,238,0.000325440676044741,0.10503287052660457,0.1047840360178308,1.2446730324045099,0.10559267401326629
11,0.25,239,0.00030971359818683175,0.10502100685114112,0.1047840360178308,1.2399036223777873,0.10555377729407754
11,0.25,240,0.0002872180222716387,0.10500393331340245,0.1047840360178308,1.2351739574346208,0.10549807943208794
11,0.25,241,0.0002587259567059956,0.10498224005626024,0.1047840360178308,1.2304835428229328,0.10542748607580493
11,0.25,242,0.0002251240216415188,0.10495660615578223,0.1047840360178308,1.2258318919683664,0.10534419144089988
11,0.25,243,0.00018738894887025302,0.1049277802454466,0.1047840360178308,1.2212185263060185,0.1052506197013788
11,0.25,244,0.00014656256314815583,0.10489656017774973,0.1047840360178308,1.2166429751163128,0.10514936830458838
11,0.25,245,0.00010372895753726658,0.10486377225352383,0.1047840360178308,1.2121047753648904,0.1050431695595909
11,0.25,246,6.0008510728492964e-05,0.10483025053801662,0.1047840360178308,1.2076034715464063,0.10493497094303654
11,0.25,247,1.686985168843582e-05,0.10479681675870123,0.1047840360178308,1.2031386155321206,0.10483007660319174
11,0.25,248,2.6849465258891906e-05,0.10476426124431558,0.1047840360178308,1.1987097664211759,0.10485215966872578
11,0.25,249,6.696638384920898e-05,0.10473332531944075,0.1047840360178308,1.1943164903954597,0.10495059072946016
11,0.25,250,0.00010428986031403672,0.10470468551586072,0.1047840360178308,1.1899583605779491,0.10504310509455185
11,0.25,251,0.00013786658833241777,0.1046789399028844,0.1047840360178308,1.1856349568944429,0.1051265024885951
11,0.25,252,0.00016701031699334107,0.10465659677564772,0.1047840360178308,1.1813458659385832,0.10519895370923693
11,0.25,253,0.00019118002101096293,0.10463806587495697,0.1047840360178308,1.1770906808400823,0.1052590729204448
11,0.25,254,0.00020997523842104232,0.1046236522461619,0.1047840360178308,1.1728690011360576,0.10530584462176515
11,0.25,255,0.00022313796709990403,0.10461355277937397,0.1047840360178308,1.168680432645398,0.10533861547984588
11,0.25,256,0.00023055297288110665,0.10460785541040973,0.1047840360178308,1.1645245873460714,0.10535709134871438
11,0.25,257,0.00023224522050785133,0.10460654090229159,0.1047840360178308,1.1604010832553,0.10536132955111217
11,0.25,258,0.00022837425671135066,0.10460948707196031,0.1047840360178308,1.156309544312519,0.10535172433024372
11,0.25,259,0.0002192256809737177,0.10461647527686778,0.1047840360178308,1.1522496002650493,0.10532898529612472
11,0.25,260,0.0002051999701874794,0.10462719893201172,0.1047840360178308,1.1482208865564063,0.10529410935460133
11,0.25,261,0.00018679900078144676,0.10464127379032266,0.1047840360178308,1.144223044217178,0.10524834692417702
11,0.25,262,0.00016461066695578106,0.10465824968857924,0.1047840360178308,1.1402557197584018,0.10519316344719805
11,0.25,263,0.00013929203956784703,0.10467762343759482,0.1047840360178308,1.136318565067373,0.10513019738754342
11,0.25,264,0.00011155156842160158,0.10469885251955328,0.1047840360178308,1.1324112373058217,0.1050612162335216
11,0.25,265,8.213099740607279e-05,0.10472136924726413,0.1047840360178308,1.1285333988103954,0.10498807318841391
11,0.25,266,5.178864583712649e-05,0.10474459503980141,0.1047840360178308,1.1246847169953857,0.10491267435659116
11,0.25,267,2.1299221427079513e-05,0.10476795447641835,0.1047840360178308,1.120864864257642,0.10483706373344316
11,0.25,268,8.913645416333873e-06,0.10479088880556395,0.1047840360178308,1.1170735178836129,0.10480718490803077
11,0.25,269,3.7524088910085344e-05,0.10481286860787319,0.1047840360178308,1.1133103599584613,0.10487772248585595
11,0.25,270,6.436630597722136e-05,0.10483340534060262,0.1047840360178308,1.1095750772771997,0.10494434039694867
11,0.25,271,8.876948643685423e-05,0.10485206152540191,0.1047840360178308,1.1058673612577925,0.10500492894963032
11,0.25,272,0.00011023371128297296,0.1048684593806576,0.1047840360178308,1.102186907856175,0.1050582150751165
11,0.25,273,0.00012835085654577263,0.10488228774288215,0.1047840360178308,1.0985334174831407,0.105103179227663
11,0.25,274,0.00014280699323316045,0.10489330716759945,0.1047840360178308,1.0949065949230483,0.10513904170222428
11,0.25,275,0.00015338580936191313,0.10490135314767217,0.1047840360178308,1.0913061492543021,0.10516526742982728
11,0.25,276,0.0001599701367995483,0.10490633743475182,0.1047840360178308,1.0877317937715614,0.1051815685666235
11,0.25,277,0.000162541222897215,0.10490824749625695,0.1047840360178308,1.0841832459096346,0.10518790211059209
11,0.25,278,0.0001611757566042104,0.10490714418477072,0.1047840360178308,1.0806602271690164,0.10518446216678773
11,0.25,279,0.00015604077373662054,0.10490315773788064,0.1047840360178308,1.0771624630430265,0.10517166706951782
11,0.25,280,0.00014738662984814752,0.10489648226325322,0.1047840360178308,1.073689682946508,0.10515014181391737
11,0.25,281,0.000135538277473783,0.1048873688953054,0.1047840360178308,1.07024162014605,0.10512069641195748
11,0.25,282,0.00012088512863771484,0.1048761178355451,0.1047840360178308,1.0668180116916948,0.10508430095148089
11,0.25,283,0.00010386983729968647,0.10486306950803848,0.1047840360178308,1.063418598350091,0.10504205840539012
11,0.25,284,8.497644516644302e-05,0.10484859507426972,0.1047840360178308,1.0600431245390618,0.10499517693749912
11,0.25,285,6.47187048753696e-05,0.10483308655783567,0.1047840360178308,1.0566913382635488,0.10494494606531453
11,0.25,286,4.3631342342542196e-05,0.1048169468291048,0.1047840360178308,1.0533629910528994,0.10489273492233513
11,0.25,287,2.228557006187784e-05,0.10480057969348446,0.1047840360178308,1.0500578378994672,0.1048401605464358
11,0.25,288,2.9621028343199014e-06,0.10478438031476517,0.1047840360178308,1.046775637198489,0.10479622888213073
11,0.25,289,1.9870124529594872e-05,0.10476872618773757,0.1047840360178308,1.0435161506892137,0.10483434811621631
11,0.25,290,3.915064079126891e-05,0.10475396885262277,0.1047840360178308,1.0402791433972434,0.1048817364649195
11,0.25,291,5.6922495942237223e-05,0.10474042651858093,0.1047840360178308,1.03706438357807,0.10492569279730761
11,0.25,292,7.27663461111482e-05,0.10472837773548241,0.1047840360178308,1.0338716426617678,0.10496494277909349
11,0.25,293,8.636255514310658e-05,0.10471805622306432,0.1047840360178308,1.0307006951988193,0.10499864689849903
11,0.25,294,9.746181374951448e-05,0.10470964693535752,0.1047840360178308,1.027551318807047,0.10502617129891945
11,0.25,295,0.00010588396764401203,0.10470328340663654,0.1047840360178308,1.024423294119626,0.10504706236613486
11,0.25,296,0.00011151878440932143,0.10469904639384209,0.1047840360178308,1.021316404734147,0.10506104303751539
11,0.25,297,0.00011432582739636585,0.10469696380012666,0.1047840360178308,1.0182304371627118,0.1050680106650056
11,0.25,298,0.00011433292567198629,0.10469701183547084,0.1047840360178308,1.0151651807830309,0.10506803253689313
11,0.25,299,0.00011163317532808601,0.10469911734374929,0.1047840360178308,1.0121204277905052,0.10506133818171799
11,0.25,300,0.00010638054286964469,0.10470316120164422,0.1047840360178308,1.0090959731512628,0.10504830839047027
11,0.25,301,9.87842029807942e-05,0.10470898267379852,0.1047840360178308,1.0060916145561352,0.10502946119676936
11,0.25,302,8.910178137977815e-05,0.10471638459088173,0.1047840360178308,1.0031071523755448,0.1050054352122149
11,0.25,303,7.763170400685202e-05,0.10472513920306178,0.1047840360178308,1.0001423896152883,0.10497697083879326
11,0.25,304,6.470488863926007e-05,0.10473499455090038,0.1047840360178308,0.9971971318731915,0.10494489005999065
11,0.25,305,5.067609093645399e-05,0.10474568118903667,0.1047840360178308,0.9942711872966165,0.1049100760119856
11,0.25,306,3.591553380195976e-05,0.10475691909521871,0.1047840360178308,0.9913643665408035,0.10487345577977644
11,0.25,307,2.0803792049680377e-05,0.10476842459825743,0.1047840360178308,0.988476482728025,0.10483600647586776
11,0.25,308,5.789655048661181e-06,0.10477991716320399,0.1047840360178308,0.9856073514075374,0.10479918743322325
11,0.25,309,9.202359218243246e-06,0.104791125880304,0.1047840360178308,0.9827567905163086,0.10480721538664269
11,0.25,310,2.319855891680833e-05,0.10480179551581469,0.1047840360178308,0.9799246203405071,0.10484172755189002
11,0.25,311,3.622490271631047e-05,0.10481169199725061,0.1047840360178308,0.9771106634777331,0.10487403117386414
11,0.25,312,4.797127051359784e-05,0.10482060722267585,0.1047840360178308,0.974314744799977,0.10490319280953032
11,0.25,313,5.8197233608920164e-05,0.10482836310282385,0.1047840360178308,0.9715366914172865,0.10492859196116186
11,0.25,314,6.670947923908089e-05,0.10483481476561783,0.1047840360178308,0.968776332642129,0.10494974102440698
11,0.25,315,7.336236241606644e-05,0.10483985287454825,0.1047840360178308,0.9660334999544328,0.10496627471277364
11,0.25,316,7.805925346146237e-05,0.10484340503478781,0.1047840360178308,0.9633080269672917,0.10497795089508137
11,0.25,317,8.075305124666501e-05,0.10484543628332962,0.1047840360178308,0.9605997493933186,0.10498465113889517
11,0.25,318,8.144561121286338e-05,0.10484594868126704,0.1047840360178308,0.9579085050116347,0.10498637903612386
11,0.25,319,8.018607114680066e-05,0.1048449800470769,0.1047840360178308,0.9552341336354786,0.10498325594559998
11,0.25,320,7.706812953305754e-05,0.1048426018889224,0.1047840360178308,0.9525764770804234,0.10497551418761661
11,0.25,321,7.222636728860563e-05,0.10483891661114302,0.1047840360178308,0.9499353791331879,0.10496348787935066
11,0.25,322,6.583172777621569e-05,0.1048340540848707,0.1047840360178308,0.9473106855210284,0.10494760168201425
11,0.25,323,5.808628790764092e-05,0.10482816768481845,0.1047840360178308,0.9447022438816997,0.1049283577849306
11,0.25,324,4.921746649077079e-05,0.10482142990352035,0.1047840360178308,0.9421099037339716,0.1049063214894824
11,0.25,325,3.9471825530470726e-05,0.10481402766053576,0.1047840360178308,0.9395335164486912,0.10488210578552934
11,0.25,326,2.9108627869515192e-05,0.10480615742732396,0.1047840360178308,0.9369729352203757,0.1048563553481964
11,0.25,327,1.8393333553094692e-05,0.10479802028868984,0.1047840360178308,0.9344280150393282,0.10482973052677894
11,0.25,328,7.59146328076015e-06,0.104789817059009,0.1047840360178308,0.9318986126642627,0.1048028938192927
11,0.25,329,3.0442543279647356e-06,0.10478174356605076,0.1047840360178308,0.9293845865954284,0.10479162877526811
11,0.25,330,1.3255654819860838e-05,0.10477398620736401,0.1047840360178308,0.9268857970482236,0.10481698786188877
11,0.25,331,2.2823644608425433e-05,0.10476671787417113,0.1047840360178308,0.9244021059272859,0.10484075837464045
11,0.25,332,3.154078477900671e-05,0.10476009432585048,0.1047840360178308,0.9219333768010526,0.10486241457147309
11,0.25,333,3.922826016392848e-05,0.10475425108473414,0.1047840360178308,0.9194794748767786,0.10488151148533596
11,0.25,334,4.573750204304263e-05,0.10474930090647475,0.1047840360178308,0.9170402669760034,0.10489767993503503
11,0.25,335,5.095263797194625e-05,0.10474533186601524,0.1047840360178308,0.9146156215104566,0.10491063218568027
11,0.25,336,5.47921536550429e-05,0.10474240608360637,0.1047840360178308,0.9122054084583952,0.10492016598836368
11,0.25,337,5.7209699980263545e-05,0.1047405590997134,0.1047840360178308,0.9098094993413609,0.10492616654474954
11,0.25,338,5.819404668712726e-05,0.10473979989239077,0.1047840360178308,0.9074277672013504,0.10492860636163823
11,0.25,339,5.776821001656803e-05,0.1047401115160975,0.1047840360178308,0.9050600865783902,0.1049275430570359
11,0.25,340,5.598780152430289e-05,0.1047414523272758,0.1047840360178308,0.9027063334885062,0.10492311523486426
11,0.25,341,5.29386625594747e-05,0.1047437577495892,0.1047840360178308,0.9003663854020819,0.10491553659118948
11,0.25,342,4.873386419076961e-05,0.10474694252074153,0.1047840360178308,0.8980401212225958,0.10490508845519744
11,0.25,343,4.3510165876107346e-05,0.10475090335347698,0.1047840360178308,0.8957274212657306,0.10489211100682214
11,0.25,344,3.7424039042118415e-05,0.1047555219358421,0.1047840360178308,0.8934281672388472,0.10487699345879171
11,0.25,345,3.0647378587967704e-05,0.10476066819019898,0.1047840360178308,0.8911422422208153,0.10486016357852515
11,0.25,346,2.336306807029746e-05,0.10476620370688124,0.1047840360178308,0.8888695306421939,0.10484207721199852
11,0.25,347,1.5760772993938594e-05,0.1047719852668162,0.1047840360178308,0.8866099182657549,0.10482320996686399
11,0.25,348,8.035320275745044e-06,0.10477786836788114,0.1047840360178308,0.8843632921673412,0.10480406741524416
11,0.25,349,6.507255709275689e-07,0.10478371067216602,0.1047840360178308,0.8821295407170561,0.10478652975597676
11,0.25,350,7.122303699194665e-06,0.10478937529557439,0.1047840360178308,0.8799085535607726,0.1048018406031997
11,0.25,351,1.4145132976589713e-05,0.1047947338671749,0.1047840360178308,0.8777002216019608,0.10481922950810094
11,0.25,352,2.061591395724705e-05,0.1047996692932349,0.1047840360178308,0.8755044369838241,0.1048352813901358
11,0.25,353,2.639376593802758e-05,0.10480407816971535,0.1047840360178308,0.8733210930717391,0.10484962058772956
11,0.25,354,3.136304331758952e-05,0.10480787279694359,0.1047840360178308,0.8711500844359936,0.10486195503963278
11,0.25,355,3.543160638844809e-05,0.10481098276094536,0.1047840360178308,0.8689913068348157,0.10487205443787247
11,0.25,356,3.853174150164751e-05,0.10481335605722812,0.1047840360178308,0.8668446571976893,0.1048797500598542
11,0.25,357,4.062085615246329e-05,0.10481495974438325,0.1047840360178308,0.8647100336089503,0.10488493588468056
11,0.25,358,4.168164310724303e-05,0.10481578012642204,0.1047840360178308,0.8625873352916567,0.10488756879844009
11,0.25,359,4.172166817969472e-05,0.10481582247400398,0.1047840360178308,0.8604764625917295,0.10488766749240988
11,0.25,360,4.0772393927306765e-05,0.10481511030538503,0.1047840360178308,0.8583773169623575,0.10488531000788363
11,0.25,361,3.8887675055780984e-05,0.10481368425776529,0.1047840360178308,0.8562898009486608,0.1048806299917432
11,0.25,362,3.614177601598491e-05,0.10481160058853463,0.1047840360178308,0.8542138181726088,0.10487381177895233
11,0.25,363,3.2626972477937786e-05,0.1048089293535105,0.1047840360178308,0.8521492733181879,0.10486508445371265
11,0.25,364,2.8450807749183503e-05,0.10480575231548882,0.1047840360178308,0.8500960721168134,0.10485471507125574
11,0.25,365,2.373308456427456e-05,0.10480216064118236,0.1047840360178308,0.8480541213329805,0.10484300126105468
11,0.25,366,1.8602688349456447e-05,0.10479825244782102,0.1047840360178308,0.8460233287501522,0.10483026352692439
11,0.25,367,1.3194395369625222e-05,0.1047941302623233,0.1047840360178308,0.8440036031568762,0.10481683796079672
11,0.25,368,7.646234178124643e-06,0.10478989845601852,0.1047840360178308,0.8419948543331287,0.10480307306336563
11,0.25,369,2.10810987330657e-06,0.10478566071646524,0.1047840360178308,0.8399969930368814,0.10478940537535646
11,0.25,370,3.3652471053104304e-06,0.10478151761505683,0.1047840360178308,0.8380099309908838,0.10479245808072936
11,0.25,371,8.536132192061489e-06,0.10477756432494771,0.1047840360178308,0.8360335808696627,0.10480525532211524
11,0.25,372,1.3349421085523667e-05,0.10477388853852133,0.1047840360178308,0.8340678562867276,0.10481720026845072
11,0.25,373,1.769639937025048e-05,0.10477056862732041,0.1047840360178308,0.8321126717819853,0.10482799359784731
11,0.25,374,2.148802949008511e-05,0.10476767208024951,0.1047840360178308,0.8301679428093539,0.10483741009102236
11,0.25,375,2.465178670697053e-05,0.10476525424814945,0.1047840360178308,0.8282335857245765,0.10484526835307394
11,0.25,376,2.713241522273492e-05,0.10476335741471657,0.1047840360178308,0.8263095177732288,0.10485143056340439
11,0.25,377,2.8892597974144566e-05,0.10476201020541717,0.1047840360178308,0.8243956570789174,0.10485580369209341
11,0.25,378,2.991324704439254e-05,0.10476122733771856,0.1047840360178308,0.8224919226316658,0.10485834009078553
11,0.25,379,3.0193372403173966e-05,0.10476100970782158,0.1047840360178308,0.8205982342764842,0.10485903712175224
11,0.25,380,2.9749533540413936e-05,0.1047613448013169,0.1047840360178308,0.8187145127021194,0.10485793577939222
11,0.25,381,2.8614896303856277e-05,0.10476220740796155,0.1047840360178308,0.8168406794299821,0.10485511834147629
11,0.25,382,2.683792818227287e-05,0.10476356061424053,0.1047840360178308,0.8149766568032487,0.10485070512591045
11,0.25,383,2.4480773562757222e-05,0.10476535704165808,0.1047840360178308,0.8131223679761327,0.10484485045350903
11,0.25,384,2.161735705421488e-05,0.10476754029391565,0.1047840360178308,0.8112777369033246,0.10483773793496104
11,0.25,385,1.833126803134706e-05,0.10477004657234797,0.1047840360178308,0.8094426883295961,0.1048295752138616
11,0.25,386,1.4713483166505736e-05,0.10477280641627201,0.1047840360178308,0.8076171477795656,0.10482058830681129
11,0.25,387,1.0859986006054078e-05,0.10477574652328148,0.1047840360178308,0.8058010415476231,0.10481101568879023
11,0.25,388,6.869344515089838e-06,0.10477879160400556,0.1047840360178308,0.8039942966880103,0.10480110228311736
11,0.25,389,2.8403237316876696e-06,0.10478186622641696,0.1047840360178308,0.8021968410050535,0.10479109363983855
11,0.25,390,1.1309070763313384e-06,0.10478489660638511,0.1047840360178308,0.8004086030435478,0.10478684530468844
11,0.25,391,4.9513287050856805e-06,0.10478781230375389,0.1047840360178308,0.7986295120792877,0.10479633518633974
11,0.25,392,8.535809322991471e-06,0.10479054778669508,0.1047840360178308,0.7968594981097431,0.1048052396378911
11,0.25,393,1.1806708172882652e-05,0.10479304383133826,0.1047840360178308,0.7950984918448782,0.10481336507725528
11,0.25,394,1.469633871814353e-05,0.10479524872858705,0.1047840360178308,0.7933464246981091,0.10482054329277057
11,0.25,395,1.7148143092152943e-05,0.10479711927546215,0.1047840360178308,0.7916032287773995,0.10482663376540975
11,0.25,396,1.9117677743609427e-05,0.10479862153412077,0.1047840360178308,0.7898688368764915,0.10483152609031934
11,0.25,397,2.057328666676175e-05,0.10479973134773597,0.1047840360178308,0.7881431824662681,0.10483514164381495
11,0.25,398,2.1496452355460655e-05,0.10480043460853454,0.1047840360178308,0.7864261996862469,0.10483743445249641
11,0.25,399,2.188182570994439e-05,0.10480072727932946,0.1047840360178308,0.7847178233362008,0.10483839126500513
11,0.25,400,2.1736944062547375e-05,0.10480061517570544,0.1047840360178308,0.7830179888679049,0.10483803084894261
11,0.25,401,2.1081653653623192e-05,0.10480011352148874,0.1047840360178308,0.781326632377007,0.10483640255361636
11,0.25,402,1.994725939301102e-05,0.10479924629513042,0.1047840360178308,0.7796436905950189,0.10483358419555568
11,0.25,403,1.837543052007391e-05,0.10479804538905435,0.1047840360178308,0.7779691008814279,0.10482967933863988
11,0.25,404,1.6416895757286437e-05,0.10479654960777378,0.1047840360178308,0.776302801215924,0.10482481405330006
11,0.25,405,1.4129965786152572e-05,0.1047948035335994,0.1047840360178308,0.7746447301907435,0.1048191332509018
11,0.25,406,1.1578924760154607e-05,0.10479285629099372,0.1047840360178308,0.7729948270031255,0.10481279670451543
11,0.25,407,8.832338230551385e-06,0.10479076024204494,0.1047840360178308,0.771353031447879,0.10480597489766243
11,0.25,408,5.961346049487458e-06,0.1047885696461349,0.1047840360178308,0.7697192839100603,0.10479884499318702
11,0.25,409,3.0382039768946493e-06,0.10478633931666681,0.1047840360178308,0.7680935253577565,0.10479158862063444
11,0.25,410,1.6869315047459606e-07,0.10478412330673746,0.1047840360178308,0.7664756973349762,0.10478459175683824
11,0.25,411,2.691509894276886e-06,0.10478197365393115,0.1047840360178308,0.7648657419546425,0.1047907339725736
11,0.25,412,5.359759829231508e-06,0.10477993921204883,0.1047840360178308,0.7632636018916892,0.10479735618439068
11,0.25,413,7.819793096615319e-06,0.10477806459463858,0.1047840360178308,0.7616692203762561,0.10480346454748246
11,0.25,414,1.001924556733709e-05,0.10477638925175853,0.1047840360178308,0.7600825411869845,0.10480892643655582
11,0.25,415,1.1913956186078931e-05,0.10477494669757395,0.1047840360178308,0.7585035086444082,0.10481363169419973
11,0.25,416,1.3468397310751067e-05,0.10477376390227221,0.1047840360178308,0.7569320676044405,0.10481749194297844
11,0.25,417,1.465619944554869e-05,0.10477286085747965,0.1047840360178308,0.7553681634519547,0.10482044164517967
11,0.25,418,1.5460481094429374e-05,0.10477225031998685,0.1047840360178308,0.7538117420944567,0.10482243886107906
11,0.25,419,1.587395266568208e-05,0.10477193773424212,0.1047840360178308,0.7522627499558491,0.10482346548624806
11,0.25,420,1.589879315248196e-05,0.10477192132985404,0.1047840360178308,0.7507211339702823,0.10482352693691202
11,0.25,421,1.5546307917605147e-05,0.10477219238634906,0.1047840360178308,0.7491868415760959,0.10482265129624631
11,0.25,422,1.4836381871674712e-05,0.10477273565374151,0.1047840360178308,0.7476598207098442,0.10482088795514646
11,0.25,423,1.3796747064103223e-05,0.10477352991417188,0.1047840360178308,0.7461400198004068,0.1048183057935489
11,0.25,424,1.2462087680868175e-05,0.10477454866701308,0.1047840360178308,0.7446273877631837,0.10481499095984993
11,0.25,425,1.0873008792669483e-05,0.10477576091749062,0.1047840360178308,0.7431218739943711,0.10481104431457237
11,0.25,426,9.074898153405302e-06,0.10477713204704747,0.1047840360178308,0.7416234283653182,0.10480657861479258
11,0.25,427,7.116713904258436e-06,0.10477862474243438,0.1047840360178308,0.7401320012169634,0.10480171553340101
11,0.25,428,5.049740878563861e-06,0.10478019995983262,0.1047840360178308,0.7386475433543487,0.10479658267360646
11,0.25,429,2.9264254389846574e-06,0.10478181790021968,0.1047840360178308,0.7371700060412099,0.10479131122273307
11,0.25,430,8.010511794327604e-07,0.10478343897264997,0.1047840360178308,0.735699340994644,0.10478604667379443
11,0.25,431,1.2883255557246052e-06,0.10478502472311761,0.1047840360178308,0.7342355003798485,0.10478724701797243
11,0.25,432,3.275504046485635e-06,0.10478653870816024,0.1047840360178308,0.7327784368049365,0.10479217526132989
11,0.25,433,5.125889549522122e-06,0.10478794729429469,0.1047840360178308,0.7313281033158208,0.10479676952714333
11,0.25,434,6.7988601345492634e-06,0.1047892203666986,0.1047840360178308,0.729884453391171,0.10480092417476876
11,0.25,435,8.260070492160981e-06,0.10479033193319298,0.1047840360178308,0.7284474409374392,0.10480455325087604
11,0.25,436,9.481321688279528e-06,0.10479126061247176,0.1047840360178308,0.7270170202839539,0.10480758652105034
11,0.25,437,1.0440970386730156e-05,0.10479198999858902,0.1047840360178308,0.7255931461780817,0.10480997014256008
11,0.25,438,1.1124226471598021e-05,0.10479250889687597,0.1047840360178308,0.7241757737804555,0.10481166733112464
11,0.25,439,1.152329024585618e-05,0.104792811429639,0.1047840360178308,0.7227648586602673,0.1048126586802404
11,0.25,440,1.163732319553825e-05,0.10479289701311383,0.1047840360178308,0.7213603567906254,0.10481294208119721
11,0.25,441,1.1472256158106468e-05,0.10479277021014242,0.1047840360178308,0.7199622245439751,0.10481253224394456
11,0.25,442,1.1040443755235436e-05,0.10479244046583797,0.1047840360178308,0.7185704186875811,0.10481145983791915
11,0.25,443,1.0360177683721832e-05,0.10479192173604096,0.1047840360178308,0.7171848963790716,0.10480977028297415
11,0.25,444,9.455074540486381e-06,0.10479123202060284,0.1047840360178308,0.7158056151620417,0.10480752222903605
11,0.25,445,8.353356399967867e-06,0.104790392815409,0.1047840360178308,0.7144325329617176,0.1048047857694315
11,0.25,446,7.0870443851715916e-06,0.10478942849854565,0.1047840360178308,0.7130656080806775,0.1048016404382795
11,0.25,447,5.691086994118134e-06,0.10478836566709739,0.1047840360178308,0.7117047991946309,0.10479817304637622
11,0.25,448,4.202446119711384e-06,0.10478723244172046,0.1047840360178308,0.7103500653482541,0.10479447541430274
11,0.25,449,2.6591658009362386e-06,0.10478605775637304,0.1047840360178308,0.7090013659510817,0.10479064207520875
11,0.25,450,1.099472621774971e-06,0.10478487065039907,0.1047840360178308,0.7076586607734522,0.10478676819293735
11,0.25,451,4.3977204603137657e-07,0.10478369957958317,0.1047840360178308,0.7063219099425085,0.1047851293553885
11,0.25,452,1.9215917748610314e-06,0.10478257176183599,0.1047840360178308,0.7049910739382503,0.10478880905475643
11,0.25,453,3.3134914115004156e-06,0.10478151257187841,0.1047840360178308,0.7036661135896402,0.10479226639637884
11,0.25,454,4.585041067289911e-06,0.10478054499769983,0.1047840360178308,0.7023469900707595,0.1047954248820917
11,0.25,455,5.7097468468451505e-06,0.1047796891697227,0.1047840360178308,0.7010336648970168,0.10479821863466988
11,0.25,456,6.665395763913967e-06,0.10477896197156483,0.1047840360178308,0.6997260999214046,0.10480059245764392
11,0.25,457,7.434444746526098e-06,0.1047783767391008,0.1047840360178308,0.6984242573308059,0.1048025027654124
11,0.25,458,8.004293738354495e-06,0.10477794305224722,0.1047840360178308,0.6971280996423497,0.10480391825528378
11,0.25,459,8.367434725244126e-06,0.104777666621582,0.1047840360178308,0.6958375896998126,0.10480482027597585
11,0.25,460,8.521476172246063e-06,0.10477754926961748,0.1047840360178308,0.6945526906700692,0.10480520288764773
11,0.25,461,8.469045878038647e-06,0.10477758900432746,0.1047840360178308,0.6932733660395871,0.1048050726201604
11,0.25,462,8.217578147169332e-06,0.10477778018043439,0.1047840360178308,0.6919995796109686,0.10480444794404399
11,0.25,463,7.778993769239406e-06,0.10477811374203415,0.1047840360178308,0.6907312954995363,0.10480335847534868
11,0.25,464,7.1692835829569855e-06,0.10477857753841693,0.1047840360178308,0.6894684781299636,0.10480184394078547
11,0.25,465,6.408008368951107e-06,0.10477915670346495,0.1047840360178308,0.6882110922329483,0.10479995293542328
11,0.25,466,5.51772943734033e-06,0.10477983408779788,0.1047840360178308,0.6869591028419287,0.10479774150853127
11,0.25,467,4.5233855643902775e-06,0.10478059073191977,0.1047840360178308,0.6857124752898429,0.10479527161691804
11,0.25,468,3.451633063303518e-06,0.10478140636800003,0.1047840360178308,0.6844711752059284,0.10479260949009851
11,0.25,469,2.3301679011792183e-06,0.10478225993761676,0.1047840360178308,0.6832351685125635,0.10478982396405503
11,0.25,470,1.1870654664685332e-06,0.10478313011278347,0.1047840360178308,0.6820044214221492,0.1047869849617963
11,0.25,471,5.344990573005199e-08,0.10478399580787853,0.1047840360178308,0.6807789004340296,0.10478418446843663
11,0.25,472,1.0548319152852674e-06,0.10478483667067302,0.1047840360178308,0.6795585723314529,0.104786657331233
11,0.25,473,2.101206412291126e-06,0.10478563354149116,0.1047840360178308,0.67834340417857,0.10478925595582834
11,0.25,474,3.0666658904371884e-06,0.1047863688706093,0.1047840360178308,0.6771333633174714,0.10479165387097045
11,0.25,475,3.930721684986991e-06,0.10478702708527521,0.1047840360178308,0.6759284173652617,0.10479379996745039
11,0.25,476,4.675932150744206e-06,0.10478759489916845,0.1047840360178308,0.6747285342111704,0.10479565088377474
11,0.25,477,5.288193525642808e-06,0.10478806155869187,0.1047840360178308,0.6735336820137,0.10479717157844769
11,0.25,478,5.7569697208626755e-06,0.10478841902213881,0.1047840360178308,0.6723438291978091,0.1047983358798225
11,0.25,479,6.075434131117307e-06,0.10478866206948177,0.1047840360178308,0.6711589444521306,0.10479912683301718
11,0.25,480,6.240520249376368e-06,0.10478878834223367,0.1047840360178308,0.6699789967262259,0.10479953682374178
11,0.25,481,6.252882116697228e-06,0.10478879831449926,0.1047840360178308,0.6688039552278716,0.10479956747918044
11,0.25,482,6.116768095937698e-06,0.10478869519792897,0.1047840360178308,0.6676337894203819,0.10479922935404841
11,0.25,483,5.839813490251539e-06,0.10478848478476878,0.1047840360178308,0.6664684690199626,0.1047985414153879
11,0.25,484,5.432759310425484e-06,0.10478817523454147,0.1047840360178308,0.6653079639930987,0.10479753034394185
11,0.25,485,4.9091060399548184e-06,0.10478777681106166,0.1047840360178308,0.6641522445539744,0.10479622967463433
11,0.25,486,4.284712549127084e-06,0.10478730157746685,0.1047840360178308,0.6630012811619247,0.10479467880082441
11,0.25,487,3.5773513829943386e-06,0.10478676305771116,0.1047840360178308,0.6618550445189183,0.10479292187147748
11,0.25,488,2.8062326305191443e-06,0.1047861758735123,0.1047840360178308,0.6607135055670719,0.10479100661305395
11,0.25,489,1.9915103210401802e-06,0.10478555536605981,0.1047840360178308,0.659576635486194,0.10478898311879231
11,0.25,490,1.1537954265439796e-06,0.10478491721187506,0.1047840360178308,0.6584444056913606,0.10478690272111933
11,0.25,491,3.139483616153343e-07,0.10478427704207703,0.1047840360178308,0.6573167878305185,0.10478481885023228
11,0.25,492,5.099274859079392e-07,0.10478365007395339,0.1047840360178308,0.6561937537821186,0.1047853043622329
11,0.25,493,1.2961354015012275e-06,0.10478305076318312,0.1047840360178308,0.6550752756527793,0.10478725605980786
11,0.25,494,2.0285683144727862e-06,0.1047824924843224,0.1047840360178308,0.6539613257749758,0.10478907504514125
11,0.25,495,2.6913309877449085e-06,0.10478198724627318,0.1047840360178308,0.6528518767047594,0.10479072113314646
11,0.25,496,3.270772231571742e-06,0.10478154544842927,0.1047840360178308,0.6517469012195034,0.10479216032133126
11,0.25,497,3.7556299513467478e-06,0.10478117568206621,0.1047840360178308,0.6506463723156771,0.10479336460860107
11,0.25,498,4.137216385546537e-06,0.1047808845803368,0.1047840360178308,0.6495502632066453,0.10479431240416505
11,0.25,499,4.4095452876798764e-06,0.1047806767189883,0.1047840360178308,0.6484585473204955,0.10479498883274486
11,0.25,500,4.5693930534751354e-06,0.10478055456865626,0.1047840360178308,0.64737119829789,0.10479538588304818
11,0.25,501,4.616293163656655e-06,0.10478051849834673,0.1047840360178308,0.6462881899899459,0.10479550239296101
11,0.25,502,4.552465761644423e-06,0.10478056682852105,0.1047840360178308,0.6452094964561369,0.10479534387419763
11,0.25,503,4.3826858544914105e-06,0.10478069593107195,0.1047840360178308,0.6441350919622237,0.1047949221847654
11,0.25,504,4.1140950295792255e-06,0.10478090037245201,0.1047840360178308,0.643064950978207,0.10479425506131497
11,0.25,505,3.7559627890728907e-06,0.10478117309530505,0.1047840360178308,0.6419990481763054,0.10479336552637923
11,0.25,506,3.3194046240816266e-06,0.1047815056331773,0.1047840360178308,0.6409373584289566,0.10479228118829202
11,0.25,507,2.8170647731657725e-06,0.10478188835226304,0.1047840360178308,0.6398798568068439,0.10479103345326324
11,0.25,508,2.2627722373608523e-06,0.10478231071367601,0.1047840360178308,0.6388265185769443,0.10478965667154111
11,0.25,509,1.6711791127469668e-06,0.10478276154944342,0.1047840360178308,0.6377773192006002,0.10478818724039976
11,0.25,510,1.0573911306311982e-06,0.10478322934529324,0.1047840360178308,0.6367322343316144,0.10478666269251054
11,0.25,511,4.366093783797912e-07,0.10478370252334715,0.1047840360178308,0.6356912398143663,0.104785120864329
11,0.25,512,1.764722266748148e-07,0.10478416971803474,0.1047840360178308,0.6346543116819512,0.10478447478062755
11,0.25,513,7.67131910735387e-07,0.10478462003889906,0.1047840360178308,0.6336214261543408,0.10478594150435383
11,0.25,514,1.3223635886720322e-06,0.10478504331445926,0.1047840360178308,0.6325925596365655,0.10478732060172723
11,0.25,515,1.829991971012028e-06,0.10478543031191376,0.1047840360178308,0.6315676887169175,0.10478858149196131
11,0.25,516,2.2793899427210646e-06,0.10478577292819137,0.1047840360178308,0.630546790165175,0.10478969775439155
11,0.25,517,2.661623706715863e-06,0.10478606434866698,0.1047840360178308,0.6295298409308475,0.10479064719172265
11,0.25,518,2.969611636799772e-06,0.10478629917073157,0.1047840360178308,0.6285168181414401,0.10479141221094788
11,0.25,519,3.198236993587896e-06,0.10478647349031951,0.1047840360178308,0.6275076991007396,0.10479198010089165
11,0.25,520,3.3444112387094617e-06,0.10478658495043035,0.1047840360178308,0.6265024612871186,0.1047923431889586
11,0.25,521,3.407087626549813e-06,0.10478663275160778,0.1047840360178308,0.6255010823518609,0.10479249887454425
11,0.25,522,3.3872261487075943e-06,0.10478661762524334,0.1047840360178308,0.6245035401175044,0.1047924495418924
11,0.25,523,3.287712066525709e-06,0.10478654177142445,0.1047840360178308,0.6235098125762049,0.10479220235778496
11,0.25,524,3.1132313092734753e-06,0.10478640876383756,0.1047840360178308,0.6225198778881164,0.10479176896187907
11,0.25,525,2.8701069452246975e-06,0.10478622342494344,0.1047840360178308,0.621533714379792,0.10479116506059324
11,0.25,526,2.566101726992142e-06,0.10478599167524968,0.1047840360178308,0.620551300542602,0.10479040993645544
11,0.25,527,2.2101923750257295e-06,0.10478572036100904,0.1047840360178308,0.6195726150311698,0.10478952588761838
11,0.25,528,1.8123217667642782e-06,0.10478541706505325,0.1047840360178308,0.6185976366618263,0.10478853761223147
11,0.25,529,1.3831355654965156e-06,0.10478508990573532,0.1047840360178308,0.6176263444110816,0.10478747155457499
11,0.25,530,9.337101125689666e-07,0.10478474732908652,0.1047840360178308,0.6166587174141132,0.10478635523023222
11,0.25,531,4.7527951601562474e-07,0.10478439789930537,0.1047840360178308,0.6156947349632726,0.10478521655617523
11,0.25,532,1.9203407019129896e-08,0.10478405009258566,0.1047840360178308,0.6147343765066083,0.10478408488194577
11,0.25,533,4.2454573944303473e-07,0.10478371209906381,0.1047840360178308,0.6137776216464043,0.10478509066029289
11,0.25,534,8.450386318832845e-07,0.10478339163733255,0.1047840360178308,0.6128244501377365,0.10478613509062223
11,0.25,535,1.2332718215362581e-06,0.10478309578554015,0.1047840360178308,0.6118748418870451,0.10478709940785637
11,0.25,536,1.58098977652692e-06,0.10478283083258474,0.1047840360178308,0.6109287769507219,0.10478796309200496
11,0.25,537,1.8811386526324008e-06,0.10478260215233416,0.1047840360178308,0.6099862355337147,0.1047887086196938
11,0.25,538,2.1279961789125947e-06,0.10478241410317136,0.1047840360178308,0.6090471979881461,0.10478932177703221
11,0.25,539,2.3172679877331174e-06,0.1047822699544986,0.1047840360178308,0.6081116448119489,0.10478979189746213
11,0.25,540,2.446147581444905e-06,0.10478217184115092,0.1047840360178308,0.6071795566475153,0.10479011201036491
11,0.25,541,2.5133394168541484e-06,0.1047821207459777,0.1047840360178308,0.6062509142803625,0.10479027889828031
11,0.25,542,2.5190456029422835e-06,0.10478211651018177,0.1047840360178308,0.6053256986378117,0.10479029306379496
11,0.25,543,2.4649175753137556e-06,0.10478215787036006,0.1047840360178308,0.6044038907876828,0.10479015860936969
11,0.25,544,2.3539749070950803e-06,0.10478224252058925,0.1047840360178308,0.6034854719370029,0.10478988303578175
11,0.25,545,2.1904941295667085e-06,0.10478236719735795,0.1047840360178308,0.6025704234307292,0.10478947696587318
11,0.25,546,1.9798710645996773e-06,0.10478252778467011,0.1047840360178308,0.6016587267504858,0.10478895380268771
11,0.25,547,1.7284606976720235e-06,0.10478271943624749,0.1047840360178308,0.6007503635133146,0.10478832933176499
11,0.25,548,1.4433990455321553e-06,0.10478293671144354,0.1047840360178308,0.5998453154704396,0.10478762127892222
11,0.25,549,1.1324118082672086e-06,0.10478317372125631,0.1047840360178308,0.598943564506045,0.10478684883556458
11,0.25,550,8.036149564464911e-07,0.10478342428069494,0.1047840360178308,0.5980450926360665,0.10478603216551122
11,0.25,551,4.653138489263557e-07,0.10478368206371386,0.1047840360178308,0.5971498820069953,0.10478519191735416
11,0.25,552,1.25842210837349e-07,0.10478394075697613,0.1047840360178308,0.596257914894696,0.10478434901638738
11,0.25,553,2.0698371033229868e-07,0.10478419420884727,0.1047840360178308,0.5953691737032369,0.10478455037717298
11,0.25,554,5.251075015060651e-07,0.10478443657023503,0.1047840360178308,0.5944836409637326,0.10478534040115962
11,0.25,555,8.216141542588088e-07,0.10478466242418419,0.1047840360178308,0.5936012993331995,0.10478607684740976
11,0.25,556,1.0900886484096809e-06,0.10478486690148874,0.1047840360178308,0.5927221315934237,0.10478674368591334
11,0.25,557,1.324982159434138e-06,0.10478504577999526,0.1047840360178308,0.5918461206498409,0.10478732712120328
11,0.25,558,1.5217030443689983e-06,0.10478519556572398,0.1047840360178308,0.5909732495304287,0.10478781574463912
11,0.25,559,1.6766963527730254e-06,0.10478531355441749,0.1047840360178308,0.5901035013846101,0.10478820072473764
11,0.25,560,1.7874976560608985e-06,0.10478539787263012,0.1047840360178308,0.5892368594821694,0.10478847593945716
11,0.25,561,1.8527597462413076e-06,0.10478544749798084,0.1047840360178308,0.5883733072121795,0.1047886380420196
11,0.25,562,1.8722521998752228e-06,0.10478546225869458,0.1047840360178308,0.5875128280819405,0.10478868645973949
11,0.25,563,1.8468345639693745e-06,0.10478544281304385,0.1047840360178308,0.5866554057159296,0.10478862332733957
11,0.25,564,1.7784045466769171e-06,0.1047853906097591,0.1047840360178308,0.5858010238547627,0.10478845335816604
11,0.25,565,1.669823154968453e-06,0.10478530783089465,0.1047840360178308,0.5849496663541665,0.10478818365833743
11,0.25,566,1.524819213637534e-06,0.10478519731901001,0.1047840360178308,0.5841013171839609,0.10478782348956218
11,0.25,567,1.3478761167085515e-06,0.10478506249084035,0.1047840360178308,0.5832559604270541,0.10478738398788275
11,0.25,568,1.1441040046655438e-06,0.10478490723988872,0.1047840360178308,0.5824135802784464,0.10478687784618781
11,0.25,569,9.191008184861804e-07,0.1047847358305621,0.1047840360178308,0.5815741610442449,0.10478631896928949
11,0.25,570,6.788058732317613e-07,0.1047845527865979,0.1047840360178308,0.5807376871406897,0.10478572211047454
11,0.25,571,4.293498398989086e-07,0.10478436277658258,0.1047840360178308,0.5799041430931892,0.10478510250055535
11,0.25,572,1.769073630371792e-07,0.10478417049935124,0.1047840360178308,0.5790735135353651,0.10478447549681214
11,0.25,573,7.251144326667932e-08,0.1047839805719803,0.1047840360178308,0.5782457832081094,0.10478421626344657
11,0.25,574,3.1297813932675615e-07,0.10478379742294393,0.1047840360178308,0.5774209369586489,0.10478481344868269
11,0.25,575,5.39137298381395e-07,0.10478362519281062,0.1047840360178308,0.5765989597396215,0.10478537518998815
11,0.25,576,7.460277853283854e-07,0.10478346764460678,0.1047840360178308,0.57577983660816,0.10478588907898866
11,0.25,577,9.293033472371038e-07,0.10478332808568787,0.1047840360178308,0.5749635527249879,0.10478634431408117
11,0.25,578,1.0853024908031964e-06,0.1047832093026304,0.1047840360178308,0.5741500933535222,0.10478673179897402
11,0.25,579,1.211114726535344e-06,0.10478311351030777,0.1047840360178308,0.5733394438589873,0.10478704430362656
11,0.25,580,1.3046277332667704e-06,0.10478304231594486,0.1047840360178308,0.572531589707537,0.10478727658086723
11,0.25,581,1.364554381609171e-06,0.10478299669856916,0.1047840360178308,0.5717265164653861,0.10478742543337617
11,0.25,582,1.390439485764553e-06,0.10478297700390121,0.1047840360178308,0.5709242097979504,0.10478748973031878
11,0.25,583,1.3826466908956057e-06,0.10478298295436211,0.1047840360178308,0.5701246554689965,0.10478747037485169
11,0.25,584,1.342326372255272e-06,0.1047830136735261,0.1047840360178308,0.5693278393397994,0.1047873702242871
11,0.25,585,1.2713658472812167e-06,0.10478306772402761,0.1047840360178308,0.5685337473683088,0.10478719396648359
11,0.25,586,1.172323585432024e-06,0.10478314315764012,0.1047840360178308,0.567742365608325,0.104786947956412
11,0.25,587,1.0483494300683983e-06,0.10478323757599547,0.1047840360178308,0.566953680208682,0.10478664001796714
11,0.25,588,9.030931187826537e-07,0.10478334820020423,0.1047840360178308,0.566167677412439,0.10478627921677006
11,0.25,589,7.406036018149368e-07,0.10478347194747771,0.1047840360178308,0.5653843435560815,0.10478587561005001
11,0.25,590,5.652218030636397e-07,0.10478360551274062,0.1047840360178308,0.5646036650687285,0.10478543998032543
11,0.25,591,3.8146955264788227e-07,0.10478374545316389,0.1047840360178308,0.5638256284713496,0.10478498355946368
11,0.25,592,1.9393746689962998e-07,0.10478388827353678,0.1047840360178308,0.563050220375989,0.10478451775058822
11,0.25,593,7.182856508438772e-09,0.1047840305104366,0.1047840360178308,0.5622774274849971,0.10478405391642011
11,0.25,594,1.7442125384235641e-07,0.10478416881324236,0.1047840360178308,0.5615072365902712,0.10478446925191386
11,0.25,595,3.466942673987337e-07,0.1047843000201672,0.1047840360178308,0.5607396345725024,0.10478489715815203
11,0.25,596,5.058333161985244e-07,0.10478442122765562,0.1047840360178308,0.5599746084004309,0.1047852924414001
11,0.25,597,6.484453244797835e-07,0.10478452985169442,0.1047840360178308,0.5592121451301082,0.10478564667319135
11,0.25,598,7.716254439488661e-07,0.10478462367981868,0.1047840360178308,0.5584522319041679,0.10478595263811133
11,0.25,599,8.730117777034043e-07,0.1047847009128492,0.1047840360178308,0.5576948559511022,0.10478620446949403
11,0.25,600,9.508257530794414e-07,0.10478476019566699,0.1047840360178308,0.5569400045845468,0.10478639774963394
11,0.25,601,1.0038975502411842e-06,0.10478480063661036,0.1047840360178308,0.5561876652025722,0.10478652957288435
11,0.25,602,1.0316764059392876e-06,0.10478482181535928,0.1047840360178308,0.555437825286983,0.1047865985712667
11,0.25,603,1.0342259804937243e-06,0.1047848237794489,0.1047840360178308,0.5546904724026229,0.10478660490304369
11,0.25,604,1.0122053227805591e-06,0.1047848070298177,0.1047840360178308,0.5539455941966878,0.10478655020525467
11,0.25,605,9.668362943713197e-07,0.10478477249604452,0.1047840360178308,0.553203178398045,0.10478643751295738
11,0.25,606,8.998586100789524e-07,0.1047847215021528,0.1047840360178308,0.5524632128165595,0.10478627114749783
11,0.25,607,8.134739109567648e-07,0.10478465572405901,0.1047840360178308,0.5517256853424266,0.10478605657757985
11,0.25,608,7.102805054587096e-07,0.10478457713990844,0.1047840360178308,0.5509905839455111,0.10478580025716108
11,0.25,609,5.932005906549433e-07,0.10478448797467517,0.1047840360178308,0.5502578966746939,0.10478550944479799
11,0.25,610,4.654018955639232e-07,0.10478439064049917,0.1047840360178308,0.5495276116572236,0.1047851920089885
11,0.25,611,3.3021578973664494e-07,0.10478428767429174,0.1047840360178308,0.5487997170980757,0.10478485622505382
11,0.25,612,1.9105410507378202e-07,0.10478418167416277,0.1047840360178308,0.5480742012793172,0.10478451057002044
11,0.25,613,5.13313914599936e-08,0.1047840752362063,0.1047840360178308,0.5473510525594778,0.10478416355392664
11,0.25,614,8.566055926364981e-08,0.10478397089312877,0.1047840360178308,0.5466302593729279,0.10478424883657517
11,0.25,615,2.1670851803126842e-07,0.1047838710561193,0.1047840360178308,0.545911810229261,0.10478457432467254
11,0.25,616,3.3890268912153034e-07,0.104783777961244,0.1047840360178308,0.5451956937126841,0.10478487783541567
11,0.25,617,4.4959866076041114e-07,0.10478369362150396,0.1047840360178308,0.544481898481412,0.10478515278853374
11,0.25,618,5.465014962783088e-07,0.1047836197855298,0.1047840360178308,0.5437704132670697,0.10478539348204484
11,0.25,619,6.277081962771048e-07,0.10478355790370178,0.1047840360178308,0.5430612268740984,0.10478559518869925
11,0.25,620,6.917414170814314e-07,0.10478350910228548,0.1047840360178308,0.542354328179169,0.10478575423883578
11,0.25,621,7.375723047946582e-07,0.10478347416596856,0.1047840360178308,0.5416497061305999,0.10478586807679768
11,0.25,622,7.646320988256081e-07,0.10478345352897284,0.1047840360178308,0.5409473497477819,0.1047859352897949
11,0.25,623,7.72812529665209e-07,0.10478344727470906,0.1047840360178308,0.5402472481206071,0.10478595560891305
11,0.25,624,7.62455313292202e-07,0.10478345514374152,0.1047840360178308,0.5395493904089039,0.10478592988287683
11,0.25,625,7.343313005855899e-07,0.10478347654963747,0.1047840360178308,0.5388537658418782,0.10478586002637158
11,0.25,626,6.896100657351498e-07,0.10478351060210549,0.1047840360178308,0.5381603637175586,0.10478574894446013
11,0.25,627,6.298209252514072e-07,0.10478355613666714,0.1047840360178308,0.5374691734022481,0.10478560043574943
11,0.25,628,5.568065516724882e-07,0.1047836117499772,0.1047840360178308,0.5367801843299799,0.10478541907722067
11,0.25,629,4.726704903228291e-07,0.10478367583979589,0.1047840360178308,0.5360933860019796,0.10478521009384002
11,0.25,630,3.797199943398692e-07,0.10478374664853697,0.1047840360178308,0.5354087679861318,0.10478497921657214
11,0.25,631,2.8040567037920905e-07,0.10478382230926069,0.1047840360178308,0.5347263199164515,0.10478473253260302
11,0.25,632,1.7725949691849207e-07,0.10478390089295364,0.1047840360178308,0.5340460314925612,0.10478447633170722
11,0.25,633,7.283326752669457e-08,0.10478398045594174,0.1047840360178308,0.533367892479173,0.10478421695653502
11,0.25,634,3.03749945033333e-08,0.10478405908630976,0.1047840360178308,0.5326918927055747,0.1047841114775884
11,0.25,635,1.2993325490478024e-07,0.10478413494825851,0.1047840360178308,0.5320180220651215,0.10478435874632767
11,0.25,636,2.2360376901698767e-07,0.1047842063234077,0.1047840360178308,0.5313462705147327,0.10478459141017729
11,0.25,637,3.093313136211881e-07,0.1047842716481537,0.1047840360178308,0.5306766280743922,0.10478480434647501
11,0.25,638,3.8531007875211387e-07,0.10478432954630972,0.1047840360178308,0.5300090848266547,0.10478499306854676
11,0.25,639,4.500162467676492e-07,0.10478437885638883,0.1047840360178308,0.5293436309161558,0.10478515379108756
11,0.25,640,5.022359403689311e-07,0.10478441865303627,0.1047840360178308,0.5286802565491271,0.10478528349884264
11,0.25,641,5.410851683549538e-07,0.10478444826226851,0.1047840360178308,0.528018951992916,0.10478537999599646
11,0.25,642,5.660214222267653e-07,0.10478446727033291,0.1047840360178308,0.5273597075755093,0.10478544193498693
11,0.25,643,5.76846871196981e-07,0.10478447552615869,0.1047840360178308,0.5267025136850619,0.10478546882438347
11,0.25,644,5.737033137189912e-07,0.10478447313752207,0.1047840360178308,0.5260473607694296,0.10478546101636876
11,0.25,645,5.570592369280639e-07,0.10478446046119345,0.1047840360178308,0.5253942393357062,0.10478541967458786
11,0.25,646,5.276895123669471e-07,0.10478443808746919,0.1047840360178308,0.5247431399497652,0.10478534672372097
11,0.25,647,4.86648415308745e-07,0.10478440681961282,0.1047840360178308,0.5240940532358055,0.10478524478245423
11,0.25,648,4.352367955917701e-07,0.10478436764883593,0.1047840360178308,0.5234469698759012,0.10478511708194214
11,0.25,649,3.749643395481187e-07,0.1047843217255356,0.1047840360178308,0.5228018806095559,0.10478496737209586
11,0.25,650,3.075079553517629e-07,0.10478427032757567,0.1047840360178308,0.522158776233261,0.1047847998181283
11,0.25,651,2.3466737424511341e-07,0.10478421482644455,0.1047840360178308,0.5215176476000576,0.10478461889041266
11,0.25,652,1.5831909752046091e-07,0.10478415665215156,0.1047840360178308,0.5208784856191032,0.10478442924994776
11,0.25,653,8.036982441447328e-08,0.1047840972577271,0.1047840360178308,0.5202412812552422,0.10478423563276747
11,0.25,654,2.7105494989639527e-09,0.10478403808417792,0.1047840360178308,0.5196060255285795,0.10478404273586085
11,0.25,655,7.282812477869688e-08,0.10478398052671416,0.1047840360178308,0.5189727095140593,0.10478421692927696
11,0.25,656,1.445168467831648e-07,0.10478392590301122,0.1047840360178308,0.5183413243410467,0.10478439499594511
11,0.25,657,2.107663743690609e-07,0.10478387542420096,0.1047840360178308,0.5177118611929139,0.10478455955225163
11,0.25,658,2.701608469304969e-07,0.1047838301692004,0.1047840360178308,0.5170843113066296,0.1047847070813376
11,0.25,659,3.2148650127063445e-07,0.1047837910628922,0.1047840360178308,0.5164586659723522,0.10478483456839707
11,0.25,660,3.637547147923476e-07,0.10478375885856472,0.1047840360178308,0.5158349165330272,0.10478493955775726
11,0.25,661,3.9621907417211827e-07,0.10478373412490698,0.1047840360178308,0.5152130543839876,0.10478502019544284
11,0.25,662,4.1838623379796393e-07,0.10478371723773795,0.1047840360178308,0.5145930709725584,0.1047850752560188
11,0.25,663,4.300204806302362e-07,0.10478370837653372,0.1047840360178308,0.5139749577976643,0.10478510415404567
11,0.25,664,4.31142076399682e-07,0.1047837075256976,0.1047840360178308,0.5133587064094417,0.10478510693983985
11,0.25,665,4.22019588792267e-07,0.1047837144804118,0.1047840360178308,0.5127443084088528,0.10478508428049531
11,0.25,666,4.031565634451662e-07,0.1047837288568023,0.1047840360178308,0.5121317554473047,0.10478503742680399
11,0.25,667,3.752730102403438e-07,0.10478375010605545,0.1047840360178308,0.511521039226271,0.1047849681671767
11,0.25,668,3.392822876779408e-07,0.10478377753204113,0.1047840360178308,0.510912151496917,0.1047848787702847
11,0.25,669,2.962640613236372e-07,0.10478381031192716,0.1047840360178308,0.5103050840597286,0.10478477191795423
11,0.25,670,2.474340865298311e-07,0.10478384751921294,0.1047840360178308,0.5096998287641437,0.10478465062995886
11,0.25,671,1.9411161967690546e-07,0.10478388814856959,0.1047840360178308,0.5090963775081879,0.10478451818323473
11,0.25,672,1.3768529972465088e-07,0.1047839311418484,0.1047840360178308,0.508494722238113,0.1047843780270523
11,0.25,673,7.957837414956951e-08,0.10478397541460915,0.1047840360178308,0.5078948549480382,0.10478423369687818
11,0.25,674,2.1214678879904355e-08,0.104784019882526,0.1047840360178308,0.5072967676795959,0.10478408873257357
11,0.25,675,3.602039842779414e-08,0.10478406348705009,0.1047840360178308,0.5067004525215784,0.10478412547757573
11,0.25,676,9.07975257075352e-08,0.10478410521974234,0.1047840360178308,0.5061059016095906,0.10478426153541312
11,0.25,677,1.4189123832008764e-07,0.10478414414473776,0.1047840360178308,0.5055131071257032,0.10478438844564977
11,0.25,678,1.8819440815056995e-07,0.1047841794188633,0.1047840360178308,0.5049220612981105,0.10478450345698369
11,0.25,679,2.287445594424893e-07,0.10478421030899791,0.1047840360178308,0.5043327564007904,0.10478460417859946
11,0.25,680,2.6274237632225075e-07,0.10478423620634168,0.1047840360178308,0.5037451847531684,0.10478468862502432
11,0.25,681,2.8956603452974857e-07,0.10478425663734378,0.1047840360178308,0.5031593387197832,0.10478475525172268
11,0.25,682,3.087809492269549e-07,0.10478427127112393,0.1047840360178308,0.5025752107099564,0.10478480297921182
11,0.25,683,3.2014482216915764e-07,0.10478427992330958,0.1047840360178308,0.5019927931774643,0.10478483120565661
11,0.25,684,3.236079995139728e-07,0.10478428255629946,0.1047840360178308,0.5014120786202133,0.10478483980774518
11,0.25,685,3.193092609794706e-07,0.10478427927604629,0.1047840360178308,0.5008330595799179,0.10478482913016136
11,0.25,686,3.0756726864776483e-07,0.10478427032553318,0.1047840360178308,0.5002557286417807,0.10478479996442026
11,0.25,687,2.88867998039262e-07,0.1047842560751897,0.1047840360178308,0.4996800784341767,0.1047847535176603
11,0.25,688,2.638485615415558e-07,0.10478423701056067,0.1047840360178308,0.499106101628339,0.10478469137236393
11,0.25,689,2.3327790779063997e-07,0.10478421371759619,0.1047840360178308,0.498533790938048,0.10478461543851517
11,0.25,690,1.980349403506035e-07,0.10478418686597701,0.1047840360178308,0.49796313911932305,0.10478452789921837
11,0.25,691,1.5908464663783604e-07,0.10478415719092506,0.1047840360178308,0.4973941389701168,0.1047844311513946
11,0.25,692,1.1745285780087568e-07,0.1047841254739715,0.1047840360178308,0.49682678333001234,0.10478432774310657
11,0.25,693,7.420028292067737e-08,0.1047840925231663,0.1047840360178308,0.4962610650799226,0.10478422030917346
11,0.25,694,3.039654869256801e-08,0.10478405915321382,0.1047840360178308,0.49569697714179284,0.10478411150721646
11,0.25,695,1.290757940868851e-08,0.10478402616600503,0.1047840360178308,0.4951345124783051,0.10478406809850863
11,0.25,696,5.469662221724682e-08,0.10478399433199713,0.1047840360178308,0.494573664092586,0.10478417189345328
11,0.25,697,9.402607893630597e-08,0.1047839643728561,0.1047840360178308,0.49401442502791637,0.10478426958269238
11,0.25,698,1.30032517572919e-07,0.10478393694573844,0.1047840360178308,0.49345678836744344,0.10478435901827952
11,0.25,699,1.619558062218439e-07,0.10478391262953779,0.1047840360178308,0.4929007472338961,0.10478443831191085
11,0.25,700,1.8915369141906822e-07,0.1047838919133666,0.1047840360178308,0.4923462947893017,0.10478450586824288
11,0.25,701,2.1111369032489117e-07,0.10478387518748333,0.1047840360178308,0.4917934242347062,0.10478456041432256
11,0.25,702,2.2746160179565025e-07,0.10478386273681145,0.1047840360178308,0.4912421288098958,0.10478460102064176
11,0.25,703,2.3796651163352845e-07,0.10478385473713092,0.1047840360178308,0.4906924017931219,0.10478462711364794
11,0.25,704,2.425422681577982e-07,0.10478385125395875,0.1047840360178308,0.49014423650082745,0.10478463847932251
11,0.25,705,2.4124549192838757e-07,0.10478385224406868,0.1047840360178308,0.4895976262873764,0.10478463525831375
11,0.25,706,2.34270262396722e-07,0.10478385755954191,0.1047840360178308,0.48905256454478496,0.10478461793269109
11,0.25,707,2.2193969910968657e-07,0.10478386695418174,0.1047840360178308,0.4885090447024555,0.10478458730504615
