seed,r_requested,r_actual,n_low,epsilon,K1,K2_gap,cost,direct_cost,cost_over_direct,target_reached,hf_iterations_run,warm_gap,warm_distance,transfer_distance_bound,L1,L2,mu,R1,R2,Delta,K1_continuous,K1_selected,comparison_complete
11,0.050000000000000003,0.050000000000000003,5500,0.001,0,14,14,14,1,1,40,0.046806446546994396,1.0785891330868336,1.0785891330868336,1.1102161353297644,1.0481290031906361,0.01,1.0873419847173953,1.0785891330868336,0.11454137912377643,144.8525489036428,144,1
11,0.050000000000000003,0.050000000000000003,5500,0.001,1,14,14.050000000000001,14,1.0035714285714286,1,40,0.034799894727588931,0.99792018691133411,23.028489239248362,1.1102161353297644,1.0481290031906361,0.01,1.0873419847173953,1.0785891330868336,0.11454137912377643,144.8525489036428,144,1
11,0.050000000000000003,0.050000000000000003,5500,0.001,2,14,14.1,14,1.0071428571428571,1,40,0.027825306264771532,0.9328150159204095,11.57151530918607,1.1102161353297644,1.0481290031906361,0.01,1.0873419847173953,1.0785891330868336,0.11454137912377643,144.8525489036428,144,1
11,0.050000000000000003,0.050000000000000003,5500,0.001,4,13,13.199999999999999,14,0.94285714285714284,1,40,0.016489133253527521,0.79139664838831425,5.8430283441549236,1.1102161353297644,1.0481290031906361,0.01,1.0873419847173953,1.0785891330868336,0.11454137912377643,144.8525489036428,144,1
11,0.050000000000000003,0.050000000000000003,5500,0.001,8,11,11.4,14,0.81428571428571428,1,22,0.0056608203017695091,0.54643624100121102,2.9787848616393497,1.1102161353297644,1.0481290031906361,0.01,1.0873419847173953,1.0785891330868336,0.11454137912377643,144.8525489036428,144,1
11,0.050000000000000003,0.050000000000000003,5500,0.001,16,3,3.7999999999999998,14,0.27142857142857141,1,20,0.0019593387227043735,0.24808699838323092,1.5466631203815631,1.1102161353297644,1.0481290031906361,0.01,1.0873419847173953,1.0785891330868336,0.11454137912377643,144.8525489036428,144,1
11,0.050000000000000003,0.050000000000000003,5500,0.001,31,1,2.5499999999999998,14,0.18214285714285713,1,14,0.0013145458979001434,0.13030837832616113,0.85370098751489221,1.1102161353297644,1.0481290031906361,0.01,1.0873419847173953,1.0785891330868336,0.11454137912377643,144.8525489036428,144,1
11,0.050000000000000003,0.050000000000000003,5500,0.001,32,1,2.6000000000000001,14,0.18571428571428572,1,14,0.0013190464280472547,0.13109128228574643,0.83060224975266972,1.1102161353297644,1.0481290031906361,0.01,1.0873419847173953,1.0785891330868336,0.11454137912377643,144.8525489036428,144,1
11,0.050000000000000003,0.050000000000000003,5500,0.001,33,1,2.6500000000000004,14,0.18928571428571431,1,14,0.0013225921061232881,0.13129508096607431,0.80890343549118815,1.1102161353297644,1.0481290031906361,0.01,1.0873419847173953,1.0785891330868336,0.11454137912377643,144.8525489036428,144,1
11,0.050000000000000003,0.050000000000000003,5500,0.001,63,1,4.1500000000000004,14,0.29642857142857143,1,10,0.0012777334313773814,0.11536188313392157,0.4782548372209921,1.1102161353297644,1.0481290031906361,0.01,1.0873419847173953,1.0785891330868336,0.11454137912377643,144.8525489036428,144,1
11,0.050000000000000003,0.050000000000000003,5500,0.001,64,1,4.2000000000000002,14,0.29999999999999999,1,10,0.0012774170517209082,0.11514741339151945,0.4725718144382231,1.1102161353297644,1.0481290031906361,0.01,1.0873419847173953,1.0785891330868336,0.11454137912377643,144.8525489036428,144,1
11,0.050000000000000003,0.050000000000000003,5500,0.001,65,1,4.25,14,0.30357142857142855,1,10,0.0012770880090838821,0.11497536155382709,0.46706365389492394,1.1102161353297644,1.0481290031906361,0.01,1.0873419847173953,1.0785891330868336,0.11454137912377643,144.8525489036428,144,1
11,0.050000000000000003,0.050000000000000003,5500,0.001,128,1,7.4000000000000004,14,0.52857142857142858,1,10,0.0012746063697707255,0.11456292760061552,0.29355659678099977,1.1102161353297644,1.0481290031906361,0.01,1.0873419847173953,1.0785891330868336,0.11454137912377643,144.8525489036428,144,1
11,0.050000000000000003,0.050000000000000003,5500,0.001,144,1,8.1999999999999993,14,0.58571428571428563,1,10,0.0012742131732260686,0.11452774312518446,0.27366601704130827,1.1102161353297644,1.0481290031906361,0.01,1.0873419847173953,1.0785891330868336,0.11454137912377643,144.8525489036428,144,1
11,0.050000000000000003,0.050000000000000003,5500,0.001,145,1,8.25,14,0.5892857142857143,1,10,0.0012742332605935047,0.11452885328649073,0.27256860574532532,1.1102161353297644,1.0481290031906361,0.01,1.0873419847173953,1.0785891330868336,0.11454137912377643,144.8525489036428,144,1
11,0.050000000000000003,0.050000000000000003,5500,0.001,256,1,13.800000000000001,14,0.98571428571428577,1,10,0.001274483580314012,0.1145429477420913,0.2040489879523881,1.1102161353297644,1.0481290031906361,0.01,1.0873419847173953,1.0785891330868336,0.11454137912377643,144.8525489036428,144,1
11,0.050000000000000003,0.050000000000000003,5500,0.001,257,1,13.850000000000001,14,0.98928571428571443,1,10,0.0012744763840782936,0.114542109051332,0.20370070931881373,1.1102161353297644,1.0481290031906361,0.01,1.0873419847173953,1.0785891330868336,0.11454137912377643,144.8525489036428,144,1
11,0.050000000000000003,0.050000000000000003,5500,0.001,258,1,13.9,14,0.99285714285714288,1,10,0.0012744693109224547,0.11454129832823003,0.20335513051960818,1.1102161353297644,1.0481290031906361,0.01,1.0873419847173953,1.0785891330868336,0.11454137912377643,144.8525489036428,144,1
11,0.050000000000000003,0.050000000000000003,5500,0.001,458,1,23.900000000000002,14,1.7071428571428573,1,10,0.0012744711678891463,0.11454156633070842,0.16457183296684322,1.1102161353297644,1.0481290031906361,0.01,1.0873419847173953,1.0785891330868336,0.11454137912377643,144.8525489036428,144,1
11,0.050000000000000003,0.050000000000000003,5500,0.001,459,1,23.950000000000003,14,1.7107142857142859,1,10,0.0012744711862211489,0.11454156861470068,0.16446283415672761,1.1102161353297644,1.0481290031906361,0.01,1.0873419847173953,1.0785891330868336,0.11454137912377643,144.8525489036428,144,1
11,0.050000000000000003,0.050000000000000003,5500,0.001,512,1,26.600000000000001,14,1.9000000000000001,1,10,0.0012744693596830059,0.11454138580351857,0.15929518353808225,1.1102161353297644,1.0481290031906361,0.01,1.0873419847173953,1.0785891330868336,0.11454137912377643,144.8525489036428,144,1
11,0.050000000000000003,0.050000000000000003,5500,0.0001,0,20,20,20,1,1,40,0.046806446546994396,1.0785891330868336,1.0785891330868336,1.1102161353297644,1.0481290031906361,0.01,1.0873419847173953,1.0785891330868336,0.11454137912377643,257.58830520700411,257,1
11,0.050000000000000003,0.050000000000000003,5500,0.0001,1,20,20.050000000000001,20,1.0024999999999999,1,40,0.034799894727588931,0.99792018691133411,23.028489239248362,1.1102161353297644,1.0481290031906361,0.01,1.0873419847173953,1.0785891330868336,0.11454137912377643,257.58830520700411,257,1
11,0.050000000000000003,0.050000000000000003,5500,0.0001,2,20,20.100000000000001,20,1.0050000000000001,1,40,0.027825306264771532,0.9328150159204095,11.57151530918607,1.1102161353297644,1.0481290031906361,0.01,1.0873419847173953,1.0785891330868336,0.11454137912377643,257.58830520700411,257,1
11,0.050000000000000003,0.050000000000000003,5500,0.0001,4,20,20.199999999999999,20,1.01,1,40,0.016489133253527521,0.79139664838831425,5.8430283441549236,1.1102161353297644,1.0481290031906361,0.01,1.0873419847173953,1.0785891330868336,0.11454137912377643,257.58830520700411,257,1
11,0.050000000000000003,0.050000000000000003,5500,0.0001,8,19,19.399999999999999,20,0.96999999999999997,1,22,0.0056608203017695091,0.54643624100121102,2.9787848616393497,1.1102161353297644,1.0481290031906361,0.01,1.0873419847173953,1.0785891330868336,0.11454137912377643,257.58830520700411,257,1
11,0.050000000000000003,0.050000000000000003,5500,0.0001,16,14,14.800000000000001,20,0.73999999999999999,1,20,0.0019593387227043735,0.24808699838323092,1.5466631203815631,1.1102161353297644,1.0481290031906361,0.01,1.0873419847173953,1.0785891330868336,0.11454137912377643,257.58830520700411,257,1
11,0.050000000000000003,0.050000000000000003,5500,0.0001,31,6,7.5499999999999998,20,0.3775,1,14,0.0013145458979001434,0.13030837832616113,0.85370098751489221,1.1102161353297644,1.0481290031906361,0.01,1.0873419847173953,1.0785891330868336,0.11454137912377643,257.58830520700411,257,1
11,0.050000000000000003,0.050000000000000003,5500,0.0001,32,6,7.5999999999999996,20,0.38,1,14,0.0013190464280472547,0.13109128228574643,0.83060224975266972,1.1102161353297644,1.0481290031906361,0.01,1.0873419847173953,1.0785891330868336,0.11454137912377643,257.58830520700411,257,1
11,0.050000000000000003,0.050000000000000003,5500,0.0001,33,6,7.6500000000000004,20,0.38250000000000001,1,14,0.0013225921061232881,0.13129508096607431,0.80890343549118815,1.1102161353297644,1.0481290031906361,0.01,1.0873419847173953,1.0785891330868336,0.11454137912377643,257.58830520700411,257,1
11,0.050000000000000003,0.050000000000000003,5500,0.0001,63,5,8.1500000000000004,20,0.40750000000000003,1,10,0.0012777334313773814,0.11536188313392157,0.4782548372209921,1.1102161353297644,1.0481290031906361,0.01,1.0873419847173953,1.0785891330868336,0.11454137912377643,257.58830520700411,257,1
11,0.050000000000000003,0.050000000000000003,5500,0.0001,64,5,8.1999999999999993,20,0.40999999999999998,1,10,0.0012774170517209082,0.11514741339151945,0.4725718144382231,1.1102161353297644,1.0481290031906361,0.01,1.0873419847173953,1.0785891330868336,0.11454137912377643,257.58830520700411,257,1
11,0.050000000000000003,0.050000000000000003,5500,0.0001,65,5,8.25,20,0.41249999999999998,1,10,0.0012770880090838821,0.11497536155382709,0.46706365389492394,1.1102161353297644,1.0481290031906361,0.01,1.0873419847173953,1.0785891330868336,0.11454137912377643,257.58830520700411,257,1
11,0.050000000000000003,0.050000000000000003,5500,0.0001,128,5,11.4,20,0.57000000000000006,1,10,0.0012746063697707255,0.11456292760061552,0.29355659678099977,1.1102161353297644,1.0481290031906361,0.01,1.0873419847173953,1.0785891330868336,0.11454137912377643,257.58830520700411,257,1
11,0.050000000000000003,0.050000000000000003,5500,0.0001,144,5,12.199999999999999,20,0.60999999999999999,1,10,0.0012742131732260686,0.11452774312518446,0.27366601704130827,1.1102161353297644,1.0481290031906361,0.01,1.0873419847173953,1.0785891330868336,0.11454137912377643,257.58830520700411,257,1
11,0.050000000000000003,0.050000000000000003,5500,0.0001,145,5,12.25,20,0.61250000000000004,1,10,0.0012742332605935047,0.11452885328649073,0.27256860574532532,1.1102161353297644,1.0481290031906361,0.01,1.0873419847173953,1.0785891330868336,0.11454137912377643,257.58830520700411,257,1
11,0.050000000000000003,0.050000000000000003,5500,0.0001,256,5,17.800000000000001,20,0.89000000000000001,1,10,0.001274483580314012,0.1145429477420913,0.2040489879523881,1.1102161353297644,1.0481290031906361,0.01,1.0873419847173953,1.0785891330868336,0.11454137912377643,257.58830520700411,257,1
11,0.050000000000000003,0.050000000000000003,5500,0.0001,257,5,17.850000000000001,20,0.89250000000000007,1,10,0.0012744763840782936,0.114542109051332,0.20370070931881373,1.1102161353297644,1.0481290031906361,0.01,1.0873419847173953,1.0785891330868336,0.11454137912377643,257.58830520700411,257,1
11,0.050000000000000003,0.050000000000000003,5500,0.0001,258,5,17.899999999999999,20,0.89499999999999991,1,10,0.0012744693109224547,0.11454129832823003,0.20335513051960818,1.1102161353297644,1.0481290031906361,0.01,1.0873419847173953,1.0785891330868336,0.11454137912377643,257.58830520700411,257,1
11,0.050000000000000003,0.050000000000000003,5500,0.0001,458,5,27.900000000000002,20,1.395,1,10,0.0012744711678891463,0.11454156633070842,0.16457183296684322,1.1102161353297644,1.0481290031906361,0.01,1.0873419847173953,1.0785891330868336,0.11454137912377643,257.58830520700411,257,1
11,0.050000000000000003,0.050000000000000003,5500,0.0001,459,5,27.950000000000003,20,1.3975000000000002,1,10,0.0012744711862211489,0.11454156861470068,0.16446283415672761,1.1102161353297644,1.0481290031906361,0.01,1.0873419847173953,1.0785891330868336,0.11454137912377643,257.58830520700411,257,1
11,0.050000000000000003,0.050000000000000003,5500,0.0001,512,5,30.600000000000001,20,1.53,1,10,0.0012744693596830059,0.11454138580351857,0.15929518353808225,1.1102161353297644,1.0481290031906361,0.01,1.0873419847173953,1.0785891330868336,0.11454137912377643,257.58830520700411,257,1
11,0.050000000000000003,0.050000000000000003,5500,1.0000000000000001e-05,0,40,40,40,1,1,40,0.046806446546994396,1.0785891330868336,1.0785891330868336,1.1102161353297644,1.0481290031906361,0.01,1.0873419847173953,1.0785891330868336,0.11454137912377643,458.06397941643729,458,1
11,0.050000000000000003,0.050000000000000003,5500,1.0000000000000001e-05,1,40,40.049999999999997,40,1.00125,1,40,0.034799894727588931,0.99792018691133411,23.028489239248362,1.1102161353297644,1.0481290031906361,0.01,1.0873419847173953,1.0785891330868336,0.11454137912377643,458.06397941643729,458,1
11,0.050000000000000003,0.050000000000000003,5500,1.0000000000000001e-05,2,40,40.100000000000001,40,1.0024999999999999,1,40,0.027825306264771532,0.9328150159204095,11.57151530918607,1.1102161353297644,1.0481290031906361,0.01,1.0873419847173953,1.0785891330868336,0.11454137912377643,458.06397941643729,458,1
11,0.050000000000000003,0.050000000000000003,5500,1.0000000000000001e-05,4,40,40.200000000000003,40,1.0050000000000001,1,40,0.016489133253527521,0.79139664838831425,5.8430283441549236,1.1102161353297644,1.0481290031906361,0.01,1.0873419847173953,1.0785891330868336,0.11454137912377643,458.06397941643729,458,1
11,0.050000000000000003,0.050000000000000003,5500,1.0000000000000001e-05,8,22,22.399999999999999,40,0.55999999999999994,1,22,0.0056608203017695091,0.54643624100121102,2.9787848616393497,1.1102161353297644,1.0481290031906361,0.01,1.0873419847173953,1.0785891330868336,0.11454137912377643,458.06397941643729,458,1
11,0.050000000000000003,0.050000000000000003,5500,1.0000000000000001e-05,16,20,20.800000000000001,40,0.52000000000000002,1,20,0.0019593387227043735,0.24808699838323092,1.5466631203815631,1.1102161353297644,1.0481290031906361,0.01,1.0873419847173953,1.0785891330868336,0.11454137912377643,458.06397941643729,458,1
11,0.050000000000000003,0.050000000000000003,5500,1.0000000000000001e-05,31,14,15.550000000000001,40,0.38875000000000004,1,14,0.0013145458979001434,0.13030837832616113,0.85370098751489221,1.1102161353297644,1.0481290031906361,0.01,1.0873419847173953,1.0785891330868336,0.11454137912377643,458.06397941643729,458,1
11,0.050000000000000003,0.050000000000000003,5500,1.0000000000000001e-05,32,14,15.6,40,0.39000000000000001,1,14,0.0013190464280472547,0.13109128228574643,0.83060224975266972,1.1102161353297644,1.0481290031906361,0.01,1.0873419847173953,1.0785891330868336,0.11454137912377643,458.06397941643729,458,1
11,0.050000000000000003,0.050000000000000003,5500,1.0000000000000001e-05,33,14,15.65,40,0.39124999999999999,1,14,0.0013225921061232881,0.13129508096607431,0.80890343549118815,1.1102161353297644,1.0481290031906361,0.01,1.0873419847173953,1.0785891330868336,0.11454137912377643,458.06397941643729,458,1
11,0.050000000000000003,0.050000000000000003,5500,1.0000000000000001e-05,63,10,13.15,40,0.32874999999999999,1,10,0.0012777334313773814,0.11536188313392157,0.4782548372209921,1.1102161353297644,1.0481290031906361,0.01,1.0873419847173953,1.0785891330868336,0.11454137912377643,458.06397941643729,458,1
11,0.050000000000000003,0.050000000000000003,5500,1.0000000000000001e-05,64,10,13.199999999999999,40,0.32999999999999996,1,10,0.0012774170517209082,0.11514741339151945,0.4725718144382231,1.1102161353297644,1.0481290031906361,0.01,1.0873419847173953,1.0785891330868336,0.11454137912377643,458.06397941643729,458,1
11,0.050000000000000003,0.050000000000000003,5500,1.0000000000000001e-05,65,10,13.25,40,0.33124999999999999,1,10,0.0012770880090838821,0.11497536155382709,0.46706365389492394,1.1102161353297644,1.0481290031906361,0.01,1.0873419847173953,1.0785891330868336,0.11454137912377643,458.06397941643729,458,1
11,0.050000000000000003,0.050000000000000003,5500,1.0000000000000001e-05,128,10,16.399999999999999,40,0.40999999999999998,1,10,0.0012746063697707255,0.11456292760061552,0.29355659678099977,1.1102161353297644,1.0481290031906361,0.01,1.0873419847173953,1.0785891330868336,0.11454137912377643,458.06397941643729,458,1
11,0.050000000000000003,0.050000000000000003,5500,1.0000000000000001e-05,144,10,17.199999999999999,40,0.42999999999999999,1,10,0.0012742131732260686,0.11452774312518446,0.27366601704130827,1.1102161353297644,1.0481290031906361,0.01,1.0873419847173953,1.0785891330868336,0.11454137912377643,458.06397941643729,458,1
11,0.050000000000000003,0.050000000000000003,5500,1.0000000000000001e-05,145,10,17.25,40,0.43125000000000002,1,10,0.0012742332605935047,0.11452885328649073,0.27256860574532532,1.1102161353297644,1.0481290031906361,0.01,1.0873419847173953,1.0785891330868336,0.11454137912377643,458.06397941643729,458,1
11,0.050000000000000003,0.050000000000000003,5500,1.0000000000000001e-05,256,10,22.800000000000001,40,0.57000000000000006,1,10,0.001274483580314012,0.1145429477420913,0.2040489879523881,1.1102161353297644,1.0481290031906361,0.01,1.0873419847173953,1.0785891330868336,0.11454137912377643,458.06397941643729,458,1
11,0.050000000000000003,0.050000000000000003,5500,1.0000000000000001e-05,257,10,22.850000000000001,40,0.57125000000000004,1,10,0.0012744763840782936,0.114542109051332,0.20370070931881373,1.1102161353297644,1.0481290031906361,0.01,1.0873419847173953,1.0785891330868336,0.11454137912377643,458.06397941643729,458,1
11,0.050000000000000003,0.050000000000000003,5500,1.0000000000000001e-05,258,10,22.899999999999999,40,0.57250000000000001,1,10,0.0012744693109224547,0.11454129832823003,0.20335513051960818,1.1102161353297644,1.0481290031906361,0.01,1.0873419847173953,1.0785891330868336,0.11454137912377643,458.06397941643729,458,1
11,0.050000000000000003,0.050000000000000003,5500,1.0000000000000001e-05,458,10,32.900000000000006,40,0.82250000000000012,1,10,0.0012744711678891463,0.11454156633070842,0.16457183296684322,1.1102161353297644,1.0481290031906361,0.01,1.0873419847173953,1.0785891330868336,0.11454137912377643,458.06397941643729,458,1
11,0.050000000000000003,0.050000000000000003,5500,1.0000000000000001e-05,459,10,32.950000000000003,40,0.82375000000000009,1,10,0.0012744711862211489,0.11454156861470068,0.16446283415672761,1.1102161353297644,1.0481290031906361,0.01,1.0873419847173953,1.0785891330868336,0.11454137912377643,458.06397941643729,458,1
11,0.050000000000000003,0.050000000000000003,5500,1.0000000000000001e-05,512,10,35.600000000000001,40,0.89000000000000001,1,10,0.0012744693596830059,0.11454138580351857,0.15929518353808225,1.1102161353297644,1.0481290031906361,0.01,1.0873419847173953,1.0785891330868336,0.11454137912377643,458.06397941643729,458,1
12,0.050000000000000003,0.050000000000000003,5500,0.001,0,14,14,14,1,1,40,0.046806446546994396,1.0785891330868336,1.0785891330868336,1.0634364129648615,1.0481290031906361,0.01,1.0737776571358963,1.0785891330868336,0.20954102300390831,142.40532932527589,142,1
12,0.050000000000000003,0.050000000000000003,5500,0.001,1,14,14.050000000000001,14,1.0035714285714286,1,40,0.033333024433843006,0.99228409822999419,22.355787144891806,1.0634364129648615,1.0481290031906361,0.01,1.0737776571358963,1.0785891330868336,0.20954102300390831,142.40532932527589,142,1
12,0.050000000000000003,0.050000000000000003,5500,0.001,2,14,14.1,14,1.0071428571428571,1,40,0.02639348675277331,0.92661276472952314,11.282664083947857,1.0634364129648615,1.0481290031906361,0.01,1.0737776571358963,1.0785891330868336,0.20954102300390831,142.40532932527589,142,1
12,0.050000000000000003,0.050000000000000003,5500,0.001,4,13,13.199999999999999,14,0.94285714285714284,1,40,0.016122841427839152,0.79046913067899682,5.7461025534758825,1.0634364129648615,1.0481290031906361,0.01,1.0737776571358963,1.0785891330868336,0.20954102300390831,142.40532932527589,142,1
12,0.050000000000000003,0.050000000000000003,5500,0.001,8,12,12.4,14,0.88571428571428579,1,23,0.00708467497119325,0.57401254688339509,2.9778217882398956,1.0634364129648615,1.0481290031906361,0.01,1.0737776571358963,1.0785891330868336,0.20954102300390831,142.40532932527589,142,1
12,0.050000000000000003,0.050000000000000003,5500,0.001,16,5,5.7999999999999998,14,0.41428571428571426,1,21,0.0041100709281129966,0.33063083413959399,1.593681405621902,1.0634364129648615,1.0481290031906361,0.01,1.0737776571358963,1.0785891330868336,0.20954102300390831,142.40532932527589,142,1
12,0.050000000000000003,0.050000000000000003,5500,0.001,31,3,4.5499999999999998,14,0.32500000000000001,1,14,0.0028778979571499885,0.19218966290582823,0.92393605919384048,1.0634364129648615,1.0481290031906361,0.01,1.0737776571358963,1.0785891330868336,0.20954102300390831,142.40532932527589,142,1
12,0.050000000000000003,0.050000000000000003,5500,0.001,32,3,4.5999999999999996,14,0.32857142857142857,1,14,0.0029007826243184764,0.19396812411886433,0.90161121431290514,1.0634364129648615,1.0481290031906361,0.01,1.0737776571358963,1.0785891330868336,0.20954102300390831,142.40532932527589,142,1
12,0.050000000000000003,0.050000000000000003,5500,0.001,33,3,4.6500000000000004,14,0.33214285714285718,1,14,0.0029213722116799845,0.19574053825089788,0.88063939033384464,1.0634364129648615,1.0481290031906361,0.01,1.0737776571358963,1.0785891330868336,0.20954102300390831,142.40532932527589,142,1
12,0.050000000000000003,0.050000000000000003,5500,0.001,64,3,6.2000000000000002,14,0.44285714285714289,1,16,0.0029783679801136387,0.20973577539078697,0.55557611865840673,1.0634364129648615,1.0481290031906361,0.01,1.0737776571358963,1.0785891330868336,0.20954102300390831,142.40532932527589,142,1
12,0.050000000000000003,0.050000000000000003,5500,0.001,128,3,9.4000000000000004,14,0.67142857142857149,1,16,0.0029818325748540708,0.20985983571847527,0.38255857083115752,1.0634364129648615,1.0481290031906361,0.01,1.0737776571358963,1.0785891330868336,0.20954102300390831,142.40532932527589,142,1
12,0.050000000000000003,0.050000000000000003,5500,0.001,142,3,10.100000000000001,14,0.72142857142857153,1,16,0.0029820045762346536,0.20995620248009536,0.36550050273551327,1.0634364129648615,1.0481290031906361,0.01,1.0737776571358963,1.0785891330868336,0.20954102300390831,142.40532932527589,142,1
12,0.050000000000000003,0.050000000000000003,5500,0.001,143,3,10.15,14,0.72499999999999998,1,16,0.0029814453998563417,0.20985373480222699,0.36440987700312438,1.0634364129648615,1.0481290031906361,0.01,1.0737776571358963,1.0785891330868336,0.20954102300390831,142.40532932527589,142,1
12,0.050000000000000003,0.050000000000000003,5500,0.001,253,3,15.65,14,1.1178571428571429,1,16,0.002980199262413219,0.20958816191931462,0.29707559265563915,1.0634364129648615,1.0481290031906361,0.01,1.0737776571358963,1.0785891330868336,0.20954102300390831,142.40532932527589,142,1
12,0.050000000000000003,0.050000000000000003,5500,0.001,254,3,15.700000000000001,14,1.1214285714285714,1,16,0.002980242464097449,0.2095962917807849,0.2967309683656717,1.0634364129648615,1.0481290031906361,0.01,1.0737776571358963,1.0785891330868336,0.20954102300390831,142.40532932527589,142,1
12,0.050000000000000003,0.050000000000000003,5500,0.001,256,3,15.800000000000001,14,1.1285714285714286,1,16,0.0029803027826178496,0.20960761575962625,0.29604979691753291,1.0634364129648615,1.0481290031906361,0.01,1.0737776571358963,1.0785891330868336,0.20954102300390831,142.40532932527589,142,1
12,0.050000000000000003,0.050000000000000003,5500,0.001,450,3,25.5,14,1.8214285714285714,1,16,0.0029799490487862901,0.20953960238246691,0.2587549032747703,1.0634364129648615,1.0481290031906361,0.01,1.0737776571358963,1.0785891330868336,0.20954102300390831,142.40532932527589,142,1
12,0.050000000000000003,0.050000000000000003,5500,0.001,451,3,25.550000000000001,14,1.825,1,16,0.0029799513125400301,0.20954005120636537,0.25864578158902563,1.0634364129648615,1.0481290031906361,0.01,1.0737776571358963,1.0785891330868336,0.20954102300390831,142.40532932527589,142,1
12,0.050000000000000003,0.050000000000000003,5500,0.001,512,3,28.600000000000001,14,2.0428571428571431,1,16,0.0029799585173795329,0.20954147463573769,0.25279540996072059,1.0634364129648615,1.0481290031906361,0.01,1.0737776571358963,1.0785891330868336,0.20954102300390831,142.40532932527589,142,1
12,0.050000000000000003,0.050000000000000003,5500,0.0001,0,20,20,20,1,1,40,0.046806446546994396,1.0785891330868336,1.0785891330868336,1.0634364129648615,1.0481290031906361,0.01,1.0737776571358963,1.0785891330868336,0.20954102300390831,253.23646501895013,254,1
12,0.050000000000000003,0.050000000000000003,5500,0.0001,1,20,20.050000000000001,20,1.0024999999999999,1,40,0.033333024433843006,0.99228409822999419,22.355787144891806,1.0634364129648615,1.0481290031906361,0.01,1.0737776571358963,1.0785891330868336,0.20954102300390831,253.23646501895013,254,1
12,0.050000000000000003,0.050000000000000003,5500,0.0001,2,20,20.100000000000001,20,1.0050000000000001,1,40,0.02639348675277331,0.92661276472952314,11.282664083947857,1.0634364129648615,1.0481290031906361,0.01,1.0737776571358963,1.0785891330868336,0.20954102300390831,253.23646501895013,254,1
12,0.050000000000000003,0.050000000000000003,5500,0.0001,4,20,20.199999999999999,20,1.01,1,40,0.016122841427839152,0.79046913067899682,5.7461025534758825,1.0634364129648615,1.0481290031906361,0.01,1.0737776571358963,1.0785891330868336,0.20954102300390831,253.23646501895013,254,1
12,0.050000000000000003,0.050000000000000003,5500,0.0001,8,19,19.399999999999999,20,0.96999999999999997,1,23,0.00708467497119325,0.57401254688339509,2.9778217882398956,1.0634364129648615,1.0481290031906361,0.01,1.0737776571358963,1.0785891330868336,0.20954102300390831,253.23646501895013,254,1
12,0.050000000000000003,0.050000000000000003,5500,0.0001,16,15,15.800000000000001,20,0.79000000000000004,1,21,0.0041100709281129966,0.33063083413959399,1.593681405621902,1.0634364129648615,1.0481290031906361,0.01,1.0737776571358963,1.0785891330868336,0.20954102300390831,253.23646501895013,254,1
12,0.050000000000000003,0.050000000000000003,5500,0.0001,31,8,9.5500000000000007,20,0.47750000000000004,1,14,0.0028778979571499885,0.19218966290582823,0.92393605919384048,1.0634364129648615,1.0481290031906361,0.01,1.0737776571358963,1.0785891330868336,0.20954102300390831,253.23646501895013,254,1
12,0.050000000000000003,0.050000000000000003,5500,0.0001,32,8,9.5999999999999996,20,0.47999999999999998,1,14,0.0029007826243184764,0.19396812411886433,0.90161121431290514,1.0634364129648615,1.0481290031906361,0.01,1.0737776571358963,1.0785891330868336,0.20954102300390831,253.23646501895013,254,1
12,0.050000000000000003,0.050000000000000003,5500,0.0001,33,8,9.6500000000000004,20,0.48250000000000004,1,14,0.0029213722116799845,0.19574053825089788,0.88063939033384464,1.0634364129648615,1.0481290031906361,0.01,1.0737776571358963,1.0785891330868336,0.20954102300390831,253.23646501895013,254,1
12,0.050000000000000003,0.050000000000000003,5500,0.0001,64,10,13.199999999999999,20,0.65999999999999992,1,16,0.0029783679801136387,0.20973577539078697,0.55557611865840673,1.0634364129648615,1.0481290031906361,0.01,1.0737776571358963,1.0785891330868336,0.20954102300390831,253.23646501895013,254,1
12,0.050000000000000003,0.050000000000000003,5500,0.0001,128,10,16.399999999999999,20,0.81999999999999995,1,16,0.0029818325748540708,0.20985983571847527,0.38255857083115752,1.0634364129648615,1.0481290031906361,0.01,1.0737776571358963,1.0785891330868336,0.20954102300390831,253.23646501895013,254,1
12,0.050000000000000003,0.050000000000000003,5500,0.0001,142,10,17.100000000000001,20,0.85500000000000009,1,16,0.0029820045762346536,0.20995620248009536,0.36550050273551327,1.0634364129648615,1.0481290031906361,0.01,1.0737776571358963,1.0785891330868336,0.20954102300390831,253.23646501895013,254,1
12,0.050000000000000003,0.050000000000000003,5500,0.0001,143,10,17.149999999999999,20,0.85749999999999993,1,16,0.0029814453998563417,0.20985373480222699,0.36440987700312438,1.0634364129648615,1.0481290031906361,0.01,1.0737776571358963,1.0785891330868336,0.20954102300390831,253.23646501895013,254,1
12,0.050000000000000003,0.050000000000000003,5500,0.0001,253,9,21.649999999999999,20,1.0825,1,16,0.002980199262413219,0.20958816191931462,0.29707559265563915,1.0634364129648615,1.0481290031906361,0.01,1.0737776571358963,1.0785891330868336,0.20954102300390831,253.23646501895013,254,1
12,0.050000000000000003,0.050000000000000003,5500,0.0001,254,9,21.700000000000003,20,1.0850000000000002,1,16,0.002980242464097449,0.2095962917807849,0.2967309683656717,1.0634364129648615,1.0481290031906361,0.01,1.0737776571358963,1.0785891330868336,0.20954102300390831,253.23646501895013,254,1
12,0.050000000000000003,0.050000000000000003,5500,0.0001,256,9,21.800000000000001,20,1.0900000000000001,1,16,0.0029803027826178496,0.20960761575962625,0.29604979691753291,1.0634364129648615,1.0481290031906361,0.01,1.0737776571358963,1.0785891330868336,0.20954102300390831,253.23646501895013,254,1
12,0.050000000000000003,0.050000000000000003,5500,0.0001,450,9,31.5,20,1.575,1,16,0.0029799490487862901,0.20953960238246691,0.2587549032747703,1.0634364129648615,1.0481290031906361,0.01,1.0737776571358963,1.0785891330868336,0.20954102300390831,253.23646501895013,254,1
12,0.050000000000000003,0.050000000000000003,5500,0.0001,451,9,31.550000000000001,20,1.5775000000000001,1,16,0.0029799513125400301,0.20954005120636537,0.25864578158902563,1.0634364129648615,1.0481290031906361,0.01,1.0737776571358963,1.0785891330868336,0.20954102300390831,253.23646501895013,254,1
12,0.050000000000000003,0.050000000000000003,5500,0.0001,512,9,34.600000000000001,20,1.73,1,16,0.0029799585173795329,0.20954147463573769,0.25279540996072059,1.0634364129648615,1.0481290031906361,0.01,1.0737776571358963,1.0785891330868336,0.20954102300390831,253.23646501895013,254,1
12,0.050000000000000003,0.050000000000000003,5500,1.0000000000000001e-05,0,40,40,40,1,1,40,0.046806446546994396,1.0785891330868336,1.0785891330868336,1.0634364129648615,1.0481290031906361,0.01,1.0737776571358963,1.0785891330868336,0.20954102300390831,450.32519161424091,450,1
12,0.050000000000000003,0.050000000000000003,5500,1.0000000000000001e-05,1,40,40.049999999999997,40,1.00125,1,40,0.033333024433843006,0.99228409822999419,22.355787144891806,1.0634364129648615,1.0481290031906361,0.01,1.0737776571358963,1.0785891330868336,0.20954102300390831,450.32519161424091,450,1
12,0.050000000000000003,0.050000000000000003,5500,1.0000000000000001e-05,2,40,40.100000000000001,40,1.0024999999999999,1,40,0.02639348675277331,0.92661276472952314,11.282664083947857,1.0634364129648615,1.0481290031906361,0.01,1.0737776571358963,1.0785891330868336,0.20954102300390831,450.32519161424091,450,1
12,0.050000000000000003,0.050000000000000003,5500,1.0000000000000001e-05,4,40,40.200000000000003,40,1.0050000000000001,1,40,0.016122841427839152,0.79046913067899682,5.7461025534758825,1.0634364129648615,1.0481290031906361,0.01,1.0737776571358963,1.0785891330868336,0.20954102300390831,450.32519161424091,450,1
12,0.050000000000000003,0.050000000000000003,5500,1.0000000000000001e-05,8,23,23.399999999999999,40,0.58499999999999996,1,23,0.00708467497119325,0.57401254688339509,2.9778217882398956,1.0634364129648615,1.0481290031906361,0.01,1.0737776571358963,1.0785891330868336,0.20954102300390831,450.32519161424091,450,1
12,0.050000000000000003,0.050000000000000003,5500,1.0000000000000001e-05,16,21,21.800000000000001,40,0.54500000000000004,1,21,0.0041100709281129966,0.33063083413959399,1.593681405621902,1.0634364129648615,1.0481290031906361,0.01,1.0737776571358963,1.0785891330868336,0.20954102300390831,450.32519161424091,450,1
12,0.050000000000000003,0.050000000000000003,5500,1.0000000000000001e-05,31,14,15.550000000000001,40,0.38875000000000004,1,14,0.0028778979571499885,0.19218966290582823,0.92393605919384048,1.0634364129648615,1.0481290031906361,0.01,1.0737776571358963,1.0785891330868336,0.20954102300390831,450.32519161424091,450,1
12,0.050000000000000003,0.050000000000000003,5500,1.0000000000000001e-05,32,14,15.6,40,0.39000000000000001,1,14,0.0029007826243184764,0.19396812411886433,0.90161121431290514,1.0634364129648615,1.0481290031906361,0.01,1.0737776571358963,1.0785891330868336,0.20954102300390831,450.32519161424091,450,1
12,0.050000000000000003,0.050000000000000003,5500,1.0000000000000001e-05,33,14,15.65,40,0.39124999999999999,1,14,0.0029213722116799845,0.19574053825089788,0.88063939033384464,1.0634364129648615,1.0481290031906361,0.01,1.0737776571358963,1.0785891330868336,0.20954102300390831,450.32519161424091,450,1
12,0.050000000000000003,0.050000000000000003,5500,1.0000000000000001e-05,64,16,19.199999999999999,40,0.47999999999999998,1,16,0.0029783679801136387,0.20973577539078697,0.55557611865840673,1.0634364129648615,1.0481290031906361,0.01,1.0737776571358963,1.0785891330868336,0.20954102300390831,450.32519161424091,450,1
12,0.050000000000000003,0.050000000000000003,5500,1.0000000000000001e-05,128,16,22.399999999999999,40,0.55999999999999994,1,16,0.0029818325748540708,0.20985983571847527,0.38255857083115752,1.0634364129648615,1.0481290031906361,0.01,1.0737776571358963,1.0785891330868336,0.20954102300390831,450.32519161424091,450,1
12,0.050000000000000003,0.050000000000000003,5500,1.0000000000000001e-05,142,16,23.100000000000001,40,0.57750000000000001,1,16,0.0029820045762346536,0.20995620248009536,0.36550050273551327,1.0634364129648615,1.0481290031906361,0.01,1.0737776571358963,1.0785891330868336,0.20954102300390831,450.32519161424091,450,1
12,0.050000000000000003,0.050000000000000003,5500,1.0000000000000001e-05,143,16,23.149999999999999,40,0.57874999999999999,1,16,0.0029814453998563417,0.20985373480222699,0.36440987700312438,1.0634364129648615,1.0481290031906361,0.01,1.0737776571358963,1.0785891330868336,0.20954102300390831,450.32519161424091,450,1
12,0.050000000000000003,0.050000000000000003,5500,1.0000000000000001e-05,253,16,28.649999999999999,40,0.71624999999999994,1,16,0.002980199262413219,0.20958816191931462,0.29707559265563915,1.0634364129648615,1.0481290031906361,0.01,1.0737776571358963,1.0785891330868336,0.20954102300390831,450.32519161424091,450,1
12,0.050000000000000003,0.050000000000000003,5500,1.0000000000000001e-05,254,16,28.700000000000003,40,0.71750000000000003,1,16,0.002980242464097449,0.2095962917807849,0.2967309683656717,1.0634364129648615,1.0481290031906361,0.01,1.0737776571358963,1.0785891330868336,0.20954102300390831,450.32519161424091,450,1
12,0.050000000000000003,0.050000000000000003,5500,1.0000000000000001e-05,256,16,28.800000000000001,40,0.71999999999999997,1,16,0.0029803027826178496,0.20960761575962625,0.29604979691753291,1.0634364129648615,1.0481290031906361,0.01,1.0737776571358963,1.0785891330868336,0.20954102300390831,450.32519161424091,450,1
12,0.050000000000000003,0.050000000000000003,5500,1.0000000000000001e-05,450,16,38.5,40,0.96250000000000002,1,16,0.0029799490487862901,0.20953960238246691,0.2587549032747703,1.0634364129648615,1.0481290031906361,0.01,1.0737776571358963,1.0785891330868336,0.20954102300390831,450.32519161424091,450,1
12,0.050000000000000003,0.050000000000000003,5500,1.0000000000000001e-05,451,16,38.549999999999997,40,0.96374999999999988,1,16,0.0029799513125400301,0.20954005120636537,0.25864578158902563,1.0634364129648615,1.0481290031906361,0.01,1.0737776571358963,1.0785891330868336,0.20954102300390831,450.32519161424091,450,1
12,0.050000000000000003,0.050000000000000003,5500,1.0000000000000001e-05,512,16,41.600000000000001,40,1.04,1,16,0.0029799585173795329,0.20954147463573769,0.25279540996072059,1.0634364129648615,1.0481290031906361,0.01,1.0737776571358963,1.0785891330868336,0.20954102300390831,450.32519161424091,450,1
13,0.050000000000000003,0.050000000000000003,5500,0.001,0,14,14,14,1,1,40,0.046806446546994396,1.0785891330868336,1.0785891330868336,1.0526190469445666,1.0481290031906361,0.01,1.0511827592667768,1.0785891330868336,0.2262795843012583,140.53940157528933,140,1
13,0.050000000000000003,0.050000000000000003,5500,0.001,1,14,14.050000000000001,14,1.0035714285714286,1,40,0.03487659909649754,0.9975307683044502,21.795966287109092,1.0526190469445666,1.0481290031906361,0.01,1.0511827592667768,1.0785891330868336,0.2262795843012583,140.53940157528933,140,1
13,0.050000000000000003,0.050000000000000003,5500,0.001,2,14,14.1,14,1.0071428571428571,1,40,0.027907054281483767,0.93246166510423112,11.011122935705174,1.0526190469445666,1.0481290031906361,0.01,1.0511827592667768,1.0785891330868336,0.2262795843012583,140.53940157528933,140,1
13,0.050000000000000003,0.050000000000000003,5500,0.001,4,13,13.199999999999999,14,0.94285714285714284,1,40,0.016832277703520915,0.79340861030306153,5.618701260003216,1.0526190469445666,1.0481290031906361,0.01,1.0511827592667768,1.0785891330868336,0.2262795843012583,140.53940157528933,140,1
13,0.050000000000000003,0.050000000000000003,5500,0.001,8,11,11.4,14,0.81428571428571428,1,23,0.006853011708219503,0.56234041988122319,2.9224904221522374,1.0526190469445666,1.0481290031906361,0.01,1.0511827592667768,1.0785891330868336,0.2262795843012583,140.53940157528933,140,1
13,0.050000000000000003,0.050000000000000003,5500,0.001,16,5,5.7999999999999998,14,0.41428571428571426,1,20,0.00390834471632584,0.30905271589071087,1.5743850032267479,1.0526190469445666,1.0481290031906361,0.01,1.0511827592667768,1.0785891330868336,0.2262795843012583,140.53940157528933,140,1
13,0.050000000000000003,0.050000000000000003,5500,0.001,31,4,5.5499999999999998,14,0.39642857142857141,1,15,0.0031648119726773727,0.22671296971285587,0.92207592955312379,1.0526190469445666,1.0481290031906361,0.01,1.0511827592667768,1.0785891330868336,0.2262795843012583,140.53940157528933,140,1
13,0.050000000000000003,0.050000000000000003,5500,0.001,32,4,5.5999999999999996,14,0.39999999999999997,1,15,0.0031907670722495229,0.22841935532688293,0.90033229376400303,1.0526190469445666,1.0481290031906361,0.01,1.0511827592667768,1.0785891330868336,0.2262795843012583,140.53940157528933,140,1
13,0.050000000000000003,0.050000000000000003,5500,0.001,33,4,5.6500000000000004,14,0.40357142857142858,1,15,0.0032133401656970761,0.2297742713877734,0.8799064540833138,1.0526190469445666,1.0481290031906361,0.01,1.0511827592667768,1.0785891330868336,0.2262795843012583,140.53940157528933,140,1
13,0.050000000000000003,0.050000000000000003,5500,0.001,64,4,7.2000000000000002,14,0.51428571428571435,1,15,0.0031738988891606423,0.22665720321473695,0.56330593903263071,1.0526190469445666,1.0481290031906361,0.01,1.0511827592667768,1.0785891330868336,0.2262795843012583,140.53940157528933,140,1
13,0.050000000000000003,0.050000000000000003,5500,0.001,128,4,10.4,14,0.74285714285714288,1,15,0.003168404472579045,0.22638763130519998,0.39479276166694449,1.0526190469445666,1.0481290031906361,0.01,1.0511827592667768,1.0785891330868336,0.2262795843012583,140.53940157528933,140,1
13,0.050000000000000003,0.050000000000000003,5500,0.001,140,4,11,14,0.7857142857142857,1,15,0.0031683723971651645,0.22639338687455535,0.38034877503559994,1.0526190469445666,1.0481290031906361,0.01,1.0511827592667768,1.0785891330868336,0.2262795843012583,140.53940157528933,140,1
13,0.050000000000000003,0.050000000000000003,5500,0.001,141,4,11.050000000000001,14,0.78928571428571437,1,15,0.003168251008272005,0.22636154027402983,0.37925608573961173,1.0526190469445666,1.0481290031906361,0.01,1.0511827592667768,1.0785891330868336,0.2262795843012583,140.53940157528933,140,1
13,0.050000000000000003,0.050000000000000003,5500,0.001,249,4,16.450000000000003,14,1.1750000000000003,1,15,0.0031682944533586443,0.22628440135860775,0.3129048321036994,1.0526190469445666,1.0481290031906361,0.01,1.0511827592667768,1.0785891330868336,0.2262795843012583,140.53940157528933,140,1
13,0.050000000000000003,0.050000000000000003,5500,0.001,250,4,16.5,14,1.1785714285714286,1,15,0.0031682955280846192,0.22628673836558741,0.31255833111248965,1.0526190469445666,1.0481290031906361,0.01,1.0511827592667768,1.0785891330868336,0.2262795843012583,140.53940157528933,140,1
13,0.050000000000000003,0.050000000000000003,5500,0.001,256,4,16.800000000000001,14,1.2,1,15,0.0031683045613615235,0.22629391561861334,0.31053617298410141,1.0526190469445666,1.0481290031906361,0.01,1.0511827592667768,1.0785891330868336,0.2262795843012583,140.53940157528933,140,1
13,0.050000000000000003,0.050000000000000003,5500,0.001,444,4,26.200000000000003,14,1.8714285714285717,1,15,0.0031683152859441899,0.22627923252848792,0.27485995975803268,1.0526190469445666,1.0481290031906361,0.01,1.0511827592667768,1.0785891330868336,0.2262795843012583,140.53940157528933,140,1
13,0.050000000000000003,0.050000000000000003,5500,0.001,445,4,26.25,14,1.875,1,15,0.003168315091732099,0.2262793026069069,0.27475079037498379,1.0526190469445666,1.0481290031906361,0.01,1.0511827592667768,1.0785891330868336,0.2262795843012583,140.53940157528933,140,1
13,0.050000000000000003,0.050000000000000003,5500,0.001,512,4,29.600000000000001,14,2.1142857142857143,1,15,0.0031683142868916825,0.2262795152147925,0.26840787864267984,1.0526190469445666,1.0481290031906361,0.01,1.0511827592667768,1.0785891330868336,0.2262795843012583,140.53940157528933,140,1
13,0.050000000000000003,0.050000000000000003,5500,0.0001,0,20,20,20,1,1,40,0.046806446546994396,1.0785891330868336,1.0785891330868336,1.0526190469445666,1.0481290031906361,0.01,1.0511827592667768,1.0785891330868336,0.2262795843012583,249.91832412052878,249,1
13,0.050000000000000003,0.050000000000000003,5500,0.0001,1,20,20.050000000000001,20,1.0024999999999999,1,40,0.03487659909649754,0.9975307683044502,21.795966287109092,1.0526190469445666,1.0481290031906361,0.01,1.0511827592667768,1.0785891330868336,0.2262795843012583,249.91832412052878,249,1
13,0.050000000000000003,0.050000000000000003,5500,0.0001,2,20,20.100000000000001,20,1.0050000000000001,1,40,0.027907054281483767,0.93246166510423112,11.011122935705174,1.0526190469445666,1.0481290031906361,0.01,1.0511827592667768,1.0785891330868336,0.2262795843012583,249.91832412052878,249,1
13,0.050000000000000003,0.050000000000000003,5500,0.0001,4,19,19.199999999999999,20,0.95999999999999996,1,40,0.016832277703520915,0.79340861030306153,5.618701260003216,1.0526190469445666,1.0481290031906361,0.01,1.0511827592667768,1.0785891330868336,0.2262795843012583,249.91832412052878,249,1
13,0.050000000000000003,0.050000000000000003,5500,0.0001,8,18,18.399999999999999,20,0.91999999999999993,1,23,0.006853011708219503,0.56234041988122319,2.9224904221522374,1.0526190469445666,1.0481290031906361,0.01,1.0511827592667768,1.0785891330868336,0.2262795843012583,249.91832412052878,249,1
13,0.050000000000000003,0.050000000000000003,5500,0.0001,16,14,14.800000000000001,20,0.73999999999999999,1,20,0.00390834471632584,0.30905271589071087,1.5743850032267479,1.0526190469445666,1.0481290031906361,0.01,1.0511827592667768,1.0785891330868336,0.2262795843012583,249.91832412052878,249,1
13,0.050000000000000003,0.050000000000000003,5500,0.0001,31,10,11.550000000000001,20,0.57750000000000001,1,15,0.0031648119726773727,0.22671296971285587,0.92207592955312379,1.0526190469445666,1.0481290031906361,0.01,1.0511827592667768,1.0785891330868336,0.2262795843012583,249.91832412052878,249,1
13,0.050000000000000003,0.050000000000000003,5500,0.0001,32,10,11.6,20,0.57999999999999996,1,15,0.0031907670722495229,0.22841935532688293,0.90033229376400303,1.0526190469445666,1.0481290031906361,0.01,1.0511827592667768,1.0785891330868336,0.2262795843012583,249.91832412052878,249,1
13,0.050000000000000003,0.050000000000000003,5500,0.0001,33,10,11.65,20,0.58250000000000002,1,15,0.0032133401656970761,0.2297742713877734,0.8799064540833138,1.0526190469445666,1.0481290031906361,0.01,1.0511827592667768,1.0785891330868336,0.2262795843012583,249.91832412052878,249,1
13,0.050000000000000003,0.050000000000000003,5500,0.0001,64,10,13.199999999999999,20,0.65999999999999992,1,15,0.0031738988891606423,0.22665720321473695,0.56330593903263071,1.0526190469445666,1.0481290031906361,0.01,1.0511827592667768,1.0785891330868336,0.2262795843012583,249.91832412052878,249,1
13,0.050000000000000003,0.050000000000000003,5500,0.0001,128,10,16.399999999999999,20,0.81999999999999995,1,15,0.003168404472579045,0.22638763130519998,0.39479276166694449,1.0526190469445666,1.0481290031906361,0.01,1.0511827592667768,1.0785891330868336,0.2262795843012583,249.91832412052878,249,1
13,0.050000000000000003,0.050000000000000003,5500,0.0001,140,10,17,20,0.84999999999999998,1,15,0.0031683723971651645,0.22639338687455535,0.38034877503559994,1.0526190469445666,1.0481290031906361,0.01,1.0511827592667768,1.0785891330868336,0.2262795843012583,249.91832412052878,249,1
13,0.050000000000000003,0.050000000000000003,5500,0.0001,141,10,17.050000000000001,20,0.85250000000000004,1,15,0.003168251008272005,0.22636154027402983,0.37925608573961173,1.0526190469445666,1.0481290031906361,0.01,1.0511827592667768,1.0785891330868336,0.2262795843012583,249.91832412052878,249,1
13,0.050000000000000003,0.050000000000000003,5500,0.0001,249,10,22.450000000000003,20,1.1225000000000001,1,15,0.0031682944533586443,0.22628440135860775,0.3129048321036994,1.0526190469445666,1.0481290031906361,0.01,1.0511827592667768,1.0785891330868336,0.2262795843012583,249.91832412052878,249,1
13,0.050000000000000003,0.050000000000000003,5500,0.0001,250,10,22.5,20,1.125,1,15,0.0031682955280846192,0.22628673836558741,0.31255833111248965,1.0526190469445666,1.0481290031906361,0.01,1.0511827592667768,1.0785891330868336,0.2262795843012583,249.91832412052878,249,1
13,0.050000000000000003,0.050000000000000003,5500,0.0001,256,10,22.800000000000001,20,1.1400000000000001,1,15,0.0031683045613615235,0.22629391561861334,0.31053617298410141,1.0526190469445666,1.0481290031906361,0.01,1.0511827592667768,1.0785891330868336,0.2262795843012583,249.91832412052878,249,1
13,0.050000000000000003,0.050000000000000003,5500,0.0001,444,10,32.200000000000003,20,1.6100000000000001,1,15,0.0031683152859441899,0.22627923252848792,0.27485995975803268,1.0526190469445666,1.0481290031906361,0.01,1.0511827592667768,1.0785891330868336,0.2262795843012583,249.91832412052878,249,1
13,0.050000000000000003,0.050000000000000003,5500,0.0001,445,10,32.25,20,1.6125,1,15,0.003168315091732099,0.2262793026069069,0.27475079037498379,1.0526190469445666,1.0481290031906361,0.01,1.0511827592667768,1.0785891330868336,0.2262795843012583,249.91832412052878,249,1
13,0.050000000000000003,0.050000000000000003,5500,0.0001,512,10,35.600000000000001,20,1.78,1,15,0.0031683142868916825,0.2262795152147925,0.26840787864267984,1.0526190469445666,1.0481290031906361,0.01,1.0511827592667768,1.0785891330868336,0.2262795843012583,249.91832412052878,249,1
13,0.050000000000000003,0.050000000000000003,5500,1.0000000000000001e-05,0,40,40,40,1,1,40,0.046806446546994396,1.0785891330868336,1.0785891330868336,1.0526190469445666,1.0481290031906361,0.01,1.0511827592667768,1.0785891330868336,0.2262795843012583,444.42460997497017,444,1
13,0.050000000000000003,0.050000000000000003,5500,1.0000000000000001e-05,1,40,40.049999999999997,40,1.00125,1,40,0.03487659909649754,0.9975307683044502,21.795966287109092,1.0526190469445666,1.0481290031906361,0.01,1.0511827592667768,1.0785891330868336,0.2262795843012583,444.42460997497017,444,1
13,0.050000000000000003,0.050000000000000003,5500,1.0000000000000001e-05,2,40,40.100000000000001,40,1.0024999999999999,1,40,0.027907054281483767,0.93246166510423112,11.011122935705174,1.0526190469445666,1.0481290031906361,0.01,1.0511827592667768,1.0785891330868336,0.2262795843012583,444.42460997497017,444,1
13,0.050000000000000003,0.050000000000000003,5500,1.0000000000000001e-05,4,40,40.200000000000003,40,1.0050000000000001,1,40,0.016832277703520915,0.79340861030306153,5.618701260003216,1.0526190469445666,1.0481290031906361,0.01,1.0511827592667768,1.0785891330868336,0.2262795843012583,444.42460997497017,444,1
13,0.050000000000000003,0.050000000000000003,5500,1.0000000000000001e-05,8,23,23.399999999999999,40,0.58499999999999996,1,23,0.006853011708219503,0.56234041988122319,2.9224904221522374,1.0526190469445666,1.0481290031906361,0.01,1.0511827592667768,1.0785891330868336,0.2262795843012583,444.42460997497017,444,1
13,0.050000000000000003,0.050000000000000003,5500,1.0000000000000001e-05,16,20,20.800000000000001,40,0.52000000000000002,1,20,0.00390834471632584,0.30905271589071087,1.5743850032267479,1.0526190469445666,1.0481290031906361,0.01,1.0511827592667768,1.0785891330868336,0.2262795843012583,444.42460997497017,444,1
13,0.050000000000000003,0.050000000000000003,5500,1.0000000000000001e-05,31,15,16.550000000000001,40,0.41375000000000001,1,15,0.0031648119726773727,0.22671296971285587,0.92207592955312379,1.0526190469445666,1.0481290031906361,0.01,1.0511827592667768,1.0785891330868336,0.2262795843012583,444.42460997497017,444,1
13,0.050000000000000003,0.050000000000000003,5500,1.0000000000000001e-05,32,15,16.600000000000001,40,0.41500000000000004,1,15,0.0031907670722495229,0.22841935532688293,0.90033229376400303,1.0526190469445666,1.0481290031906361,0.01,1.0511827592667768,1.0785891330868336,0.2262795843012583,444.42460997497017,444,1
13,0.050000000000000003,0.050000000000000003,5500,1.0000000000000001e-05,33,15,16.649999999999999,40,0.41624999999999995,1,15,0.0032133401656970761,0.2297742713877734,0.8799064540833138,1.0526190469445666,1.0481290031906361,0.01,1.0511827592667768,1.0785891330868336,0.2262795843012583,444.42460997497017,444,1
13,0.050000000000000003,0.050000000000000003,5500,1.0000000000000001e-05,64,15,18.199999999999999,40,0.45499999999999996,1,15,0.0031738988891606423,0.22665720321473695,0.56330593903263071,1.0526190469445666,1.0481290031906361,0.01,1.0511827592667768,1.0785891330868336,0.2262795843012583,444.42460997497017,444,1
13,0.050000000000000003,0.050000000000000003,5500,1.0000000000000001e-05,128,15,21.399999999999999,40,0.53499999999999992,1,15,0.003168404472579045,0.22638763130519998,0.39479276166694449,1.0526190469445666,1.0481290031906361,0.01,1.0511827592667768,1.0785891330868336,0.2262795843012583,444.42460997497017,444,1
13,0.050000000000000003,0.050000000000000003,5500,1.0000000000000001e-05,140,15,22,40,0.55000000000000004,1,15,0.0031683723971651645,0.22639338687455535,0.38034877503559994,1.0526190469445666,1.0481290031906361,0.01,1.0511827592667768,1.0785891330868336,0.2262795843012583,444.42460997497017,444,1
13,0.050000000000000003,0.050000000000000003,5500,1.0000000000000001e-05,141,15,22.050000000000001,40,0.55125000000000002,1,15,0.003168251008272005,0.22636154027402983,0.37925608573961173,1.0526190469445666,1.0481290031906361,0.01,1.0511827592667768,1.0785891330868336,0.2262795843012583,444.42460997497017,444,1
13,0.050000000000000003,0.050000000000000003,5500,1.0000000000000001e-05,249,15,27.450000000000003,40,0.68625000000000003,1,15,0.0031682944533586443,0.22628440135860775,0.3129048321036994,1.0526190469445666,1.0481290031906361,0.01,1.0511827592667768,1.0785891330868336,0.2262795843012583,444.42460997497017,444,1
13,0.050000000000000003,0.050000000000000003,5500,1.0000000000000001e-05,250,15,27.5,40,0.6875,1,15,0.0031682955280846192,0.22628673836558741,0.31255833111248965,1.0526190469445666,1.0481290031906361,0.01,1.0511827592667768,1.0785891330868336,0.2262795843012583,444.42460997497017,444,1
13,0.050000000000000003,0.050000000000000003,5500,1.0000000000000001e-05,256,15,27.800000000000001,40,0.69500000000000006,1,15,0.0031683045613615235,0.22629391561861334,0.31053617298410141,1.0526190469445666,1.0481290031906361,0.01,1.0511827592667768,1.0785891330868336,0.2262795843012583,444.42460997497017,444,1
13,0.050000000000000003,0.050000000000000003,5500,1.0000000000000001e-05,444,15,37.200000000000003,40,0.93000000000000005,1,15,0.0031683152859441899,0.22627923252848792,0.27485995975803268,1.0526190469445666,1.0481290031906361,0.01,1.0511827592667768,1.0785891330868336,0.2262795843012583,444.42460997497017,444,1
13,0.050000000000000003,0.050000000000000003,5500,1.0000000000000001e-05,445,15,37.25,40,0.93125000000000002,1,15,0.003168315091732099,0.2262793026069069,0.27475079037498379,1.0526190469445666,1.0481290031906361,0.01,1.0511827592667768,1.0785891330868336,0.2262795843012583,444.42460997497017,444,1
13,0.050000000000000003,0.050000000000000003,5500,1.0000000000000001e-05,512,15,40.600000000000001,40,1.0150000000000001,1,15,0.0031683142868916825,0.2262795152147925,0.26840787864267984,1.0526190469445666,1.0481290031906361,0.01,1.0511827592667768,1.0785891330868336,0.2262795843012583,444.42460997497017,444,1
11,0.14999999999999999,0.14999999999999999,16500,0.001,0,14,14,14,1,1,40,0.046806446546994396,1.0785891330868336,1.0785891330868336,1.0674967824135657,1.0481290031906361,0.01,1.123975082957251,1.0785891330868336,0.11728204106407059,84.197759940575693,85,1
11,0.14999999999999999,0.14999999999999999,16500,0.001,1,14,14.15,14,1.0107142857142857,1,40,0.03430780219042906,0.9944897864720027,23.343043784415762,1.0674967824135657,1.0481290031906361,0.01,1.123975082957251,1.0785891330868336,0.11728204106407059,84.197759940575693,85,1
11,0.14999999999999999,0.14999999999999999,16500,0.001,2,14,14.300000000000001,14,1.0214285714285716,1,40,0.027319036966225396,0.92727966796519379,11.730162912739917,1.0674967824135657,1.0481290031906361,0.01,1.123975082957251,1.0785891330868336,0.11728204106407059,84.197759940575693,85,1
11,0.14999999999999999,0.14999999999999999,16500,0.001,4,13,13.6,14,0.97142857142857142,1,39,0.015983898087655657,0.77990238461236605,5.923722476901994,1.0674967824135657,1.0481290031906361,0.01,1.123975082957251,1.0785891330868336,0.11728204106407059,84.197759940575693,85,1
11,0.14999999999999999,0.14999999999999999,16500,0.001,8,11,12.199999999999999,14,0.87142857142857133,1,22,0.0048759438024046364,0.51599651689316861,3.0205022589830324,1.0674967824135657,1.0481290031906361,0.01,1.123975082957251,1.0785891330868336,0.11728204106407059,84.197759940575693,85,1
11,0.14999999999999999,0.14999999999999999,16500,0.001,15,2,4.25,14,0.30357142857142855,1,20,0.0014617661298735873,0.22299470733449739,1.6656661572875167,1.0674967824135657,1.0481290031906361,0.01,1.123975082957251,1.0785891330868336,0.11728204106407059,84.197759940575693,85,1
11,0.14999999999999999,0.14999999999999999,16500,0.001,16,1,3.3999999999999999,14,0.24285714285714285,1,19,0.0013160511655438967,0.193480179559647,1.5688921500235513,1.0674967824135657,1.0481290031906361,0.01,1.123975082957251,1.0785891330868336,0.11728204106407059,84.197759940575693,85,1
11,0.14999999999999999,0.14999999999999999,16500,0.001,17,1,3.5499999999999998,14,0.25357142857142856,1,18,0.0012013846371610182,0.16792820898379499,1.4835033200847585,1.0674967824135657,1.0481290031906361,0.01,1.123975082957251,1.0785891330868336,0.11728204106407059,84.197759940575693,85,1
11,0.14999999999999999,0.14999999999999999,16500,0.001,32,1,5.7999999999999998,14,0.41428571428571426,1,18,0.0010744209769406599,0.16026491582238139,0.843087095543811,1.0674967824135657,1.0481290031906361,0.01,1.123975082957251,1.0785891330868336,0.11728204106407059,84.197759940575693,85,1
11,0.14999999999999999,0.14999999999999999,16500,0.001,64,0,9.5999999999999996,14,0.68571428571428572,1,13,0.00093361207845887861,0.1168176994921083,0.4801845683039408,1.0674967824135657,1.0481290031906361,0.01,1.123975082957251,1.0785891330868336,0.11728204106407059,84.197759940575693,85,1
11,0.14999999999999999,0.14999999999999999,16500,0.001,84,0,12.6,14,0.90000000000000002,1,13,0.0009375920890504208,0.11836172077382032,0.39377920467540029,1.0674967824135657,1.0481290031906361,0.01,1.123975082957251,1.0785891330868336,0.11728204106407059,84.197759940575693,85,1
11,0.14999999999999999,0.14999999999999999,16500,0.001,85,0,12.75,14,0.9107142857142857,1,13,0.00093583149704912216,0.11775525370974251,0.39052629686820817,1.0674967824135657,1.0481290031906361,0.01,1.123975082957251,1.0785891330868336,0.11728204106407059,84.197759940575693,85,1
11,0.14999999999999999,0.14999999999999999,16500,0.001,128,0,19.199999999999999,14,1.3714285714285714,1,13,0.00093231138116600665,0.11689114228961392,0.29873330468400572,1.0674967824135657,1.0481290031906361,0.01,1.123975082957251,1.0785891330868336,0.11728204106407059,84.197759940575693,85,1
11,0.14999999999999999,0.14999999999999999,16500,0.001,149,0,22.349999999999998,14,1.5964285714285713,1,13,0.00093463376844360457,0.1176251404661826,0.27315963665703497,1.0674967824135657,1.0481290031906361,0.01,1.123975082957251,1.0785891330868336,0.11728204106407059,84.197759940575693,85,1
11,0.14999999999999999,0.14999999999999999,16500,0.001,150,0,22.5,14,1.6071428571428572,1,13,0.00093495859300274375,0.11773473192673996,0.27212045268641522,1.0674967824135657,1.0481290031906361,0.01,1.123975082957251,1.0785891330868336,0.11728204106407059,84.197759940575693,85,1
11,0.14999999999999999,0.14999999999999999,16500,0.001,256,0,38.399999999999999,14,2.7428571428571429,1,13,0.00093324506220060499,0.11718738592837763,0.20800767287403815,1.0674967824135657,1.0481290031906361,0.01,1.123975082957251,1.0785891330868336,0.11728204106407059,84.197759940575693,85,1
11,0.14999999999999999,0.14999999999999999,16500,0.001,266,0,39.899999999999999,14,2.8500000000000001,1,13,0.00093338958736910449,0.11723601768366136,0.20459693483606944,1.0674967824135657,1.0481290031906361,0.01,1.123975082957251,1.0785891330868336,0.11728204106407059,84.197759940575693,85,1
11,0.14999999999999999,0.14999999999999999,16500,0.001,267,0,40.049999999999997,14,2.8607142857142853,1,13,0.00093342935873108601,0.11724921226785762,0.204269912762017,1.0674967824135657,1.0481290031906361,0.01,1.123975082957251,1.0785891330868336,0.11728204106407059,84.197759940575693,85,1
11,0.14999999999999999,0.14999999999999999,16500,0.0001,0,20,20,20,1,1,40,0.046806446546994396,1.0785891330868336,1.0785891330868336,1.0674967824135657,1.0481290031906361,0.01,1.123975082957251,1.0785891330868336,0.11728204106407059,149.7271428737258,149,1
11,0.14999999999999999,0.14999999999999999,16500,0.0001,1,20,20.149999999999999,20,1.0074999999999998,1,40,0.03430780219042906,0.9944897864720027,23.343043784415762,1.0674967824135657,1.0481290031906361,0.01,1.123975082957251,1.0785891330868336,0.11728204106407059,149.7271428737258,149,1
11,0.14999999999999999,0.14999999999999999,16500,0.0001,2,20,20.300000000000001,20,1.0150000000000001,1,40,0.027319036966225396,0.92727966796519379,11.730162912739917,1.0674967824135657,1.0481290031906361,0.01,1.123975082957251,1.0785891330868336,0.11728204106407059,149.7271428737258,149,1
11,0.14999999999999999,0.14999999999999999,16500,0.0001,4,19,19.600000000000001,20,0.98000000000000009,1,39,0.015983898087655657,0.77990238461236605,5.923722476901994,1.0674967824135657,1.0481290031906361,0.01,1.123975082957251,1.0785891330868336,0.11728204106407059,149.7271428737258,149,1
11,0.14999999999999999,0.14999999999999999,16500,0.0001,8,18,19.199999999999999,20,0.95999999999999996,1,22,0.0048759438024046364,0.51599651689316861,3.0205022589830324,1.0674967824135657,1.0481290031906361,0.01,1.123975082957251,1.0785891330868336,0.11728204106407059,149.7271428737258,149,1
11,0.14999999999999999,0.14999999999999999,16500,0.0001,15,13,15.25,20,0.76249999999999996,1,20,0.0014617661298735873,0.22299470733449739,1.6656661572875167,1.0674967824135657,1.0481290031906361,0.01,1.123975082957251,1.0785891330868336,0.11728204106407059,149.7271428737258,149,1
11,0.14999999999999999,0.14999999999999999,16500,0.0001,16,11,13.4,20,0.67000000000000004,1,19,0.0013160511655438967,0.193480179559647,1.5688921500235513,1.0674967824135657,1.0481290031906361,0.01,1.123975082957251,1.0785891330868336,0.11728204106407059,149.7271428737258,149,1
11,0.14999999999999999,0.14999999999999999,16500,0.0001,17,9,11.550000000000001,20,0.57750000000000001,1,18,0.0012013846371610182,0.16792820898379499,1.4835033200847585,1.0674967824135657,1.0481290031906361,0.01,1.123975082957251,1.0785891330868336,0.11728204106407059,149.7271428737258,149,1
11,0.14999999999999999,0.14999999999999999,16500,0.0001,32,9,13.800000000000001,20,0.69000000000000006,1,18,0.0010744209769406599,0.16026491582238139,0.843087095543811,1.0674967824135657,1.0481290031906361,0.01,1.123975082957251,1.0785891330868336,0.11728204106407059,149.7271428737258,149,1
11,0.14999999999999999,0.14999999999999999,16500,0.0001,64,6,15.6,20,0.78000000000000003,1,13,0.00093361207845887861,0.1168176994921083,0.4801845683039408,1.0674967824135657,1.0481290031906361,0.01,1.123975082957251,1.0785891330868336,0.11728204106407059,149.7271428737258,149,1
11,0.14999999999999999,0.14999999999999999,16500,0.0001,84,6,18.600000000000001,20,0.93000000000000005,1,13,0.0009375920890504208,0.11836172077382032,0.39377920467540029,1.0674967824135657,1.0481290031906361,0.01,1.123975082957251,1.0785891330868336,0.11728204106407059,149.7271428737258,149,1
11,0.14999999999999999,0.14999999999999999,16500,0.0001,85,6,18.75,20,0.9375,1,13,0.00093583149704912216,0.11775525370974251,0.39052629686820817,1.0674967824135657,1.0481290031906361,0.01,1.123975082957251,1.0785891330868336,0.11728204106407059,149.7271428737258,149,1
11,0.14999999999999999,0.14999999999999999,16500,0.0001,128,6,25.199999999999999,20,1.26,1,13,0.00093231138116600665,0.11689114228961392,0.29873330468400572,1.0674967824135657,1.0481290031906361,0.01,1.123975082957251,1.0785891330868336,0.11728204106407059,149.7271428737258,149,1
11,0.14999999999999999,0.14999999999999999,16500,0.0001,149,6,28.349999999999998,20,1.4175,1,13,0.00093463376844360457,0.1176251404661826,0.27315963665703497,1.0674967824135657,1.0481290031906361,0.01,1.123975082957251,1.0785891330868336,0.11728204106407059,149.7271428737258,149,1
11,0.14999999999999999,0.14999999999999999,16500,0.0001,150,6,28.5,20,1.425,1,13,0.00093495859300274375,0.11773473192673996,0.27212045268641522,1.0674967824135657,1.0481290031906361,0.01,1.123975082957251,1.0785891330868336,0.11728204106407059,149.7271428737258,149,1
11,0.14999999999999999,0.14999999999999999,16500,0.0001,256,6,44.399999999999999,20,2.2199999999999998,1,13,0.00093324506220060499,0.11718738592837763,0.20800767287403815,1.0674967824135657,1.0481290031906361,0.01,1.123975082957251,1.0785891330868336,0.11728204106407059,149.7271428737258,149,1
11,0.14999999999999999,0.14999999999999999,16500,0.0001,266,6,45.899999999999999,20,2.2949999999999999,1,13,0.00093338958736910449,0.11723601768366136,0.20459693483606944,1.0674967824135657,1.0481290031906361,0.01,1.123975082957251,1.0785891330868336,0.11728204106407059,149.7271428737258,149,1
11,0.14999999999999999,0.14999999999999999,16500,0.0001,267,6,46.049999999999997,20,2.3024999999999998,1,13,0.00093342935873108601,0.11724921226785762,0.204269912762017,1.0674967824135657,1.0481290031906361,0.01,1.123975082957251,1.0785891330868336,0.11728204106407059,149.7271428737258,149,1
11,0.14999999999999999,0.14999999999999999,16500,1.0000000000000001e-05,0,40,40,40,1,1,40,0.046806446546994396,1.0785891330868336,1.0785891330868336,1.0674967824135657,1.0481290031906361,0.01,1.123975082957251,1.0785891330868336,0.11728204106407059,266.25669529630261,266,1
11,0.14999999999999999,0.14999999999999999,16500,1.0000000000000001e-05,1,40,40.149999999999999,40,1.0037499999999999,1,40,0.03430780219042906,0.9944897864720027,23.343043784415762,1.0674967824135657,1.0481290031906361,0.01,1.123975082957251,1.0785891330868336,0.11728204106407059,266.25669529630261,266,1
11,0.14999999999999999,0.14999999999999999,16500,1.0000000000000001e-05,2,40,40.299999999999997,40,1.0074999999999998,1,40,0.027319036966225396,0.92727966796519379,11.730162912739917,1.0674967824135657,1.0481290031906361,0.01,1.123975082957251,1.0785891330868336,0.11728204106407059,266.25669529630261,266,1
11,0.14999999999999999,0.14999999999999999,16500,1.0000000000000001e-05,4,39,39.600000000000001,40,0.98999999999999999,1,39,0.015983898087655657,0.77990238461236605,5.923722476901994,1.0674967824135657,1.0481290031906361,0.01,1.123975082957251,1.0785891330868336,0.11728204106407059,266.25669529630261,266,1
11,0.14999999999999999,0.14999999999999999,16500,1.0000000000000001e-05,8,22,23.199999999999999,40,0.57999999999999996,1,22,0.0048759438024046364,0.51599651689316861,3.0205022589830324,1.0674967824135657,1.0481290031906361,0.01,1.123975082957251,1.0785891330868336,0.11728204106407059,266.25669529630261,266,1
11,0.14999999999999999,0.14999999999999999,16500,1.0000000000000001e-05,15,20,22.25,40,0.55625000000000002,1,20,0.0014617661298735873,0.22299470733449739,1.6656661572875167,1.0674967824135657,1.0481290031906361,0.01,1.123975082957251,1.0785891330868336,0.11728204106407059,266.25669529630261,266,1
11,0.14999999999999999,0.14999999999999999,16500,1.0000000000000001e-05,16,19,21.399999999999999,40,0.53499999999999992,1,19,0.0013160511655438967,0.193480179559647,1.5688921500235513,1.0674967824135657,1.0481290031906361,0.01,1.123975082957251,1.0785891330868336,0.11728204106407059,266.25669529630261,266,1
11,0.14999999999999999,0.14999999999999999,16500,1.0000000000000001e-05,17,18,20.550000000000001,40,0.51375000000000004,1,18,0.0012013846371610182,0.16792820898379499,1.4835033200847585,1.0674967824135657,1.0481290031906361,0.01,1.123975082957251,1.0785891330868336,0.11728204106407059,266.25669529630261,266,1
11,0.14999999999999999,0.14999999999999999,16500,1.0000000000000001e-05,32,18,22.800000000000001,40,0.57000000000000006,1,18,0.0010744209769406599,0.16026491582238139,0.843087095543811,1.0674967824135657,1.0481290031906361,0.01,1.123975082957251,1.0785891330868336,0.11728204106407059,266.25669529630261,266,1
11,0.14999999999999999,0.14999999999999999,16500,1.0000000000000001e-05,64,13,22.600000000000001,40,0.56500000000000006,1,13,0.00093361207845887861,0.1168176994921083,0.4801845683039408,1.0674967824135657,1.0481290031906361,0.01,1.123975082957251,1.0785891330868336,0.11728204106407059,266.25669529630261,266,1
11,0.14999999999999999,0.14999999999999999,16500,1.0000000000000001e-05,84,13,25.600000000000001,40,0.64000000000000001,1,13,0.0009375920890504208,0.11836172077382032,0.39377920467540029,1.0674967824135657,1.0481290031906361,0.01,1.123975082957251,1.0785891330868336,0.11728204106407059,266.25669529630261,266,1
11,0.14999999999999999,0.14999999999999999,16500,1.0000000000000001e-05,85,13,25.75,40,0.64375000000000004,1,13,0.00093583149704912216,0.11775525370974251,0.39052629686820817,1.0674967824135657,1.0481290031906361,0.01,1.123975082957251,1.0785891330868336,0.11728204106407059,266.25669529630261,266,1
11,0.14999999999999999,0.14999999999999999,16500,1.0000000000000001e-05,128,13,32.200000000000003,40,0.80500000000000005,1,13,0.00093231138116600665,0.11689114228961392,0.29873330468400572,1.0674967824135657,1.0481290031906361,0.01,1.123975082957251,1.0785891330868336,0.11728204106407059,266.25669529630261,266,1
11,0.14999999999999999,0.14999999999999999,16500,1.0000000000000001e-05,149,13,35.349999999999994,40,0.88374999999999981,1,13,0.00093463376844360457,0.1176251404661826,0.27315963665703497,1.0674967824135657,1.0481290031906361,0.01,1.123975082957251,1.0785891330868336,0.11728204106407059,266.25669529630261,266,1
11,0.14999999999999999,0.14999999999999999,16500,1.0000000000000001e-05,150,13,35.5,40,0.88749999999999996,1,13,0.00093495859300274375,0.11773473192673996,0.27212045268641522,1.0674967824135657,1.0481290031906361,0.01,1.123975082957251,1.0785891330868336,0.11728204106407059,266.25669529630261,266,1
11,0.14999999999999999,0.14999999999999999,16500,1.0000000000000001e-05,256,13,51.399999999999999,40,1.2849999999999999,1,13,0.00093324506220060499,0.11718738592837763,0.20800767287403815,1.0674967824135657,1.0481290031906361,0.01,1.123975082957251,1.0785891330868336,0.11728204106407059,266.25669529630261,266,1
11,0.14999999999999999,0.14999999999999999,16500,1.0000000000000001e-05,266,13,52.899999999999999,40,1.3225,1,13,0.00093338958736910449,0.11723601768366136,0.20459693483606944,1.0674967824135657,1.0481290031906361,0.01,1.123975082957251,1.0785891330868336,0.11728204106407059,266.25669529630261,266,1
11,0.14999999999999999,0.14999999999999999,16500,1.0000000000000001e-05,267,13,53.049999999999997,40,1.3262499999999999,1,13,0.00093342935873108601,0.11724921226785762,0.204269912762017,1.0674967824135657,1.0481290031906361,0.01,1.123975082957251,1.0785891330868336,0.11728204106407059,266.25669529630261,266,1
12,0.14999999999999999,0.14999999999999999,16500,0.001,0,14,14,14,1,1,40,0.046806446546994396,1.0785891330868336,1.0785891330868336,1.043245858066024,1.0481290031906361,0.01,1.0831198099811379,1.0785891330868336,0.098508904111312551,82.179873553176122,82,1
12,0.14999999999999999,0.14999999999999999,16500,0.001,1,14,14.15,14,1.0107142857142857,1,40,0.033453197259233569,0.9914708719313523,22.224352049897266,1.043245858066024,1.0481290031906361,0.01,1.0831198099811379,1.0785891330868336,0.098508904111312551,82.179873553176122,82,1
12,0.14999999999999999,0.14999999999999999,16500,0.001,2,14,14.300000000000001,14,1.0214285714285716,1,40,0.026300103989767454,0.92331600097542799,11.16143047700429,1.043245858066024,1.0481290031906361,0.01,1.0831198099811379,1.0785891330868336,0.098508904111312551,82.179873553176122,82,1
12,0.14999999999999999,0.14999999999999999,16500,0.001,4,13,13.6,14,0.97142857142857142,1,40,0.015161134362802087,0.77776820699096672,5.6299696905578012,1.043245858066024,1.0481290031906361,0.01,1.0831198099811379,1.0785891330868336,0.098508904111312551,82.179873553176122,82,1
12,0.14999999999999999,0.14999999999999999,16500,0.001,8,11,12.199999999999999,14,0.87142857142857133,1,22,0.0048265201539868796,0.53137980992875733,2.864239297334557,1.043245858066024,1.0481290031906361,0.01,1.0831198099811379,1.0785891330868336,0.098508904111312551,82.179873553176122,82,1
12,0.14999999999999999,0.14999999999999999,16500,0.001,15,3,5.25,14,0.375,1,20,0.00172440492619097,0.26230443329547637,1.5735651138303761,1.043245858066024,1.0481290031906361,0.01,1.0831198099811379,1.0785891330868336,0.098508904111312551,82.179873553176122,82,1
12,0.14999999999999999,0.14999999999999999,16500,0.001,16,2,4.4000000000000004,14,0.31428571428571433,1,20,0.0014971146982449834,0.23075038508173679,1.4813741007229346,1.043245858066024,1.0481290031906361,0.01,1.0831198099811379,1.0785891330868336,0.098508904111312551,82.179873553176122,82,1
12,0.14999999999999999,0.14999999999999999,16500,0.001,17,1,3.5499999999999998,14,0.25357142857142856,1,19,0.0012936557786140668,0.20104505876273129,1.4000290891575451,1.043245858066024,1.0481290031906361,0.01,1.0831198099811379,1.0785891330868336,0.098508904111312551,82.179873553176122,82,1
12,0.14999999999999999,0.14999999999999999,16500,0.001,31,0,4.6499999999999995,14,0.33214285714285713,1,11,0.00077873152245877542,0.10321473667370934,0.8122457797818271,1.043245858066024,1.0481290031906361,0.01,1.0831198099811379,1.0785891330868336,0.098508904111312551,82.179873553176122,82,1
12,0.14999999999999999,0.14999999999999999,16500,0.001,32,0,4.7999999999999998,14,0.34285714285714286,1,11,0.00078732226269673244,0.10418419298444564,0.78994150241712358,1.043245858066024,1.0481290031906361,0.01,1.0831198099811379,1.0785891330868336,0.098508904111312551,82.179873553176122,82,1
12,0.14999999999999999,0.14999999999999999,16500,0.001,33,0,4.9500000000000002,14,0.35357142857142859,1,11,0.00079249771320666351,0.10450581283259823,0.76898899943815957,1.043245858066024,1.0481290031906361,0.01,1.0831198099811379,1.0785891330868336,0.098508904111312551,82.179873553176122,82,1
12,0.14999999999999999,0.14999999999999999,16500,0.001,64,0,9.5999999999999996,14,0.68571428571428572,1,9,0.00076224425441318022,0.098230298637751401,0.4442252032642181,1.043245858066024,1.0481290031906361,0.01,1.0831198099811379,1.0785891330868336,0.098508904111312551,82.179873553176122,82,1
12,0.14999999999999999,0.14999999999999999,16500,0.001,82,0,12.299999999999999,14,0.87857142857142845,1,9,0.00076177925266140978,0.097783792611826209,0.36833625954772664,1.043245858066024,1.0481290031906361,0.01,1.0831198099811379,1.0785891330868336,0.098508904111312551,82.179873553176122,82,1
12,0.14999999999999999,0.14999999999999999,16500,0.001,83,0,12.449999999999999,14,0.88928571428571423,1,9,0.00076202268639657955,0.097967525810292236,0.36508532755451684,1.043245858066024,1.0481290031906361,0.01,1.0831198099811379,1.0785891330868336,0.098508904111312551,82.179873553176122,82,1
12,0.14999999999999999,0.14999999999999999,16500,0.001,128,0,19.199999999999999,14,1.3714285714285714,1,9,0.00076475406054388184,0.098842904326837552,0.27136705368776531,1.043245858066024,1.0481290031906361,0.01,1.0831198099811379,1.0785891330868336,0.098508904111312551,82.179873553176122,82,1
12,0.14999999999999999,0.14999999999999999,16500,0.001,146,0,21.899999999999999,14,1.5642857142857143,1,9,0.00076355678787809467,0.098396802330042762,0.25005577497286019,1.043245858066024,1.0481290031906361,0.01,1.0831198099811379,1.0785891330868336,0.098508904111312551,82.179873553176122,82,1
12,0.14999999999999999,0.14999999999999999,16500,0.001,147,0,22.050000000000001,14,1.575,1,9,0.00076343945238543931,0.098346822421511729,0.24902484387856394,1.043245858066024,1.0481290031906361,0.01,1.0831198099811379,1.0785891330868336,0.098508904111312551,82.179873553176122,82,1
12,0.14999999999999999,0.14999999999999999,16500,0.001,256,0,38.399999999999999,14,2.7428571428571429,1,9,0.00076398464707527758,0.09855094689337307,0.18493797889953895,1.043245858066024,1.0481290031906361,0.01,1.0831198099811379,1.0785891330868336,0.098508904111312551,82.179873553176122,82,1
12,0.14999999999999999,0.14999999999999999,16500,0.001,259,0,38.850000000000001,14,2.7749999999999999,1,9,0.00076396710111403809,0.098543515232493897,0.18393686992515793,1.043245858066024,1.0481290031906361,0.01,1.0831198099811379,1.0785891330868336,0.098508904111312551,82.179873553176122,82,1
12,0.14999999999999999,0.14999999999999999,16500,0.001,260,0,39,14,2.7857142857142856,1,9,0.00076395723486266665,0.098539408319787219,0.18360830082587393,1.043245858066024,1.0481290031906361,0.01,1.0831198099811379,1.0785891330868336,0.098508904111312551,82.179873553176122,82,1
12,0.14999999999999999,0.14999999999999999,16500,0.0001,0,20,20,20,1,1,40,0.046806446546994396,1.0785891330868336,1.0785891330868336,1.043245858066024,1.0481290031906361,0.01,1.0831198099811379,1.0785891330868336,0.098508904111312551,146.13877705921533,146,1
12,0.14999999999999999,0.14999999999999999,16500,0.0001,1,20,20.149999999999999,20,1.0074999999999998,1,40,0.033453197259233569,0.9914708719313523,22.224352049897266,1.043245858066024,1.0481290031906361,0.01,1.0831198099811379,1.0785891330868336,0.098508904111312551,146.13877705921533,146,1
12,0.14999999999999999,0.14999999999999999,16500,0.0001,2,20,20.300000000000001,20,1.0150000000000001,1,40,0.026300103989767454,0.92331600097542799,11.16143047700429,1.043245858066024,1.0481290031906361,0.01,1.0831198099811379,1.0785891330868336,0.098508904111312551,146.13877705921533,146,1
12,0.14999999999999999,0.14999999999999999,16500,0.0001,4,19,19.600000000000001,20,0.98000000000000009,1,40,0.015161134362802087,0.77776820699096672,5.6299696905578012,1.043245858066024,1.0481290031906361,0.01,1.0831198099811379,1.0785891330868336,0.098508904111312551,146.13877705921533,146,1
12,0.14999999999999999,0.14999999999999999,16500,0.0001,8,18,19.199999999999999,20,0.95999999999999996,1,22,0.0048265201539868796,0.53137980992875733,2.864239297334557,1.043245858066024,1.0481290031906361,0.01,1.0831198099811379,1.0785891330868336,0.098508904111312551,146.13877705921533,146,1
12,0.14999999999999999,0.14999999999999999,16500,0.0001,15,15,17.25,20,0.86250000000000004,1,20,0.00172440492619097,0.26230443329547637,1.5735651138303761,1.043245858066024,1.0481290031906361,0.01,1.0831198099811379,1.0785891330868336,0.098508904111312551,146.13877705921533,146,1
12,0.14999999999999999,0.14999999999999999,16500,0.0001,16,13,15.4,20,0.77000000000000002,1,20,0.0014971146982449834,0.23075038508173679,1.4813741007229346,1.043245858066024,1.0481290031906361,0.01,1.0831198099811379,1.0785891330868336,0.098508904111312551,146.13877705921533,146,1
12,0.14999999999999999,0.14999999999999999,16500,0.0001,17,12,14.550000000000001,20,0.72750000000000004,1,19,0.0012936557786140668,0.20104505876273129,1.4000290891575451,1.043245858066024,1.0481290031906361,0.01,1.0831198099811379,1.0785891330868336,0.098508904111312551,146.13877705921533,146,1
12,0.14999999999999999,0.14999999999999999,16500,0.0001,31,5,9.6499999999999986,20,0.48249999999999993,1,11,0.00077873152245877542,0.10321473667370934,0.8122457797818271,1.043245858066024,1.0481290031906361,0.01,1.0831198099811379,1.0785891330868336,0.098508904111312551,146.13877705921533,146,1
12,0.14999999999999999,0.14999999999999999,16500,0.0001,32,5,9.8000000000000007,20,0.49000000000000005,1,11,0.00078732226269673244,0.10418419298444564,0.78994150241712358,1.043245858066024,1.0481290031906361,0.01,1.0831198099811379,1.0785891330868336,0.098508904111312551,146.13877705921533,146,1
12,0.14999999999999999,0.14999999999999999,16500,0.0001,33,5,9.9499999999999993,20,0.49749999999999994,1,11,0.00079249771320666351,0.10450581283259823,0.76898899943815957,1.043245858066024,1.0481290031906361,0.01,1.0831198099811379,1.0785891330868336,0.098508904111312551,146.13877705921533,146,1
12,0.14999999999999999,0.14999999999999999,16500,0.0001,64,5,14.6,20,0.72999999999999998,1,9,0.00076224425441318022,0.098230298637751401,0.4442252032642181,1.043245858066024,1.0481290031906361,0.01,1.0831198099811379,1.0785891330868336,0.098508904111312551,146.13877705921533,146,1
12,0.14999999999999999,0.14999999999999999,16500,0.0001,82,5,17.299999999999997,20,0.86499999999999988,1,9,0.00076177925266140978,0.097783792611826209,0.36833625954772664,1.043245858066024,1.0481290031906361,0.01,1.0831198099811379,1.0785891330868336,0.098508904111312551,146.13877705921533,146,1
12,0.14999999999999999,0.14999999999999999,16500,0.0001,83,5,17.449999999999999,20,0.87249999999999994,1,9,0.00076202268639657955,0.097967525810292236,0.36508532755451684,1.043245858066024,1.0481290031906361,0.01,1.0831198099811379,1.0785891330868336,0.098508904111312551,146.13877705921533,146,1
12,0.14999999999999999,0.14999999999999999,16500,0.0001,128,5,24.199999999999999,20,1.21,1,9,0.00076475406054388184,0.098842904326837552,0.27136705368776531,1.043245858066024,1.0481290031906361,0.01,1.0831198099811379,1.0785891330868336,0.098508904111312551,146.13877705921533,146,1
12,0.14999999999999999,0.14999999999999999,16500,0.0001,146,5,26.899999999999999,20,1.345,1,9,0.00076355678787809467,0.098396802330042762,0.25005577497286019,1.043245858066024,1.0481290031906361,0.01,1.0831198099811379,1.0785891330868336,0.098508904111312551,146.13877705921533,146,1
12,0.14999999999999999,0.14999999999999999,16500,0.0001,147,5,27.050000000000001,20,1.3525,1,9,0.00076343945238543931,0.098346822421511729,0.24902484387856394,1.043245858066024,1.0481290031906361,0.01,1.0831198099811379,1.0785891330868336,0.098508904111312551,146.13877705921533,146,1
12,0.14999999999999999,0.14999999999999999,16500,0.0001,256,5,43.399999999999999,20,2.1699999999999999,1,9,0.00076398464707527758,0.09855094689337307,0.18493797889953895,1.043245858066024,1.0481290031906361,0.01,1.0831198099811379,1.0785891330868336,0.098508904111312551,146.13877705921533,146,1
12,0.14999999999999999,0.14999999999999999,16500,0.0001,259,5,43.850000000000001,20,2.1924999999999999,1,9,0.00076396710111403809,0.098543515232493897,0.18393686992515793,1.043245858066024,1.0481290031906361,0.01,1.0831198099811379,1.0785891330868336,0.098508904111312551,146.13877705921533,146,1
12,0.14999999999999999,0.14999999999999999,16500,0.0001,260,5,44,20,2.2000000000000002,1,9,0.00076395723486266665,0.098539408319787219,0.18360830082587393,1.043245858066024,1.0481290031906361,0.01,1.0831198099811379,1.0785891330868336,0.098508904111312551,146.13877705921533,146,1
12,0.14999999999999999,0.14999999999999999,16500,1.0000000000000001e-05,0,40,40,40,1,1,40,0.046806446546994396,1.0785891330868336,1.0785891330868336,1.043245858066024,1.0481290031906361,0.01,1.0831198099811379,1.0785891330868336,0.098508904111312551,259.87557825267106,259,1
12,0.14999999999999999,0.14999999999999999,16500,1.0000000000000001e-05,1,40,40.149999999999999,40,1.0037499999999999,1,40,0.033453197259233569,0.9914708719313523,22.224352049897266,1.043245858066024,1.0481290031906361,0.01,1.0831198099811379,1.0785891330868336,0.098508904111312551,259.87557825267106,259,1
12,0.14999999999999999,0.14999999999999999,16500,1.0000000000000001e-05,2,40,40.299999999999997,40,1.0074999999999998,1,40,0.026300103989767454,0.92331600097542799,11.16143047700429,1.043245858066024,1.0481290031906361,0.01,1.0831198099811379,1.0785891330868336,0.098508904111312551,259.87557825267106,259,1
12,0.14999999999999999,0.14999999999999999,16500,1.0000000000000001e-05,4,40,40.600000000000001,40,1.0150000000000001,1,40,0.015161134362802087,0.77776820699096672,5.6299696905578012,1.043245858066024,1.0481290031906361,0.01,1.0831198099811379,1.0785891330868336,0.098508904111312551,259.87557825267106,259,1
12,0.14999999999999999,0.14999999999999999,16500,1.0000000000000001e-05,8,22,23.199999999999999,40,0.57999999999999996,1,22,0.0048265201539868796,0.53137980992875733,2.864239297334557,1.043245858066024,1.0481290031906361,0.01,1.0831198099811379,1.0785891330868336,0.098508904111312551,259.87557825267106,259,1
12,0.14999999999999999,0.14999999999999999,16500,1.0000000000000001e-05,15,20,22.25,40,0.55625000000000002,1,20,0.00172440492619097,0.26230443329547637,1.5735651138303761,1.043245858066024,1.0481290031906361,0.01,1.0831198099811379,1.0785891330868336,0.098508904111312551,259.87557825267106,259,1
12,0.14999999999999999,0.14999999999999999,16500,1.0000000000000001e-05,16,20,22.399999999999999,40,0.55999999999999994,1,20,0.0014971146982449834,0.23075038508173679,1.4813741007229346,1.043245858066024,1.0481290031906361,0.01,1.0831198099811379,1.0785891330868336,0.098508904111312551,259.87557825267106,259,1
12,0.14999999999999999,0.14999999999999999,16500,1.0000000000000001e-05,17,19,21.550000000000001,40,0.53875000000000006,1,19,0.0012936557786140668,0.20104505876273129,1.4000290891575451,1.043245858066024,1.0481290031906361,0.01,1.0831198099811379,1.0785891330868336,0.098508904111312551,259.87557825267106,259,1
12,0.14999999999999999,0.14999999999999999,16500,1.0000000000000001e-05,31,11,15.649999999999999,40,0.39124999999999999,1,11,0.00077873152245877542,0.10321473667370934,0.8122457797818271,1.043245858066024,1.0481290031906361,0.01,1.0831198099811379,1.0785891330868336,0.098508904111312551,259.87557825267106,259,1
12,0.14999999999999999,0.14999999999999999,16500,1.0000000000000001e-05,32,11,15.800000000000001,40,0.39500000000000002,1,11,0.00078732226269673244,0.10418419298444564,0.78994150241712358,1.043245858066024,1.0481290031906361,0.01,1.0831198099811379,1.0785891330868336,0.098508904111312551,259.87557825267106,259,1
12,0.14999999999999999,0.14999999999999999,16500,1.0000000000000001e-05,33,11,15.949999999999999,40,0.39874999999999999,1,11,0.00079249771320666351,0.10450581283259823,0.76898899943815957,1.043245858066024,1.0481290031906361,0.01,1.0831198099811379,1.0785891330868336,0.098508904111312551,259.87557825267106,259,1
12,0.14999999999999999,0.14999999999999999,16500,1.0000000000000001e-05,64,9,18.600000000000001,40,0.46500000000000002,1,9,0.00076224425441318022,0.098230298637751401,0.4442252032642181,1.043245858066024,1.0481290031906361,0.01,1.0831198099811379,1.0785891330868336,0.098508904111312551,259.87557825267106,259,1
12,0.14999999999999999,0.14999999999999999,16500,1.0000000000000001e-05,82,9,21.299999999999997,40,0.53249999999999997,1,9,0.00076177925266140978,0.097783792611826209,0.36833625954772664,1.043245858066024,1.0481290031906361,0.01,1.0831198099811379,1.0785891330868336,0.098508904111312551,259.87557825267106,259,1
12,0.14999999999999999,0.14999999999999999,16500,1.0000000000000001e-05,83,9,21.449999999999999,40,0.53625,1,9,0.00076202268639657955,0.097967525810292236,0.36508532755451684,1.043245858066024,1.0481290031906361,0.01,1.0831198099811379,1.0785891330868336,0.098508904111312551,259.87557825267106,259,1
12,0.14999999999999999,0.14999999999999999,16500,1.0000000000000001e-05,128,9,28.199999999999999,40,0.70499999999999996,1,9,0.00076475406054388184,0.098842904326837552,0.27136705368776531,1.043245858066024,1.0481290031906361,0.01,1.0831198099811379,1.0785891330868336,0.098508904111312551,259.87557825267106,259,1
12,0.14999999999999999,0.14999999999999999,16500,1.0000000000000001e-05,146,9,30.899999999999999,40,0.77249999999999996,1,9,0.00076355678787809467,0.098396802330042762,0.25005577497286019,1.043245858066024,1.0481290031906361,0.01,1.0831198099811379,1.0785891330868336,0.098508904111312551,259.87557825267106,259,1
12,0.14999999999999999,0.14999999999999999,16500,1.0000000000000001e-05,147,9,31.050000000000001,40,0.77625,1,9,0.00076343945238543931,0.098346822421511729,0.24902484387856394,1.043245858066024,1.0481290031906361,0.01,1.0831198099811379,1.0785891330868336,0.098508904111312551,259.87557825267106,259,1
12,0.14999999999999999,0.14999999999999999,16500,1.0000000000000001e-05,256,9,47.399999999999999,40,1.1850000000000001,1,9,0.00076398464707527758,0.09855094689337307,0.18493797889953895,1.043245858066024,1.0481290031906361,0.01,1.0831198099811379,1.0785891330868336,0.098508904111312551,259.87557825267106,259,1
12,0.14999999999999999,0.14999999999999999,16500,1.0000000000000001e-05,259,9,47.850000000000001,40,1.19625,1,9,0.00076396710111403809,0.098543515232493897,0.18393686992515793,1.043245858066024,1.0481290031906361,0.01,1.0831198099811379,1.0785891330868336,0.098508904111312551,259.87557825267106,259,1
12,0.14999999999999999,0.14999999999999999,16500,1.0000000000000001e-05,260,9,48,40,1.2,1,9,0.00076395723486266665,0.098539408319787219,0.18360830082587393,1.043245858066024,1.0481290031906361,0.01,1.0831198099811379,1.0785891330868336,0.098508904111312551,259.87557825267106,259,1
13,0.14999999999999999,0.14999999999999999,16500,0.001,0,14,14,14,1,1,40,0.046806446546994396,1.0785891330868336,1.0785891330868336,1.0724940465264021,1.0481290031906361,0.01,1.0987139765789224,1.0785891330868336,0.11908030021715538,83.343473965143545,84,1
13,0.14999999999999999,0.14999999999999999,16500,0.001,1,14,14.15,14,1.0107142857142857,1,40,0.034566657249273325,0.99587902953420726,22.875927310554587,1.0724940465264021,1.0481290031906361,0.01,1.0987139765789224,1.0785891330868336,0.11908030021715538,83.343473965143545,84,1
13,0.14999999999999999,0.14999999999999999,16500,0.001,2,14,14.300000000000001,14,1.0214285714285716,1,40,0.027503521564984812,0.9290360848772371,11.49750380538587,1.0724940465264021,1.0481290031906361,0.01,1.0987139765789224,1.0785891330868336,0.11908030021715538,83.343473965143545,84,1
13,0.14999999999999999,0.14999999999999999,16500,0.001,4,13,13.6,14,0.97142857142857142,1,40,0.015994058589958948,0.78261086980115668,5.8082920528015132,1.0724940465264021,1.0481290031906361,0.01,1.0987139765789224,1.0785891330868336,0.11908030021715538,83.343473965143545,84,1
13,0.14999999999999999,0.14999999999999999,16500,0.001,8,11,12.199999999999999,14,0.87142857142857133,1,22,0.004828582223146638,0.52205139742204554,2.9636861765093343,1.0724940465264021,1.0481290031906361,0.01,1.0987139765789224,1.0785891330868336,0.11908030021715538,83.343473965143545,84,1
13,0.14999999999999999,0.14999999999999999,16500,0.001,15,2,4.25,14,0.30357142857142855,1,20,0.0014493652091711606,0.23442651989657629,1.6362034342396508,1.0724940465264021,1.0481290031906361,0.01,1.0987139765789224,1.0785891330868336,0.11908030021715538,83.343473965143545,84,1
13,0.14999999999999999,0.14999999999999999,16500,0.001,16,1,3.3999999999999999,14,0.24285714285714285,1,19,0.0012859116579986285,0.20428051931456032,1.5413832383632449,1.0724940465264021,1.0481290031906361,0.01,1.0987139765789224,1.0785891330868336,0.11908030021715538,83.343473965143545,84,1
13,0.14999999999999999,0.14999999999999999,16500,0.001,17,1,3.5499999999999998,14,0.25357142857142856,1,18,0.0011496884448960465,0.17730564651123232,1.4577183596487691,1.0724940465264021,1.0481290031906361,0.01,1.0987139765789224,1.0785891330868336,0.11908030021715538,83.343473965143545,84,1
13,0.14999999999999999,0.14999999999999999,16500,0.001,31,0,4.6499999999999995,14,0.33214285714285713,1,17,0.00092243284582371743,0.15263358861869036,0.85317213926029822,1.0724940465264021,1.0481290031906361,0.01,1.0987139765789224,1.0785891330868336,0.11908030021715538,83.343473965143545,84,1
13,0.14999999999999999,0.14999999999999999,16500,0.001,32,0,4.7999999999999998,14,0.34285714285714286,1,17,0.00092810663679554484,0.15324155959483945,0.83023176929020015,1.0724940465264021,1.0481290031906361,0.01,1.0987139765789224,1.0785891330868336,0.11908030021715538,83.343473965143545,84,1
13,0.14999999999999999,0.14999999999999999,16500,0.001,33,0,4.9500000000000002,14,0.35357142857142859,1,17,0.00093108399658003993,0.15289781386540321,0.80868172477283506,1.0724940465264021,1.0481290031906361,0.01,1.0987139765789224,1.0785891330868336,0.11908030021715538,83.343473965143545,84,1
13,0.14999999999999999,0.14999999999999999,16500,0.001,64,0,9.5999999999999996,14,0.68571428571428572,1,12,0.00082605449123318575,0.11852585647303283,0.47465603475367774,1.0724940465264021,1.0481290031906361,0.01,1.0987139765789224,1.0785891330868336,0.11908030021715538,83.343473965143545,84,1
13,0.14999999999999999,0.14999999999999999,16500,0.001,83,0,12.449999999999999,14,0.88928571428571423,1,13,0.00082919777380596749,0.11996606882911182,0.39325917985977504,1.0724940465264021,1.0481290031906361,0.01,1.0987139765789224,1.0785891330868336,0.11908030021715538,83.343473965143545,84,1
13,0.14999999999999999,0.14999999999999999,16500,0.001,84,0,12.6,14,0.90000000000000002,1,12,0.00082741705799405096,0.11939060760274066,0.38999514557831527,1.0724940465264021,1.0481290031906361,0.01,1.0987139765789224,1.0785891330868336,0.11908030021715538,83.343473965143545,84,1
13,0.14999999999999999,0.14999999999999999,16500,0.001,128,0,19.199999999999999,14,1.3714285714285714,1,12,0.00082623529910363924,0.1188060988752066,0.29686816748541656,1.0724940465264021,1.0481290031906361,0.01,1.0987139765789224,1.0785891330868336,0.11908030021715538,83.343473965143545,84,1
13,0.14999999999999999,0.14999999999999999,16500,0.001,148,0,22.199999999999999,14,1.5857142857142856,1,12,0.00082729037870565847,0.11917514691283769,0.27284278001673262,1.0724940465264021,1.0481290031906361,0.01,1.0987139765789224,1.0785891330868336,0.11908030021715538,83.343473965143545,84,1
13,0.14999999999999999,0.14999999999999999,16500,0.001,149,0,22.349999999999998,14,1.5964285714285713,1,12,0.00082757443649905671,0.11926808573795046,0.27181081706505761,1.0724940465264021,1.0481290031906361,0.01,1.0987139765789224,1.0785891330868336,0.11908030021715538,83.343473965143545,84,1
13,0.14999999999999999,0.14999999999999999,16500,0.001,256,0,38.399999999999999,14,2.7428571428571429,1,12,0.00082686746935334288,0.11900936874083409,0.20797423385128597,1.0724940465264021,1.0481290031906361,0.01,1.0987139765789224,1.0785891330868336,0.11908030021715538,83.343473965143545,84,1
13,0.14999999999999999,0.14999999999999999,16500,0.001,263,0,39.449999999999996,14,2.8178571428571426,1,12,0.00082690003824770208,0.11902001199076617,0.20560823561767794,1.0724940465264021,1.0481290031906361,0.01,1.0987139765789224,1.0785891330868336,0.11908030021715538,83.343473965143545,84,1
13,0.14999999999999999,0.14999999999999999,16500,0.001,264,0,39.600000000000001,14,2.8285714285714287,1,12,0.00082692241181658854,0.11902743265758371,0.20528047828661533,1.0724940465264021,1.0481290031906361,0.01,1.0987139765789224,1.0785891330868336,0.11908030021715538,83.343473965143545,84,1
13,0.14999999999999999,0.14999999999999999,16500,0.0001,0,20,20,20,1,1,40,0.046806446546994396,1.0785891330868336,1.0785891330868336,1.0724940465264021,1.0481290031906361,0.01,1.0987139765789224,1.0785891330868336,0.11908030021715538,148.20798371332981,148,1
13,0.14999999999999999,0.14999999999999999,16500,0.0001,1,20,20.149999999999999,20,1.0074999999999998,1,40,0.034566657249273325,0.99587902953420726,22.875927310554587,1.0724940465264021,1.0481290031906361,0.01,1.0987139765789224,1.0785891330868336,0.11908030021715538,148.20798371332981,148,1
13,0.14999999999999999,0.14999999999999999,16500,0.0001,2,20,20.300000000000001,20,1.0150000000000001,1,40,0.027503521564984812,0.9290360848772371,11.49750380538587,1.0724940465264021,1.0481290031906361,0.01,1.0987139765789224,1.0785891330868336,0.11908030021715538,148.20798371332981,148,1
13,0.14999999999999999,0.14999999999999999,16500,0.0001,4,19,19.600000000000001,20,0.98000000000000009,1,40,0.015994058589958948,0.78261086980115668,5.8082920528015132,1.0724940465264021,1.0481290031906361,0.01,1.0987139765789224,1.0785891330868336,0.11908030021715538,148.20798371332981,148,1
13,0.14999999999999999,0.14999999999999999,16500,0.0001,8,18,19.199999999999999,20,0.95999999999999996,1,22,0.004828582223146638,0.52205139742204554,2.9636861765093343,1.0724940465264021,1.0481290031906361,0.01,1.0987139765789224,1.0785891330868336,0.11908030021715538,148.20798371332981,148,1
13,0.14999999999999999,0.14999999999999999,16500,0.0001,15,13,15.25,20,0.76249999999999996,1,20,0.0014493652091711606,0.23442651989657629,1.6362034342396508,1.0724940465264021,1.0481290031906361,0.01,1.0987139765789224,1.0785891330868336,0.11908030021715538,148.20798371332981,148,1
13,0.14999999999999999,0.14999999999999999,16500,0.0001,16,12,14.4,20,0.71999999999999997,1,19,0.0012859116579986285,0.20428051931456032,1.5413832383632449,1.0724940465264021,1.0481290031906361,0.01,1.0987139765789224,1.0785891330868336,0.11908030021715538,148.20798371332981,148,1
13,0.14999999999999999,0.14999999999999999,16500,0.0001,17,10,12.550000000000001,20,0.62750000000000006,1,18,0.0011496884448960465,0.17730564651123232,1.4577183596487691,1.0724940465264021,1.0481290031906361,0.01,1.0987139765789224,1.0785891330868336,0.11908030021715538,148.20798371332981,148,1
13,0.14999999999999999,0.14999999999999999,16500,0.0001,31,9,13.649999999999999,20,0.68249999999999988,1,17,0.00092243284582371743,0.15263358861869036,0.85317213926029822,1.0724940465264021,1.0481290031906361,0.01,1.0987139765789224,1.0785891330868336,0.11908030021715538,148.20798371332981,148,1
13,0.14999999999999999,0.14999999999999999,16500,0.0001,32,9,13.800000000000001,20,0.69000000000000006,1,17,0.00092810663679554484,0.15324155959483945,0.83023176929020015,1.0724940465264021,1.0481290031906361,0.01,1.0987139765789224,1.0785891330868336,0.11908030021715538,148.20798371332981,148,1
13,0.14999999999999999,0.14999999999999999,16500,0.0001,33,9,13.949999999999999,20,0.69750000000000001,1,17,0.00093108399658003993,0.15289781386540321,0.80868172477283506,1.0724940465264021,1.0481290031906361,0.01,1.0987139765789224,1.0785891330868336,0.11908030021715538,148.20798371332981,148,1
13,0.14999999999999999,0.14999999999999999,16500,0.0001,64,6,15.6,20,0.78000000000000003,1,12,0.00082605449123318575,0.11852585647303283,0.47465603475367774,1.0724940465264021,1.0481290031906361,0.01,1.0987139765789224,1.0785891330868336,0.11908030021715538,148.20798371332981,148,1
13,0.14999999999999999,0.14999999999999999,16500,0.0001,83,6,18.449999999999999,20,0.92249999999999999,1,13,0.00082919777380596749,0.11996606882911182,0.39325917985977504,1.0724940465264021,1.0481290031906361,0.01,1.0987139765789224,1.0785891330868336,0.11908030021715538,148.20798371332981,148,1
13,0.14999999999999999,0.14999999999999999,16500,0.0001,84,6,18.600000000000001,20,0.93000000000000005,1,12,0.00082741705799405096,0.11939060760274066,0.38999514557831527,1.0724940465264021,1.0481290031906361,0.01,1.0987139765789224,1.0785891330868336,0.11908030021715538,148.20798371332981,148,1
13,0.14999999999999999,0.14999999999999999,16500,0.0001,128,6,25.199999999999999,20,1.26,1,12,0.00082623529910363924,0.1188060988752066,0.29686816748541656,1.0724940465264021,1.0481290031906361,0.01,1.0987139765789224,1.0785891330868336,0.11908030021715538,148.20798371332981,148,1
13,0.14999999999999999,0.14999999999999999,16500,0.0001,148,6,28.199999999999999,20,1.4099999999999999,1,12,0.00082729037870565847,0.11917514691283769,0.27284278001673262,1.0724940465264021,1.0481290031906361,0.01,1.0987139765789224,1.0785891330868336,0.11908030021715538,148.20798371332981,148,1
13,0.14999999999999999,0.14999999999999999,16500,0.0001,149,6,28.349999999999998,20,1.4175,1,12,0.00082757443649905671,0.11926808573795046,0.27181081706505761,1.0724940465264021,1.0481290031906361,0.01,1.0987139765789224,1.0785891330868336,0.11908030021715538,148.20798371332981,148,1
13,0.14999999999999999,0.14999999999999999,16500,0.0001,256,6,44.399999999999999,20,2.2199999999999998,1,12,0.00082686746935334288,0.11900936874083409,0.20797423385128597,1.0724940465264021,1.0481290031906361,0.01,1.0987139765789224,1.0785891330868336,0.11908030021715538,148.20798371332981,148,1
13,0.14999999999999999,0.14999999999999999,16500,0.0001,263,6,45.449999999999996,20,2.2725,1,12,0.00082690003824770208,0.11902001199076617,0.20560823561767794,1.0724940465264021,1.0481290031906361,0.01,1.0987139765789224,1.0785891330868336,0.11908030021715538,148.20798371332981,148,1
13,0.14999999999999999,0.14999999999999999,16500,0.0001,264,6,45.600000000000001,20,2.2800000000000002,1,12,0.00082692241181658854,0.11902743265758371,0.20528047828661533,1.0724940465264021,1.0481290031906361,0.01,1.0987139765789224,1.0785891330868336,0.11908030021715538,148.20798371332981,148,1
13,0.14999999999999999,0.14999999999999999,16500,1.0000000000000001e-05,0,40,40,40,1,1,40,0.046806446546994396,1.0785891330868336,1.0785891330868336,1.0724940465264021,1.0481290031906361,0.01,1.0987139765789224,1.0785891330868336,0.11908030021715538,263.55520584079835,264,1
13,0.14999999999999999,0.14999999999999999,16500,1.0000000000000001e-05,1,40,40.149999999999999,40,1.0037499999999999,1,40,0.034566657249273325,0.99587902953420726,22.875927310554587,1.0724940465264021,1.0481290031906361,0.01,1.0987139765789224,1.0785891330868336,0.11908030021715538,263.55520584079835,264,1
13,0.14999999999999999,0.14999999999999999,16500,1.0000000000000001e-05,2,40,40.299999999999997,40,1.0074999999999998,1,40,0.027503521564984812,0.9290360848772371,11.49750380538587,1.0724940465264021,1.0481290031906361,0.01,1.0987139765789224,1.0785891330868336,0.11908030021715538,263.55520584079835,264,1
13,0.14999999999999999,0.14999999999999999,16500,1.0000000000000001e-05,4,40,40.600000000000001,40,1.0150000000000001,1,40,0.015994058589958948,0.78261086980115668,5.8082920528015132,1.0724940465264021,1.0481290031906361,0.01,1.0987139765789224,1.0785891330868336,0.11908030021715538,263.55520584079835,264,1
13,0.14999999999999999,0.14999999999999999,16500,1.0000000000000001e-05,8,22,23.199999999999999,40,0.57999999999999996,1,22,0.004828582223146638,0.52205139742204554,2.9636861765093343,1.0724940465264021,1.0481290031906361,0.01,1.0987139765789224,1.0785891330868336,0.11908030021715538,263.55520584079835,264,1
13,0.14999999999999999,0.14999999999999999,16500,1.0000000000000001e-05,15,20,22.25,40,0.55625000000000002,1,20,0.0014493652091711606,0.23442651989657629,1.6362034342396508,1.0724940465264021,1.0481290031906361,0.01,1.0987139765789224,1.0785891330868336,0.11908030021715538,263.55520584079835,264,1
13,0.14999999999999999,0.14999999999999999,16500,1.0000000000000001e-05,16,19,21.399999999999999,40,0.53499999999999992,1,19,0.0012859116579986285,0.20428051931456032,1.5413832383632449,1.0724940465264021,1.0481290031906361,0.01,1.0987139765789224,1.0785891330868336,0.11908030021715538,263.55520584079835,264,1
13,0.14999999999999999,0.14999999999999999,16500,1.0000000000000001e-05,17,18,20.550000000000001,40,0.51375000000000004,1,18,0.0011496884448960465,0.17730564651123232,1.4577183596487691,1.0724940465264021,1.0481290031906361,0.01,1.0987139765789224,1.0785891330868336,0.11908030021715538,263.55520584079835,264,1
13,0.14999999999999999,0.14999999999999999,16500,1.0000000000000001e-05,31,17,21.649999999999999,40,0.54125000000000001,1,17,0.00092243284582371743,0.15263358861869036,0.85317213926029822,1.0724940465264021,1.0481290031906361,0.01,1.0987139765789224,1.0785891330868336,0.11908030021715538,263.55520584079835,264,1
13,0.14999999999999999,0.14999999999999999,16500,1.0000000000000001e-05,32,17,21.800000000000001,40,0.54500000000000004,1,17,0.00092810663679554484,0.15324155959483945,0.83023176929020015,1.0724940465264021,1.0481290031906361,0.01,1.0987139765789224,1.0785891330868336,0.11908030021715538,263.55520584079835,264,1
13,0.14999999999999999,0.14999999999999999,16500,1.0000000000000001e-05,33,17,21.949999999999999,40,0.54874999999999996,1,17,0.00093108399658003993,0.15289781386540321,0.80868172477283506,1.0724940465264021,1.0481290031906361,0.01,1.0987139765789224,1.0785891330868336,0.11908030021715538,263.55520584079835,264,1
13,0.14999999999999999,0.14999999999999999,16500,1.0000000000000001e-05,64,12,21.600000000000001,40,0.54000000000000004,1,12,0.00082605449123318575,0.11852585647303283,0.47465603475367774,1.0724940465264021,1.0481290031906361,0.01,1.0987139765789224,1.0785891330868336,0.11908030021715538,263.55520584079835,264,1
13,0.14999999999999999,0.14999999999999999,16500,1.0000000000000001e-05,83,13,25.449999999999999,40,0.63624999999999998,1,13,0.00082919777380596749,0.11996606882911182,0.39325917985977504,1.0724940465264021,1.0481290031906361,0.01,1.0987139765789224,1.0785891330868336,0.11908030021715538,263.55520584079835,264,1
13,0.14999999999999999,0.14999999999999999,16500,1.0000000000000001e-05,84,12,24.600000000000001,40,0.61499999999999999,1,12,0.00082741705799405096,0.11939060760274066,0.38999514557831527,1.0724940465264021,1.0481290031906361,0.01,1.0987139765789224,1.0785891330868336,0.11908030021715538,263.55520584079835,264,1
13,0.14999999999999999,0.14999999999999999,16500,1.0000000000000001e-05,128,12,31.199999999999999,40,0.78000000000000003,1,12,0.00082623529910363924,0.1188060988752066,0.29686816748541656,1.0724940465264021,1.0481290031906361,0.01,1.0987139765789224,1.0785891330868336,0.11908030021715538,263.55520584079835,264,1
13,0.14999999999999999,0.14999999999999999,16500,1.0000000000000001e-05,148,12,34.200000000000003,40,0.85500000000000009,1,12,0.00082729037870565847,0.11917514691283769,0.27284278001673262,1.0724940465264021,1.0481290031906361,0.01,1.0987139765789224,1.0785891330868336,0.11908030021715538,263.55520584079835,264,1
13,0.14999999999999999,0.14999999999999999,16500,1.0000000000000001e-05,149,12,34.349999999999994,40,0.8587499999999999,1,12,0.00082757443649905671,0.11926808573795046,0.27181081706505761,1.0724940465264021,1.0481290031906361,0.01,1.0987139765789224,1.0785891330868336,0.11908030021715538,263.55520584079835,264,1
13,0.14999999999999999,0.14999999999999999,16500,1.0000000000000001e-05,256,12,50.399999999999999,40,1.26,1,12,0.00082686746935334288,0.11900936874083409,0.20797423385128597,1.0724940465264021,1.0481290031906361,0.01,1.0987139765789224,1.0785891330868336,0.11908030021715538,263.55520584079835,264,1
13,0.14999999999999999,0.14999999999999999,16500,1.0000000000000001e-05,263,12,51.449999999999996,40,1.2862499999999999,1,12,0.00082690003824770208,0.11902001199076617,0.20560823561767794,1.0724940465264021,1.0481290031906361,0.01,1.0987139765789224,1.0785891330868336,0.11908030021715538,263.55520584079835,264,1
13,0.14999999999999999,0.14999999999999999,16500,1.0000000000000001e-05,264,12,51.600000000000001,40,1.29,1,12,0.00082692241181658854,0.11902743265758371,0.20528047828661533,1.0724940465264021,1.0481290031906361,0.01,1.0987139765789224,1.0785891330868336,0.11908030021715538,263.55520584079835,264,1
11,0.25,0.25,27500,0.001,0,14,14,14,1,1,40,0.046806446546994396,1.0785891330868336,1.0785891330868336,1.0486273113374767,1.0481290031906361,0.01,1.1319238916307419,1.0785891330868336,0.1047840360178308,65.158350515439352,66,1
11,0.25,0.25,27500,0.001,1,14,14.25,14,1.0178571428571428,1,40,0.034233243942550229,0.9936075691055859,23.287152522340875,1.0486273113374767,1.0481290031906361,0.01,1.1319238916307419,1.0785891330868336,0.1047840360178308,65.158350515439352,66,1
11,0.25,0.25,27500,0.001,2,14,14.5,14,1.0357142857142858,1,40,0.027148905794771361,0.92539817794936119,11.695968279179354,1.0486273113374767,1.0481290031906361,0.01,1.1319238916307419,1.0785891330868336,0.1047840360178308,65.158350515439352,66,1
11,0.25,0.25,27500,0.001,4,13,14,14,1,1,39,0.015659729137552314,0.77537518392684335,5.9003761575985925,1.0486273113374767,1.0481290031906361,0.01,1.1319238916307419,1.0785891330868336,0.1047840360178308,65.158350515439352,66,1
11,0.25,0.25,27500,0.001,8,11,13,14,0.9285714285714286,1,22,0.0044759520322754653,0.50353607018110291,3.0025800968082117,1.0486273113374767,1.0481290031906361,0.01,1.1319238916307419,1.0785891330868336,0.1047840360178308,65.158350515439352,66,1
11,0.25,0.25,27500,0.001,15,0,3.75,14,0.26785714285714285,1,19,0.00090323112387924454,0.18396095279255659,1.6502752684393671,1.0486273113374767,1.0481290031906361,0.01,1.1319238916307419,1.0785891330868336,0.1047840360178308,65.158350515439352,66,1
11,0.25,0.25,27500,0.001,16,0,4,14,0.2857142857142857,1,18,0.00075783889142733152,0.14989838126481489,1.5536820664130211,1.0486273113374767,1.0481290031906361,0.01,1.1319238916307419,1.0785891330868336,0.1047840360178308,65.158350515439352,66,1
11,0.25,0.25,27500,0.001,17,0,4.25,14,0.30357142857142855,1,16,0.00065293393780285758,0.12026949315062346,1.4684527705074217,1.0486273113374767,1.0481290031906361,0.01,1.1319238916307419,1.0785891330868336,0.1047840360178308,65.158350515439352,66,1
11,0.25,0.25,27500,0.001,32,0,8,14,0.5714285714285714,1,19,0.00076559959943500733,0.16518671987265912,0.82923305121542601,1.0486273113374767,1.0481290031906361,0.01,1.1319238916307419,1.0785891330868336,0.1047840360178308,65.158350515439352,66,1
11,0.25,0.25,27500,0.001,64,0,16,14,1.1428571428571428,1,15,0.00056622337062395278,0.10434764659010663,0.46700854361662841,1.0486273113374767,1.0481290031906361,0.01,1.1319238916307419,1.0785891330868336,0.1047840360178308,65.158350515439352,66,1
11,0.25,0.25,27500,0.001,65,0,16.25,14,1.1607142857142858,1,15,0.00057110714996444489,0.10633948161146857,0.46143585888433925,1.0486273113374767,1.0481290031906361,0.01,1.1319238916307419,1.0785891330868336,0.1047840360178308,65.158350515439352,66,1
11,0.25,0.25,27500,0.001,66,0,16.5,14,1.1785714285714286,1,16,0.00057578061853691409,0.10819721819802179,0.45603204338636183,1.0486273113374767,1.0481290031906361,0.01,1.1319238916307419,1.0785891330868336,0.1047840360178308,65.158350515439352,66,1
11,0.25,0.25,27500,0.001,115,0,28.75,14,2.0535714285714284,1,16,0.00057597006339604739,0.10804687671081008,0.30636984894237901,1.0486273113374767,1.0481290031906361,0.01,1.1319238916307419,1.0785891330868336,0.1047840360178308,65.158350515439352,66,1
11,0.25,0.25,27500,0.001,116,0,29,14,2.0714285714285716,1,16,0.00057571534936062818,0.10794588527142727,0.30463204021027085,1.0486273113374767,1.0481290031906361,0.01,1.1319238916307419,1.0785891330868336,0.1047840360178308,65.158350515439352,66,1
11,0.25,0.25,27500,0.001,128,0,32,14,2.2857142857142856,1,15,0.00056468366325401753,0.10383816488304656,0.28589628981722959,1.0486273113374767,1.0481290031906361,0.01,1.1319238916307419,1.0785891330868336,0.1047840360178308,65.158350515439352,66,1
11,0.25,0.25,27500,0.001,206,0,51.5,14,3.6785714285714284,1,15,0.00056732373007517545,0.10483411193215597,0.21731980536891354,1.0486273113374767,1.0481290031906361,0.01,1.1319238916307419,1.0785891330868336,0.1047840360178308,65.158350515439352,66,1
11,0.25,0.25,27500,0.001,207,0,51.75,14,3.6964285714285716,1,15,0.0005671424751525489,0.10476495480089526,0.21677615430924649,1.0486273113374767,1.0481290031906361,0.01,1.1319238916307419,1.0785891330868336,0.1047840360178308,65.158350515439352,66,1
11,0.25,0.25,27500,0.0001,0,20,20,20,1,1,40,0.046806446546994396,1.0785891330868336,1.0785891330868336,1.0486273113374767,1.0481290031906361,0.01,1.1319238916307419,1.0785891330868336,0.1047840360178308,115.86975311370483,115,1
11,0.25,0.25,27500,0.0001,1,20,20.25,20,1.0125,1,40,0.034233243942550229,0.9936075691055859,23.287152522340875,1.0486273113374767,1.0481290031906361,0.01,1.1319238916307419,1.0785891330868336,0.1047840360178308,115.86975311370483,115,1
11,0.25,0.25,27500,0.0001,2,20,20.5,20,1.0249999999999999,1,40,0.027148905794771361,0.92539817794936119,11.695968279179354,1.0486273113374767,1.0481290031906361,0.01,1.1319238916307419,1.0785891330868336,0.1047840360178308,115.86975311370483,115,1
11,0.25,0.25,27500,0.0001,4,19,20,20,1,1,39,0.015659729137552314,0.77537518392684335,5.9003761575985925,1.0486273113374767,1.0481290031906361,0.01,1.1319238916307419,1.0785891330868336,0.1047840360178308,115.86975311370483,115,1
11,0.25,0.25,27500,0.0001,8,18,20,20,1,1,22,0.0044759520322754653,0.50353607018110291,3.0025800968082117,1.0486273113374767,1.0481290031906361,0.01,1.1319238916307419,1.0785891330868336,0.1047840360178308,115.86975311370483,115,1
11,0.25,0.25,27500,0.0001,15,12,15.75,20,0.78749999999999998,1,19,0.00090323112387924454,0.18396095279255659,1.6502752684393671,1.0486273113374767,1.0481290031906361,0.01,1.1319238916307419,1.0785891330868336,0.1047840360178308,115.86975311370483,115,1
11,0.25,0.25,27500,0.0001,16,9,13,20,0.65000000000000002,1,18,0.00075783889142733152,0.14989838126481489,1.5536820664130211,1.0486273113374767,1.0481290031906361,0.01,1.1319238916307419,1.0785891330868336,0.1047840360178308,115.86975311370483,115,1
11,0.25,0.25,27500,0.0001,17,6,10.25,20,0.51249999999999996,1,16,0.00065293393780285758,0.12026949315062346,1.4684527705074217,1.0486273113374767,1.0481290031906361,0.01,1.1319238916307419,1.0785891330868336,0.1047840360178308,115.86975311370483,115,1
11,0.25,0.25,27500,0.0001,32,11,19,20,0.94999999999999996,1,19,0.00076559959943500733,0.16518671987265912,0.82923305121542601,1.0486273113374767,1.0481290031906361,0.01,1.1319238916307419,1.0785891330868336,0.1047840360178308,115.86975311370483,115,1
11,0.25,0.25,27500,0.0001,64,5,21,20,1.05,1,15,0.00056622337062395278,0.10434764659010663,0.46700854361662841,1.0486273113374767,1.0481290031906361,0.01,1.1319238916307419,1.0785891330868336,0.1047840360178308,115.86975311370483,115,1
11,0.25,0.25,27500,0.0001,65,5,21.25,20,1.0625,1,15,0.00057110714996444489,0.10633948161146857,0.46143585888433925,1.0486273113374767,1.0481290031906361,0.01,1.1319238916307419,1.0785891330868336,0.1047840360178308,115.86975311370483,115,1
11,0.25,0.25,27500,0.0001,66,5,21.5,20,1.075,1,16,0.00057578061853691409,0.10819721819802179,0.45603204338636183,1.0486273113374767,1.0481290031906361,0.01,1.1319238916307419,1.0785891330868336,0.1047840360178308,115.86975311370483,115,1
11,0.25,0.25,27500,0.0001,115,5,33.75,20,1.6875,1,16,0.00057597006339604739,0.10804687671081008,0.30636984894237901,1.0486273113374767,1.0481290031906361,0.01,1.1319238916307419,1.0785891330868336,0.1047840360178308,115.86975311370483,115,1
11,0.25,0.25,27500,0.0001,116,5,34,20,1.7,1,16,0.00057571534936062818,0.10794588527142727,0.30463204021027085,1.0486273113374767,1.0481290031906361,0.01,1.1319238916307419,1.0785891330868336,0.1047840360178308,115.86975311370483,115,1
11,0.25,0.25,27500,0.0001,128,5,37,20,1.8500000000000001,1,15,0.00056468366325401753,0.10383816488304656,0.28589628981722959,1.0486273113374767,1.0481290031906361,0.01,1.1319238916307419,1.0785891330868336,0.1047840360178308,115.86975311370483,115,1
11,0.25,0.25,27500,0.0001,206,5,56.5,20,2.8250000000000002,1,15,0.00056732373007517545,0.10483411193215597,0.21731980536891354,1.0486273113374767,1.0481290031906361,0.01,1.1319238916307419,1.0785891330868336,0.1047840360178308,115.86975311370483,115,1
11,0.25,0.25,27500,0.0001,207,5,56.75,20,2.8374999999999999,1,15,0.0005671424751525489,0.10476495480089526,0.21677615430924649,1.0486273113374767,1.0481290031906361,0.01,1.1319238916307419,1.0785891330868336,0.1047840360178308,115.86975311370483,115,1
11,0.25,0.25,27500,1.0000000000000001e-05,0,40,40,40,1,1,40,0.046806446546994396,1.0785891330868336,1.0785891330868336,1.0486273113374767,1.0481290031906361,0.01,1.1319238916307419,1.0785891330868336,0.1047840360178308,206.04879620839469,206,1
11,0.25,0.25,27500,1.0000000000000001e-05,1,40,40.25,40,1.0062500000000001,1,40,0.034233243942550229,0.9936075691055859,23.287152522340875,1.0486273113374767,1.0481290031906361,0.01,1.1319238916307419,1.0785891330868336,0.1047840360178308,206.04879620839469,206,1
11,0.25,0.25,27500,1.0000000000000001e-05,2,40,40.5,40,1.0125,1,40,0.027148905794771361,0.92539817794936119,11.695968279179354,1.0486273113374767,1.0481290031906361,0.01,1.1319238916307419,1.0785891330868336,0.1047840360178308,206.04879620839469,206,1
11,0.25,0.25,27500,1.0000000000000001e-05,4,39,40,40,1,1,39,0.015659729137552314,0.77537518392684335,5.9003761575985925,1.0486273113374767,1.0481290031906361,0.01,1.1319238916307419,1.0785891330868336,0.1047840360178308,206.04879620839469,206,1
11,0.25,0.25,27500,1.0000000000000001e-05,8,22,24,40,0.59999999999999998,1,22,0.0044759520322754653,0.50353607018110291,3.0025800968082117,1.0486273113374767,1.0481290031906361,0.01,1.1319238916307419,1.0785891330868336,0.1047840360178308,206.04879620839469,206,1
11,0.25,0.25,27500,1.0000000000000001e-05,15,19,22.75,40,0.56874999999999998,1,19,0.00090323112387924454,0.18396095279255659,1.6502752684393671,1.0486273113374767,1.0481290031906361,0.01,1.1319238916307419,1.0785891330868336,0.1047840360178308,206.04879620839469,206,1
11,0.25,0.25,27500,1.0000000000000001e-05,16,18,22,40,0.55000000000000004,1,18,0.00075783889142733152,0.14989838126481489,1.5536820664130211,1.0486273113374767,1.0481290031906361,0.01,1.1319238916307419,1.0785891330868336,0.1047840360178308,206.04879620839469,206,1
11,0.25,0.25,27500,1.0000000000000001e-05,17,16,20.25,40,0.50624999999999998,1,16,0.00065293393780285758,0.12026949315062346,1.4684527705074217,1.0486273113374767,1.0481290031906361,0.01,1.1319238916307419,1.0785891330868336,0.1047840360178308,206.04879620839469,206,1
11,0.25,0.25,27500,1.0000000000000001e-05,32,19,27,40,0.67500000000000004,1,19,0.00076559959943500733,0.16518671987265912,0.82923305121542601,1.0486273113374767,1.0481290031906361,0.01,1.1319238916307419,1.0785891330868336,0.1047840360178308,206.04879620839469,206,1
11,0.25,0.25,27500,1.0000000000000001e-05,64,15,31,40,0.77500000000000002,1,15,0.00056622337062395278,0.10434764659010663,0.46700854361662841,1.0486273113374767,1.0481290031906361,0.01,1.1319238916307419,1.0785891330868336,0.1047840360178308,206.04879620839469,206,1
11,0.25,0.25,27500,1.0000000000000001e-05,65,15,31.25,40,0.78125,1,15,0.00057110714996444489,0.10633948161146857,0.46143585888433925,1.0486273113374767,1.0481290031906361,0.01,1.1319238916307419,1.0785891330868336,0.1047840360178308,206.04879620839469,206,1
11,0.25,0.25,27500,1.0000000000000001e-05,66,16,32.5,40,0.8125,1,16,0.00057578061853691409,0.10819721819802179,0.45603204338636183,1.0486273113374767,1.0481290031906361,0.01,1.1319238916307419,1.0785891330868336,0.1047840360178308,206.04879620839469,206,1
11,0.25,0.25,27500,1.0000000000000001e-05,115,16,44.75,40,1.1187499999999999,1,16,0.00057597006339604739,0.10804687671081008,0.30636984894237901,1.0486273113374767,1.0481290031906361,0.01,1.1319238916307419,1.0785891330868336,0.1047840360178308,206.04879620839469,206,1
11,0.25,0.25,27500,1.0000000000000001e-05,116,16,45,40,1.125,1,16,0.00057571534936062818,0.10794588527142727,0.30463204021027085,1.0486273113374767,1.0481290031906361,0.01,1.1319238916307419,1.0785891330868336,0.1047840360178308,206.04879620839469,206,1
11,0.25,0.25,27500,1.0000000000000001e-05,128,15,47,40,1.175,1,15,0.00056468366325401753,0.10383816488304656,0.28589628981722959,1.0486273113374767,1.0481290031906361,0.01,1.1319238916307419,1.0785891330868336,0.1047840360178308,206.04879620839469,206,1
11,0.25,0.25,27500,1.0000000000000001e-05,206,15,66.5,40,1.6625000000000001,1,15,0.00056732373007517545,0.10483411193215597,0.21731980536891354,1.0486273113374767,1.0481290031906361,0.01,1.1319238916307419,1.0785891330868336,0.1047840360178308,206.04879620839469,206,1
11,0.25,0.25,27500,1.0000000000000001e-05,207,15,66.75,40,1.66875,1,15,0.0005671424751525489,0.10476495480089526,0.21677615430924649,1.0486273113374767,1.0481290031906361,0.01,1.1319238916307419,1.0785891330868336,0.1047840360178308,206.04879620839469,206,1
12,0.25,0.25,27500,0.001,0,14,14,14,1,1,40,0.046806446546994396,1.0785891330868336,1.0785891330868336,1.0497569001954734,1.0481290031906361,0.01,1.0585196101439969,1.0785891330868336,0.07801881648937925,63.027171230564555,63,1
12,0.25,0.25,27500,0.001,1,14,14.25,14,1.0178571428571428,1,40,0.033652859587762429,0.9928945819698004,21.76870408726959,1.0497569001954734,1.0481290031906361,0.01,1.0585196101439969,1.0785891330868336,0.07801881648937925,63.027171230564555,63,1
12,0.25,0.25,27500,0.001,2,14,14.5,14,1.0357142857142858,1,40,0.026524287220845544,0.92569681217774247,10.923361451879485,1.0497569001954734,1.0481290031906361,0.01,1.0585196101439969,1.0785891330868336,0.07801881648937925,63.027171230564555,63,1
12,0.25,0.25,27500,0.001,4,13,14,14,1,1,40,0.015324492209032536,0.78176707133065348,5.5006901341844321,1.0497569001954734,1.0481290031906361,0.01,1.0585196101439969,1.0785891330868336,0.07801881648937925,63.027171230564555,63,1
12,0.25,0.25,27500,0.001,8,11,13,14,0.9285714285714286,1,22,0.0046746216703026366,0.53505310085404378,2.7893544753369057,1.0497569001954734,1.0481290031906361,0.01,1.0585196101439969,1.0785891330868336,0.07801881648937925,63.027171230564555,63,1
12,0.25,0.25,27500,0.001,15,2,5.75,14,0.4107142857142857,1,20,0.0012778834377367154,0.26419392659823682,1.52406450120806,1.0497569001954734,1.0481290031906361,0.01,1.0585196101439969,1.0785891330868336,0.07801881648937925,63.027171230564555,63,1
12,0.25,0.25,27500,0.001,16,1,5,14,0.35714285714285715,1,20,0.001067097614237511,0.23312815024478514,1.4336866459131423,1.0497569001954734,1.0481290031906361,0.01,1.0585196101439969,1.0785891330868336,0.07801881648937925,63.027171230564555,63,1
12,0.25,0.25,27500,0.001,17,0,4.25,14,0.30357142857142855,1,20,0.00088374286971593108,0.20384949037477007,1.3539414794764504,1.0497569001954734,1.0481290031906361,0.01,1.0585196101439969,1.0785891330868336,0.07801881648937925,63.027171230564555,63,1
12,0.25,0.25,27500,0.001,31,0,7.75,14,0.5535714285714286,1,7,0.00031670413360329608,0.061663513698579586,0.77771834135325701,1.0497569001954734,1.0481290031906361,0.01,1.0585196101439969,1.0785891330868336,0.07801881648937925,63.027171230564555,63,1
12,0.25,0.25,27500,0.001,32,0,8,14,0.5714285714285714,1,7,0.00031891507339343317,0.061773474539350837,0.75585273120126084,1.0497569001954734,1.0481290031906361,0.01,1.0585196101439969,1.0785891330868336,0.07801881648937925,63.027171230564555,63,1
12,0.25,0.25,27500,0.001,33,0,8.25,14,0.5892857142857143,1,7,0.0003206460702748215,0.06181152072379871,0.73531230954332505,1.0497569001954734,1.0481290031906361,0.01,1.0585196101439969,1.0785891330868336,0.07801881648937925,63.027171230564555,63,1
12,0.25,0.25,27500,0.001,63,0,15.75,14,1.125,1,12,0.00034809140430924757,0.079338896197631847,0.42231540808906515,1.0497569001954734,1.0481290031906361,0.01,1.0585196101439969,1.0785891330868336,0.07801881648937925,63.027171230564555,63,1
12,0.25,0.25,27500,0.001,64,0,16,14,1.1428571428571428,1,11,0.00034491197562436238,0.077811221189100416,0.41693577384532005,1.0497569001954734,1.0481290031906361,0.01,1.0585196101439969,1.0785891330868336,0.07801881648937925,63.027171230564555,63,1
12,0.25,0.25,27500,0.001,112,0,28,14,2,1,11,0.00034154630571203715,0.075944619513964556,0.27168564926420258,1.0497569001954734,1.0481290031906361,0.01,1.0585196101439969,1.0785891330868336,0.07801881648937925,63.027171230564555,63,1
12,0.25,0.25,27500,0.001,113,0,28.25,14,2.0178571428571428,1,11,0.00034144129091473463,0.075889609054587179,0.26997178348743422,1.0497569001954734,1.0481290031906361,0.01,1.0585196101439969,1.0785891330868336,0.07801881648937925,63.027171230564555,63,1
12,0.25,0.25,27500,0.001,128,0,32,14,2.2857142857142856,1,12,0.00034718253684951073,0.078783711019072597,0.24747729516734965,1.0497569001954734,1.0481290031906361,0.01,1.0585196101439969,1.0785891330868336,0.07801881648937925,63.027171230564555,63,1
12,0.25,0.25,27500,0.001,199,0,49.75,14,3.5535714285714284,1,11,0.0003450621968213996,0.077724429223046815,0.18701723493551098,1.0497569001954734,1.0481290031906361,0.01,1.0585196101439969,1.0785891330868336,0.07801881648937925,63.027171230564555,63,1
12,0.25,0.25,27500,0.001,200,0,50,14,3.5714285714285716,1,11,0.00034513270018610154,0.077759912236527673,0.18647224284328029,1.0497569001954734,1.0481290031906361,0.01,1.0585196101439969,1.0785891330868336,0.07801881648937925,63.027171230564555,63,1
12,0.25,0.25,27500,0.0001,0,20,20,20,1,1,40,0.046806446546994396,1.0785891330868336,1.0785891330868336,1.0497569001954734,1.0481290031906361,0.01,1.0585196101439969,1.0785891330868336,0.07801881648937925,112.0799208723105,112,1
12,0.25,0.25,27500,0.0001,1,20,20.25,20,1.0125,1,40,0.033652859587762429,0.9928945819698004,21.76870408726959,1.0497569001954734,1.0481290031906361,0.01,1.0585196101439969,1.0785891330868336,0.07801881648937925,112.0799208723105,112,1
12,0.25,0.25,27500,0.0001,2,20,20.5,20,1.0249999999999999,1,40,0.026524287220845544,0.92569681217774247,10.923361451879485,1.0497569001954734,1.0481290031906361,0.01,1.0585196101439969,1.0785891330868336,0.07801881648937925,112.0799208723105,112,1
12,0.25,0.25,27500,0.0001,4,20,21,20,1.05,1,40,0.015324492209032536,0.78176707133065348,5.5006901341844321,1.0497569001954734,1.0481290031906361,0.01,1.0585196101439969,1.0785891330868336,0.07801881648937925,112.0799208723105,112,1
12,0.25,0.25,27500,0.0001,8,19,21,20,1.05,1,22,0.0046746216703026366,0.53505310085404378,2.7893544753369057,1.0497569001954734,1.0481290031906361,0.01,1.0585196101439969,1.0785891330868336,0.07801881648937925,112.0799208723105,112,1
12,0.25,0.25,27500,0.0001,15,15,18.75,20,0.9375,1,20,0.0012778834377367154,0.26419392659823682,1.52406450120806,1.0497569001954734,1.0481290031906361,0.01,1.0585196101439969,1.0785891330868336,0.07801881648937925,112.0799208723105,112,1
12,0.25,0.25,27500,0.0001,16,14,18,20,0.90000000000000002,1,20,0.001067097614237511,0.23312815024478514,1.4336866459131423,1.0497569001954734,1.0481290031906361,0.01,1.0585196101439969,1.0785891330868336,0.07801881648937925,112.0799208723105,112,1
12,0.25,0.25,27500,0.0001,17,13,17.25,20,0.86250000000000004,1,20,0.00088374286971593108,0.20384949037477007,1.3539414794764504,1.0497569001954734,1.0481290031906361,0.01,1.0585196101439969,1.0785891330868336,0.07801881648937925,112.0799208723105,112,1
12,0.25,0.25,27500,0.0001,31,3,10.75,20,0.53749999999999998,1,7,0.00031670413360329608,0.061663513698579586,0.77771834135325701,1.0497569001954734,1.0481290031906361,0.01,1.0585196101439969,1.0785891330868336,0.07801881648937925,112.0799208723105,112,1
12,0.25,0.25,27500,0.0001,32,3,11,20,0.55000000000000004,1,7,0.00031891507339343317,0.061773474539350837,0.75585273120126084,1.0497569001954734,1.0481290031906361,0.01,1.0585196101439969,1.0785891330868336,0.07801881648937925,112.0799208723105,112,1
12,0.25,0.25,27500,0.0001,33,3,11.25,20,0.5625,1,7,0.0003206460702748215,0.06181152072379871,0.73531230954332505,1.0497569001954734,1.0481290031906361,0.01,1.0585196101439969,1.0785891330868336,0.07801881648937925,112.0799208723105,112,1
12,0.25,0.25,27500,0.0001,63,4,19.75,20,0.98750000000000004,1,12,0.00034809140430924757,0.079338896197631847,0.42231540808906515,1.0497569001954734,1.0481290031906361,0.01,1.0585196101439969,1.0785891330868336,0.07801881648937925,112.0799208723105,112,1
12,0.25,0.25,27500,0.0001,64,4,20,20,1,1,11,0.00034491197562436238,0.077811221189100416,0.41693577384532005,1.0497569001954734,1.0481290031906361,0.01,1.0585196101439969,1.0785891330868336,0.07801881648937925,112.0799208723105,112,1
12,0.25,0.25,27500,0.0001,112,4,32,20,1.6000000000000001,1,11,0.00034154630571203715,0.075944619513964556,0.27168564926420258,1.0497569001954734,1.0481290031906361,0.01,1.0585196101439969,1.0785891330868336,0.07801881648937925,112.0799208723105,112,1
12,0.25,0.25,27500,0.0001,113,4,32.25,20,1.6125,1,11,0.00034144129091473463,0.075889609054587179,0.26997178348743422,1.0497569001954734,1.0481290031906361,0.01,1.0585196101439969,1.0785891330868336,0.07801881648937925,112.0799208723105,112,1
12,0.25,0.25,27500,0.0001,128,4,36,20,1.8,1,12,0.00034718253684951073,0.078783711019072597,0.24747729516734965,1.0497569001954734,1.0481290031906361,0.01,1.0585196101439969,1.0785891330868336,0.07801881648937925,112.0799208723105,112,1
12,0.25,0.25,27500,0.0001,199,4,53.75,20,2.6875,1,11,0.0003450621968213996,0.077724429223046815,0.18701723493551098,1.0497569001954734,1.0481290031906361,0.01,1.0585196101439969,1.0785891330868336,0.07801881648937925,112.0799208723105,112,1
12,0.25,0.25,27500,0.0001,200,4,54,20,2.7000000000000002,1,11,0.00034513270018610154,0.077759912236527673,0.18647224284328029,1.0497569001954734,1.0481290031906361,0.01,1.0585196101439969,1.0785891330868336,0.07801881648937925,112.0799208723105,112,1
12,0.25,0.25,27500,1.0000000000000001e-05,0,40,40,40,1,1,40,0.046806446546994396,1.0785891330868336,1.0785891330868336,1.0497569001954734,1.0481290031906361,0.01,1.0585196101439969,1.0785891330868336,0.07801881648937925,199.30941556602147,199,1
12,0.25,0.25,27500,1.0000000000000001e-05,1,40,40.25,40,1.0062500000000001,1,40,0.033652859587762429,0.9928945819698004,21.76870408726959,1.0497569001954734,1.0481290031906361,0.01,1.0585196101439969,1.0785891330868336,0.07801881648937925,199.30941556602147,199,1
12,0.25,0.25,27500,1.0000000000000001e-05,2,40,40.5,40,1.0125,1,40,0.026524287220845544,0.92569681217774247,10.923361451879485,1.0497569001954734,1.0481290031906361,0.01,1.0585196101439969,1.0785891330868336,0.07801881648937925,199.30941556602147,199,1
12,0.25,0.25,27500,1.0000000000000001e-05,4,40,41,40,1.0249999999999999,1,40,0.015324492209032536,0.78176707133065348,5.5006901341844321,1.0497569001954734,1.0481290031906361,0.01,1.0585196101439969,1.0785891330868336,0.07801881648937925,199.30941556602147,199,1
12,0.25,0.25,27500,1.0000000000000001e-05,8,22,24,40,0.59999999999999998,1,22,0.0046746216703026366,0.53505310085404378,2.7893544753369057,1.0497569001954734,1.0481290031906361,0.01,1.0585196101439969,1.0785891330868336,0.07801881648937925,199.30941556602147,199,1
12,0.25,0.25,27500,1.0000000000000001e-05,15,20,23.75,40,0.59375,1,20,0.0012778834377367154,0.26419392659823682,1.52406450120806,1.0497569001954734,1.0481290031906361,0.01,1.0585196101439969,1.0785891330868336,0.07801881648937925,199.30941556602147,199,1
12,0.25,0.25,27500,1.0000000000000001e-05,16,20,24,40,0.59999999999999998,1,20,0.001067097614237511,0.23312815024478514,1.4336866459131423,1.0497569001954734,1.0481290031906361,0.01,1.0585196101439969,1.0785891330868336,0.07801881648937925,199.30941556602147,199,1
12,0.25,0.25,27500,1.0000000000000001e-05,17,20,24.25,40,0.60624999999999996,1,20,0.00088374286971593108,0.20384949037477007,1.3539414794764504,1.0497569001954734,1.0481290031906361,0.01,1.0585196101439969,1.0785891330868336,0.07801881648937925,199.30941556602147,199,1
12,0.25,0.25,27500,1.0000000000000001e-05,31,7,14.75,40,0.36875000000000002,1,7,0.00031670413360329608,0.061663513698579586,0.77771834135325701,1.0497569001954734,1.0481290031906361,0.01,1.0585196101439969,1.0785891330868336,0.07801881648937925,199.30941556602147,199,1
12,0.25,0.25,27500,1.0000000000000001e-05,32,7,15,40,0.375,1,7,0.00031891507339343317,0.061773474539350837,0.75585273120126084,1.0497569001954734,1.0481290031906361,0.01,1.0585196101439969,1.0785891330868336,0.07801881648937925,199.30941556602147,199,1
12,0.25,0.25,27500,1.0000000000000001e-05,33,7,15.25,40,0.38124999999999998,1,7,0.0003206460702748215,0.06181152072379871,0.73531230954332505,1.0497569001954734,1.0481290031906361,0.01,1.0585196101439969,1.0785891330868336,0.07801881648937925,199.30941556602147,199,1
12,0.25,0.25,27500,1.0000000000000001e-05,63,12,27.75,40,0.69374999999999998,1,12,0.00034809140430924757,0.079338896197631847,0.42231540808906515,1.0497569001954734,1.0481290031906361,0.01,1.0585196101439969,1.0785891330868336,0.07801881648937925,199.30941556602147,199,1
12,0.25,0.25,27500,1.0000000000000001e-05,64,11,27,40,0.67500000000000004,1,11,0.00034491197562436238,0.077811221189100416,0.41693577384532005,1.0497569001954734,1.0481290031906361,0.01,1.0585196101439969,1.0785891330868336,0.07801881648937925,199.30941556602147,199,1
12,0.25,0.25,27500,1.0000000000000001e-05,112,11,39,40,0.97499999999999998,1,11,0.00034154630571203715,0.075944619513964556,0.27168564926420258,1.0497569001954734,1.0481290031906361,0.01,1.0585196101439969,1.0785891330868336,0.07801881648937925,199.30941556602147,199,1
12,0.25,0.25,27500,1.0000000000000001e-05,113,11,39.25,40,0.98124999999999996,1,11,0.00034144129091473463,0.075889609054587179,0.26997178348743422,1.0497569001954734,1.0481290031906361,0.01,1.0585196101439969,1.0785891330868336,0.07801881648937925,199.30941556602147,199,1
12,0.25,0.25,27500,1.0000000000000001e-05,128,12,44,40,1.1000000000000001,1,12,0.00034718253684951073,0.078783711019072597,0.24747729516734965,1.0497569001954734,1.0481290031906361,0.01,1.0585196101439969,1.0785891330868336,0.07801881648937925,199.30941556602147,199,1
12,0.25,0.25,27500,1.0000000000000001e-05,199,11,60.75,40,1.51875,1,11,0.0003450621968213996,0.077724429223046815,0.18701723493551098,1.0497569001954734,1.0481290031906361,0.01,1.0585196101439969,1.0785891330868336,0.07801881648937925,199.30941556602147,199,1
12,0.25,0.25,27500,1.0000000000000001e-05,200,11,61,40,1.5249999999999999,1,11,0.00034513270018610154,0.077759912236527673,0.18647224284328029,1.0497569001954734,1.0481290031906361,0.01,1.0585196101439969,1.0785891330868336,0.07801881648937925,199.30941556602147,199,1
13,0.25,0.25,27500,0.001,0,14,14,14,1,1,40,0.046806446546994396,1.0785891330868336,1.0785891330868336,1.0682853764961344,1.0481290031906361,0.01,1.0905178591632785,1.0785891330868336,0.077727171227896144,64.253144876646118,64,1
13,0.25,0.25,27500,0.001,1,14,14.25,14,1.0178571428571428,1,40,0.034282020272879521,0.99539455009163746,22.620452515738148,1.0682853764961344,1.0481290031906361,0.01,1.0905178591632785,1.0785891330868336,0.077727171227896144,64.253144876646118,64,1
13,0.25,0.25,27500,0.001,2,14,14.5,14,1.0357142857142858,1,40,0.027188546089164989,0.92864968187358421,11.349089843483021,1.0682853764961344,1.0481290031906361,0.01,1.0905178591632785,1.0785891330868336,0.077727171227896144,64.253144876646118,64,1
13,0.25,0.25,27500,0.001,4,13,14,14,1,1,40,0.015749542446916176,0.78309955328785485,5.7134085073554592,1.0682853764961344,1.0481290031906361,0.01,1.0905178591632785,1.0785891330868336,0.077727171227896144,64.253144876646118,64,1
13,0.25,0.25,27500,0.001,8,11,13,14,0.9285714285714286,1,22,0.0046721542317659237,0.52492732732155745,2.8955678392916777,1.0682853764961344,1.0481290031906361,0.01,1.0905178591632785,1.0785891330868336,0.077727171227896144,64.253144876646118,64,1
13,0.25,0.25,27500,0.001,15,1,4.75,14,0.3392857142857143,1,20,0.001124339536635266,0.23452660056547717,1.5805755275285798,1.0682853764961344,1.0481290031906361,0.01,1.0905178591632785,1.0785891330868336,0.077727171227896144,64.253144876646118,64,1
13,0.25,0.25,27500,0.001,16,0,4,14,0.2857142857142857,1,19,0.00094004393604674163,0.20251356091714656,1.4866475052597869,1.0682853764961344,1.0481290031906361,0.01,1.0905178591632785,1.0785891330868336,0.077727171227896144,64.253144876646118,64,1
13,0.25,0.25,27500,0.001,17,0,4.25,14,0.30357142857142855,1,19,0.00078691371656125497,0.17295301703465826,1.4037698385520287,1.0682853764961344,1.0481290031906361,0.01,1.0905178591632785,1.0785891330868336,0.077727171227896144,64.253144876646118,64,1
13,0.25,0.25,27500,0.001,31,0,7.75,14,0.5535714285714286,1,15,0.00045081866440299656,0.10630528084329459,0.80491185976048496,1.0682853764961344,1.0481290031906361,0.01,1.0905178591632785,1.0785891330868336,0.077727171227896144,64.253144876646118,64,1
13,0.25,0.25,27500,0.001,32,0,8,14,0.5714285714285714,1,15,0.0004518608450849726,0.10645203580041385,0.78218733824384157,1.0682853764961344,1.0481290031906361,0.01,1.0905178591632785,1.0785891330868336,0.077727171227896144,64.253144876646118,64,1
13,0.25,0.25,27500,0.001,33,0,8.25,14,0.5892857142857143,1,15,0.0004514012463122663,0.10574515508536567,0.76084006045547958,1.0682853764961344,1.0481290031906361,0.01,1.0905178591632785,1.0785891330868336,0.077727171227896144,64.253144876646118,64,1
13,0.25,0.25,27500,0.001,64,0,16,14,1.1428571428571428,1,10,0.00039564079741472025,0.077188993485031693,0.42995725473586882,1.0682853764961344,1.0481290031906361,0.01,1.0905178591632785,1.0785891330868336,0.077727171227896144,64.253144876646118,64,1
13,0.25,0.25,27500,0.001,65,0,16.25,14,1.1607142857142858,1,10,0.00039742417844090827,0.077874347320615975,0.42453833037420768,1.0682853764961344,1.0481290031906361,0.01,1.0905178591632785,1.0785891330868336,0.077727171227896144,64.253144876646118,64,1
13,0.25,0.25,27500,0.001,114,0,28.5,14,2.0357142857142856,1,10,0.00039828668609132034,0.078399649271215635,0.27547037600430185,1.0682853764961344,1.0481290031906361,0.01,1.0905178591632785,1.0785891330868336,0.077727171227896144,64.253144876646118,64,1
13,0.25,0.25,27500,0.001,115,0,28.75,14,2.0535714285714284,1,10,0.00039825025057071972,0.07839266679461207,0.27375086987581138,1.0682853764961344,1.0481290031906361,0.01,1.0905178591632785,1.0785891330868336,0.077727171227896144,64.253144876646118,64,1
13,0.25,0.25,27500,0.001,128,0,32,14,2.2857142857142856,1,10,0.00039709622496231223,0.07762738492992384,0.25384221298188248,1.0682853764961344,1.0481290031906361,0.01,1.0905178591632785,1.0785891330868336,0.077727171227896144,64.253144876646118,64,1
13,0.25,0.25,27500,0.001,203,0,50.75,14,3.625,1,10,0.00039735127264550751,0.077804841045479869,0.18877507932893187,1.0682853764961344,1.0481290031906361,0.01,1.0905178591632785,1.0785891330868336,0.077727171227896144,64.253144876646118,64,1
13,0.25,0.25,27500,0.001,204,0,51,14,3.6428571428571428,1,10,0.00039732446338569538,0.077790120973419682,0.18823072683824052,1.0682853764961344,1.0481290031906361,0.01,1.0905178591632785,1.0785891330868336,0.077727171227896144,64.253144876646118,64,1
13,0.25,0.25,27500,0.0001,0,20,20,20,1,1,40,0.046806446546994396,1.0785891330868336,1.0785891330868336,1.0682853764961344,1.0481290031906361,0.01,1.0905178591632785,1.0785891330868336,0.077727171227896144,114.2600445643877,114,1
13,0.25,0.25,27500,0.0001,1,20,20.25,20,1.0125,1,40,0.034282020272879521,0.99539455009163746,22.620452515738148,1.0682853764961344,1.0481290031906361,0.01,1.0905178591632785,1.0785891330868336,0.077727171227896144,114.2600445643877,114,1
13,0.25,0.25,27500,0.0001,2,20,20.5,20,1.0249999999999999,1,40,0.027188546089164989,0.92864968187358421,11.349089843483021,1.0682853764961344,1.0481290031906361,0.01,1.0905178591632785,1.0785891330868336,0.077727171227896144,114.2600445643877,114,1
13,0.25,0.25,27500,0.0001,4,19,20,20,1,1,40,0.015749542446916176,0.78309955328785485,5.7134085073554592,1.0682853764961344,1.0481290031906361,0.01,1.0905178591632785,1.0785891330868336,0.077727171227896144,114.2600445643877,114,1
13,0.25,0.25,27500,0.0001,8,18,20,20,1,1,22,0.0046721542317659237,0.52492732732155745,2.8955678392916777,1.0682853764961344,1.0481290031906361,0.01,1.0905178591632785,1.0785891330868336,0.077727171227896144,114.2600445643877,114,1
13,0.25,0.25,27500,0.0001,15,14,17.75,20,0.88749999999999996,1,20,0.001124339536635266,0.23452660056547717,1.5805755275285798,1.0682853764961344,1.0481290031906361,0.01,1.0905178591632785,1.0785891330868336,0.077727171227896144,114.2600445643877,114,1
13,0.25,0.25,27500,0.0001,16,12,16,20,0.80000000000000004,1,19,0.00094004393604674163,0.20251356091714656,1.4866475052597869,1.0682853764961344,1.0481290031906361,0.01,1.0905178591632785,1.0785891330868336,0.077727171227896144,114.2600445643877,114,1
13,0.25,0.25,27500,0.0001,17,11,15.25,20,0.76249999999999996,1,19,0.00078691371656125497,0.17295301703465826,1.4037698385520287,1.0682853764961344,1.0481290031906361,0.01,1.0905178591632785,1.0785891330868336,0.077727171227896144,114.2600445643877,114,1
13,0.25,0.25,27500,0.0001,31,6,13.75,20,0.6875,1,15,0.00045081866440299656,0.10630528084329459,0.80491185976048496,1.0682853764961344,1.0481290031906361,0.01,1.0905178591632785,1.0785891330868336,0.077727171227896144,114.2600445643877,114,1
13,0.25,0.25,27500,0.0001,32,6,14,20,0.69999999999999996,1,15,0.0004518608450849726,0.10645203580041385,0.78218733824384157,1.0682853764961344,1.0481290031906361,0.01,1.0905178591632785,1.0785891330868336,0.077727171227896144,114.2600445643877,114,1
13,0.25,0.25,27500,0.0001,33,6,14.25,20,0.71250000000000002,1,15,0.0004514012463122663,0.10574515508536567,0.76084006045547958,1.0682853764961344,1.0481290031906361,0.01,1.0905178591632785,1.0785891330868336,0.077727171227896144,114.2600445643877,114,1
13,0.25,0.25,27500,0.0001,64,4,20,20,1,1,10,0.00039564079741472025,0.077188993485031693,0.42995725473586882,1.0682853764961344,1.0481290031906361,0.01,1.0905178591632785,1.0785891330868336,0.077727171227896144,114.2600445643877,114,1
13,0.25,0.25,27500,0.0001,65,4,20.25,20,1.0125,1,10,0.00039742417844090827,0.077874347320615975,0.42453833037420768,1.0682853764961344,1.0481290031906361,0.01,1.0905178591632785,1.0785891330868336,0.077727171227896144,114.2600445643877,114,1
13,0.25,0.25,27500,0.0001,114,4,32.5,20,1.625,1,10,0.00039828668609132034,0.078399649271215635,0.27547037600430185,1.0682853764961344,1.0481290031906361,0.01,1.0905178591632785,1.0785891330868336,0.077727171227896144,114.2600445643877,114,1
13,0.25,0.25,27500,0.0001,115,4,32.75,20,1.6375,1,10,0.00039825025057071972,0.07839266679461207,0.27375086987581138,1.0682853764961344,1.0481290031906361,0.01,1.0905178591632785,1.0785891330868336,0.077727171227896144,114.2600445643877,114,1
13,0.25,0.25,27500,0.0001,128,4,36,20,1.8,1,10,0.00039709622496231223,0.07762738492992384,0.25384221298188248,1.0682853764961344,1.0481290031906361,0.01,1.0905178591632785,1.0785891330868336,0.077727171227896144,114.2600445643877,114,1
13,0.25,0.25,27500,0.0001,203,4,54.75,20,2.7374999999999998,1,10,0.00039735127264550751,0.077804841045479869,0.18877507932893187,1.0682853764961344,1.0481290031906361,0.01,1.0905178591632785,1.0785891330868336,0.077727171227896144,114.2600445643877,114,1
13,0.25,0.25,27500,0.0001,204,4,55,20,2.75,1,10,0.00039732446338569538,0.077790120973419682,0.18823072683824052,1.0682853764961344,1.0481290031906361,0.01,1.0905178591632785,1.0785891330868336,0.077727171227896144,114.2600445643877,114,1
13,0.25,0.25,27500,1.0000000000000001e-05,0,40,40,40,1,1,40,0.046806446546994396,1.0785891330868336,1.0785891330868336,1.0682853764961344,1.0481290031906361,0.01,1.0905178591632785,1.0785891330868336,0.077727171227896144,203.1862846389804,203,1
13,0.25,0.25,27500,1.0000000000000001e-05,1,40,40.25,40,1.0062500000000001,1,40,0.034282020272879521,0.99539455009163746,22.620452515738148,1.0682853764961344,1.0481290031906361,0.01,1.0905178591632785,1.0785891330868336,0.077727171227896144,203.1862846389804,203,1
13,0.25,0.25,27500,1.0000000000000001e-05,2,40,40.5,40,1.0125,1,40,0.027188546089164989,0.92864968187358421,11.349089843483021,1.0682853764961344,1.0481290031906361,0.01,1.0905178591632785,1.0785891330868336,0.077727171227896144,203.1862846389804,203,1
13,0.25,0.25,27500,1.0000000000000001e-05,4,40,41,40,1.0249999999999999,1,40,0.015749542446916176,0.78309955328785485,5.7134085073554592,1.0682853764961344,1.0481290031906361,0.01,1.0905178591632785,1.0785891330868336,0.077727171227896144,203.1862846389804,203,1
13,0.25,0.25,27500,1.0000000000000001e-05,8,22,24,40,0.59999999999999998,1,22,0.0046721542317659237,0.52492732732155745,2.8955678392916777,1.0682853764961344,1.0481290031906361,0.01,1.0905178591632785,1.0785891330868336,0.077727171227896144,203.1862846389804,203,1
13,0.25,0.25,27500,1.0000000000000001e-05,15,20,23.75,40,0.59375,1,20,0.001124339536635266,0.23452660056547717,1.5805755275285798,1.0682853764961344,1.0481290031906361,0.01,1.0905178591632785,1.0785891330868336,0.077727171227896144,203.1862846389804,203,1
13,0.25,0.25,27500,1.0000000000000001e-05,16,19,23,40,0.57499999999999996,1,19,0.00094004393604674163,0.20251356091714656,1.4866475052597869,1.0682853764961344,1.0481290031906361,0.01,1.0905178591632785,1.0785891330868336,0.077727171227896144,203.1862846389804,203,1
13,0.25,0.25,27500,1.0000000000000001e-05,17,19,23.25,40,0.58125000000000004,1,19,0.00078691371656125497,0.17295301703465826,1.4037698385520287,1.0682853764961344,1.0481290031906361,0.01,1.0905178591632785,1.0785891330868336,0.077727171227896144,203.1862846389804,203,1
13,0.25,0.25,27500,1.0000000000000001e-05,31,15,22.75,40,0.56874999999999998,1,15,0.00045081866440299656,0.10630528084329459,0.80491185976048496,1.0682853764961344,1.0481290031906361,0.01,1.0905178591632785,1.0785891330868336,0.077727171227896144,203.1862846389804,203,1
13,0.25,0.25,27500,1.0000000000000001e-05,32,15,23,40,0.57499999999999996,1,15,0.0004518608450849726,0.10645203580041385,0.78218733824384157,1.0682853764961344,1.0481290031906361,0.01,1.0905178591632785,1.0785891330868336,0.077727171227896144,203.1862846389804,203,1
13,0.25,0.25,27500,1.0000000000000001e-05,33,15,23.25,40,0.58125000000000004,1,15,0.0004514012463122663,0.10574515508536567,0.76084006045547958,1.0682853764961344,1.0481290031906361,0.01,1.0905178591632785,1.0785891330868336,0.077727171227896144,203.1862846389804,203,1
13,0.25,0.25,27500,1.0000000000000001e-05,64,10,26,40,0.65000000000000002,1,10,0.00039564079741472025,0.077188993485031693,0.42995725473586882,1.0682853764961344,1.0481290031906361,0.01,1.0905178591632785,1.0785891330868336,0.077727171227896144,203.1862846389804,203,1
13,0.25,0.25,27500,1.0000000000000001e-05,65,10,26.25,40,0.65625,1,10,0.00039742417844090827,0.077874347320615975,0.42453833037420768,1.0682853764961344,1.0481290031906361,0.01,1.0905178591632785,1.0785891330868336,0.077727171227896144,203.1862846389804,203,1
13,0.25,0.25,27500,1.0000000000000001e-05,114,10,38.5,40,0.96250000000000002,1,10,0.00039828668609132034,0.078399649271215635,0.27547037600430185,1.0682853764961344,1.0481290031906361,0.01,1.0905178591632785,1.0785891330868336,0.077727171227896144,203.1862846389804,203,1
13,0.25,0.25,27500,1.0000000000000001e-05,115,10,38.75,40,0.96875,1,10,0.00039825025057071972,0.07839266679461207,0.27375086987581138,1.0682853764961344,1.0481290031906361,0.01,1.0905178591632785,1.0785891330868336,0.077727171227896144,203.1862846389804,203,1
13,0.25,0.25,27500,1.0000000000000001e-05,128,10,42,40,1.05,1,10,0.00039709622496231223,0.07762738492992384,0.25384221298188248,1.0682853764961344,1.0481290031906361,0.01,1.0905178591632785,1.0785891330868336,0.077727171227896144,203.1862846389804,203,1
13,0.25,0.25,27500,1.0000000000000001e-05,203,10,60.75,40,1.51875,1,10,0.00039735127264550751,0.077804841045479869,0.18877507932893187,1.0682853764961344,1.0481290031906361,0.01,1.0905178591632785,1.0785891330868336,0.077727171227896144,203.1862846389804,203,1
13,0.25,0.25,27500,1.0000000000000001e-05,204,10,61,40,1.5249999999999999,1,10,0.00039732446338569538,0.077790120973419682,0.18823072683824052,1.0682853764961344,1.0481290031906361,0.01,1.0905178591632785,1.0785891330868336,0.077727171227896144,203.1862846389804,203,1
